2026-10-06T17:02:28.184724+00:00 [MainThread] thread="MainThread" event="session.start" platform="Windows-10-10.0.19045-SP0" python="3.12.6 (tags/v3.12.6:a4a2d2b, Sep  6 2024, 20:11:23) [MSC v.1940 64 bit (AMD64)]" bitness=64 executable="C:\\Users\\79528\\PYCHAR~1\\PYTHON~2\\Legalyze\\test2\\TestLegalUniversal_v23\\build\\Legalyze_1.0.5\\python.exe" cwd="C:\\Users\\79528\\PycharmProjects\\PythonProject1\\Legalyze\\test2\\TestLegalUniversal_v23\\build\\Legalyze_1.0.5" frozen=false nuitka_compiled=true release_revision="universal-embedded-v23" packages={"PyQt6": "6.11.0", "PyQt6-Qt6": "6.11.1", "requests": "2.34.2", "websocket-client": "1.9.0", "cryptography": "50.0.0", … windows_build="sys.getwindowsversion(major=10, minor=0, build=19045, platform=2, service_pack='')" modes={"LEGALYZE_DISABLE_GPU": null, "LEGALYZE_EXTERNAL_BROWSER": null, "LEGALYZE_FRESH_PROFILE": null, "LEGALYZE_LOG_OFF": nu…
2026-10-06T17:02:28.185723+00:00 [SystemInventory] thread="SystemInventory" event="windows.privilege" elevated=false remote_session=false proxy_variables_present=[]
2026-10-06T17:02:29.030725+00:00 [MainThread] thread="MainThread" event="bt.trace.installed" dir="C:\\Users\\79528\\AppData\\Roaming\\Legalyze\\logs\\20261006-200228-15208-ac7829" version="browser-trace-1" python="3.12.6" platform="win32"
2026-10-06T17:02:29.048725+00:00 [MainThread] thread="MainThread" event="stage.begin" name="main"
2026-10-06T17:02:29.054740+00:00 [MainThread] thread="MainThread" event="storage.paths" app_dir="C:\\Users\\79528\\AppData\\Roaming\\Legalyze" data_dir="C:\\Users\\79528\\AppData\\Roaming\\Legalyze\\data" profile="C:\\Users\\79528\\AppData\\Roaming\\Legalyze\\qtwebengine-profile" logs="C:\\Users\\79528\\AppData\\Roaming\\Legalyze\\logs\\20261006-200228-15208-ac7829"
2026-10-06T17:02:29.054740+00:00 [MainThread] thread="MainThread" event="stage.begin" name="load_config"
2026-10-06T17:02:29.054740+00:00 [MainThread] thread="MainThread" event="stage.begin" name="ensure_dirs"
2026-10-06T17:02:29.055725+00:00 [MainThread] thread="MainThread" event="stage.end" name="ensure_dirs" seconds=0.0
2026-10-06T17:02:29.056725+00:00 [MainThread] thread="MainThread" event="stage.end" name="load_config" seconds=0.0
2026-10-06T17:02:29.056725+00:00 [MainThread] thread="MainThread" event="stage.begin" name="ensure_dirs"
2026-10-06T17:02:29.057725+00:00 [MainThread] thread="MainThread" event="stage.end" name="ensure_dirs" seconds=0.0
2026-10-06T17:02:29.115725+00:00 [MainThread] thread="MainThread" event="qt.start" qt="6.11.0" pyqt="6.11.0" platform="windows" style="windowsvista"
2026-10-06T17:02:29.115725+00:00 [MainThread] thread="MainThread" event="qt.screen_count" screens=1 primary="HDMI"
2026-10-06T17:02:29.116724+00:00 [MainThread] thread="MainThread" event="qt.screen" geometry=[0, 0, 2560, 1440] available=[0, 0, 2560, 1400] dpi=96.0 dpr=1.0
2026-10-06T17:02:29.118725+00:00 [MainThread] thread="MainThread" event="stage.begin" name="LoginWindow.__init__"
2026-10-06T17:02:29.398724+00:00 [MainThread] thread="MainThread" event="stage.begin" name="generate_hwid"
2026-10-06T17:02:29.398724+00:00 [MainThread] thread="MainThread" event="hwid.command.begin" executable="wmic"
2026-10-06T17:02:29.626725+00:00 [MainThread] thread="MainThread" event="hwid.command.end" executable="wmic" returncode=0 has_output=true
2026-10-06T17:02:29.626725+00:00 [MainThread] thread="MainThread" event="hwid.command.begin" executable="wmic"
2026-10-06T17:02:29.918724+00:00 [SystemInventory] thread="SystemInventory" event="windows.inventory" data="{\r\n    \"GPU\":  [\r\n                {\r\n                    \"Name\":  \"Parsec Virtual Display Adapter\",\r\n    …
2026-10-06T17:02:29.925724+00:00 [MainThread] thread="MainThread" event="hwid.command.end" executable="wmic" returncode=0 has_output=true
2026-10-06T17:02:29.925724+00:00 [MainThread] thread="MainThread" event="stage.end" name="generate_hwid" seconds=0.516
2026-10-06T17:02:30.123725+00:00 [MainThread] thread="MainThread" event="stage.end" name="LoginWindow.__init__" seconds=1.0
2026-10-06T17:02:31.157724+00:00 [MainThread] thread="MainThread" event="stage.begin" name="_do_login"
2026-10-06T17:02:31.159725+00:00 [MainThread] thread="MainThread" event="stage.begin" name="AuthWorker.__init__"
2026-10-06T17:02:31.159725+00:00 [MainThread] thread="MainThread" event="stage.end" name="AuthWorker.__init__" seconds=0.0
2026-10-06T17:02:31.159725+00:00 [MainThread] thread="MainThread" event="stage.end" name="_do_login" seconds=0.0
2026-10-06T17:02:31.160724+00:00 [Dummy-7] thread="Dummy-7" event="http.begin" method="post" host="legalyzeai.ru" path="/api/client/auth"
2026-10-06T17:02:32.051724+00:00 [Dummy-7] thread="Dummy-7" event="http.end" method="post" host="legalyzeai.ru" path="/api/client/auth" status=200 seconds=0.891
2026-10-06T17:02:32.052724+00:00 [MainThread] thread="MainThread" event="stage.begin" name="LoginWindow._on_auth"
2026-10-06T17:02:32.052724+00:00 [MainThread] thread="MainThread" event="auth.result" success=true
2026-10-06T17:02:32.052724+00:00 [MainThread] thread="MainThread" event="stage.begin" name="generate_hwid"
2026-10-06T17:02:32.052724+00:00 [MainThread] thread="MainThread" event="hwid.command.begin" executable="wmic"
2026-10-06T17:02:32.198724+00:00 [MainThread] thread="MainThread" event="hwid.command.end" executable="wmic" returncode=0 has_output=true
2026-10-06T17:02:32.199726+00:00 [MainThread] thread="MainThread" event="hwid.command.begin" executable="wmic"
2026-10-06T17:02:32.382725+00:00 [MainThread] thread="MainThread" event="hwid.command.end" executable="wmic" returncode=0 has_output=true
2026-10-06T17:02:32.382725+00:00 [MainThread] thread="MainThread" event="stage.end" name="generate_hwid" seconds=0.344
2026-10-06T17:02:32.493723+00:00 [MainThread] thread="MainThread" event="stage.begin" name="ensure_dirs"
2026-10-06T17:02:32.494724+00:00 [MainThread] thread="MainThread" event="stage.end" name="ensure_dirs" seconds=0.0
2026-10-06T17:02:32.496725+00:00 [MainThread] thread="MainThread" event="stage.begin" name="ensure_dirs"
2026-10-06T17:02:32.497726+00:00 [MainThread] thread="MainThread" event="stage.end" name="ensure_dirs" seconds=0.0
2026-10-06T17:02:32.509724+00:00 [MainThread] thread="MainThread" event="stage.end" name="LoginWindow._on_auth" seconds=0.469
2026-10-06T17:02:32.509724+00:00 [MainThread] thread="MainThread" event="auth.accepted"
2026-10-06T17:02:32.509724+00:00 [MainThread] thread="MainThread" event="stage.begin" name="_enforce_latest_version"
2026-10-06T17:02:32.509724+00:00 [MainThread] thread="MainThread" event="stage.begin" name="check_for_update"
2026-10-06T17:02:32.509724+00:00 [MainThread] thread="MainThread" event="http.begin" method="get" host="legalyzeai.ru" path="/api/client/update"
2026-10-06T17:02:33.041723+00:00 [MainThread] thread="MainThread" event="http.end" method="get" host="legalyzeai.ru" path="/api/client/update" status=200 seconds=0.531
2026-10-06T17:02:33.042724+00:00 [MainThread] thread="MainThread" event="stage.end" name="check_for_update" seconds=0.531
2026-10-06T17:02:33.043723+00:00 [MainThread] thread="MainThread" event="stage.end" name="_enforce_latest_version" seconds=0.531
2026-10-06T17:02:33.043723+00:00 [MainThread] thread="MainThread" event="stage.begin" name="MainWindow.__init__"
2026-10-06T17:02:33.045724+00:00 [MainThread] thread="MainThread" event="stage.begin" name="HotkeyChip.__init__"
2026-10-06T17:02:33.046724+00:00 [MainThread] thread="MainThread" event="stage.end" name="HotkeyChip.__init__" seconds=0.0
2026-10-06T17:02:33.047726+00:00 [MainThread] thread="MainThread" event="stage.begin" name="HotkeyChip.__init__"
2026-10-06T17:02:33.047726+00:00 [MainThread] thread="MainThread" event="stage.end" name="HotkeyChip.__init__" seconds=0.0
2026-10-06T17:02:33.049725+00:00 [MainThread] thread="MainThread" event="stage.begin" name="LoadingOverlay.__init__"
2026-10-06T17:02:33.050725+00:00 [MainThread] thread="MainThread" event="stage.end" name="LoadingOverlay.__init__" seconds=0.0
2026-10-06T17:02:33.055724+00:00 [MainThread] thread="MainThread" event="stage.begin" name="MainWindow._register_hotkeys"
2026-10-06T17:02:33.227723+00:00 [MainThread] thread="MainThread" event="hotkeys.configured" toggle="Num-" mic="Num+" suppressed=true
2026-10-06T17:02:33.227723+00:00 [MainThread] thread="MainThread" event="stage.end" name="MainWindow._register_hotkeys" seconds=0.172
2026-10-06T17:02:33.227723+00:00 [MainThread] thread="MainThread" event="stage.begin" name="BalanceWorker.__init__"
2026-10-06T17:02:33.227723+00:00 [MainThread] thread="MainThread" event="stage.end" name="BalanceWorker.__init__" seconds=0.0
2026-10-06T17:02:33.228723+00:00 [MainThread] thread="MainThread" event="stage.end" name="MainWindow.__init__" seconds=0.188
2026-10-06T17:02:33.228723+00:00 [MainThread] thread="MainThread" event="main.geometry" geometry=[2091, 332, 453, 735] available=[0, 0, 2560, 1400] dpr=1.0 visible=false hwnd=16385704 screens=1
2026-10-06T17:02:33.962725+00:00 [Dummy-12] thread="Dummy-12" event="http.begin" method="get" host="legalyzeai.ru" path="/api/client/queries"
2026-10-06T17:02:33.963725+00:00 [MainThread] thread="MainThread" event="bt.window.show" was_hidden=false args="{'win_visible': True, 'win_min': False, 'win_geo': [2091, 332, 453, 735], 'dpr': 1.0, 'cover': False, 'settling': False…
2026-10-06T17:02:33.963725+00:00 [MainThread] thread="MainThread" event="bt.watch.skip" tag="show" reason="no-native-window"
2026-10-06T17:02:33.977725+00:00 [MainThread] thread="MainThread" event="main.snapshot" visible=true minimized=false geometry=[2091, 332, 453, 735] dpr=1.0 chrome_hwnd=null worker_running=false chromium_exit=null overlay_visible=true page_verdict=null native_mode=false chat_ready=false cover_visible=false settling=false
2026-10-06T17:02:33.978724+00:00 [MainThread] thread="MainThread" event="main.shown" visible=true geometry=[2091, 332, 453, 735]
2026-10-06T17:02:33.980724+00:00 [MainThread] thread="MainThread" event="stage.begin" name="_sync_template_from_server"
2026-10-06T17:02:33.980724+00:00 [MainThread] thread="MainThread" event="stage.begin" name="TemplateSyncWorker.__init__"
2026-10-06T17:02:33.980724+00:00 [MainThread] thread="MainThread" event="stage.end" name="TemplateSyncWorker.__init__" seconds=0.0
2026-10-06T17:02:33.980724+00:00 [MainThread] thread="MainThread" event="stage.end" name="_sync_template_from_server" seconds=0.0
2026-10-06T17:02:33.983724+00:00 [Dummy-13] thread="Dummy-13" event="http.begin" method="get" host="legalyzeai.ru" path="/api/client/template"
2026-10-06T17:02:34.593726+00:00 [Dummy-13] thread="Dummy-13" event="http.end" method="get" host="legalyzeai.ru" path="/api/client/template" status=200 seconds=0.609
2026-10-06T17:02:34.604726+00:00 [Dummy-12] thread="Dummy-12" event="http.end" method="get" host="legalyzeai.ru" path="/api/client/queries" status=200 seconds=0.641
2026-10-06T17:02:34.604726+00:00 [MainThread] thread="MainThread" event="stage.begin" name="MainWindow._on_balance"
2026-10-06T17:02:34.604726+00:00 [MainThread] thread="MainThread" event="balance.result" success=true allowed=true
2026-10-06T17:02:34.604726+00:00 [MainThread] thread="MainThread" event="stage.end" name="MainWindow._on_balance" seconds=0.0
2026-10-06T17:02:34.663724+00:00 [MainThread] thread="MainThread" event="stage.begin" name="_start_chrome"
2026-10-06T17:02:34.670723+00:00 [MainThread] thread="MainThread" event="browser.discovered" count=2 candidates=[{"name": "chrome", "kind": "chrome", "path": "C:\\Program Files\\Google\\Chrome\\Application\\chrome.exe", "rank": 2}, …
2026-10-06T17:02:34.679724+00:00 [MainThread] thread="MainThread" event="browser.discovered" count=2 candidates=[{"name": "chrome", "kind": "chrome", "path": "C:\\Program Files\\Google\\Chrome\\Application\\chrome.exe", "rank": 2}, …
2026-10-06T17:02:34.679724+00:00 [MainThread] thread="MainThread" event="browser.try" name="chrome" kind="chrome" attempt=1 gpu=true
2026-10-06T17:02:34.689724+00:00 [MainThread] thread="MainThread" event="browser.zoom_prefs" level=-2.223901 files=["C:\\Users\\79528\\AppData\\Roaming\\Legalyze\\browser-profile\\Default\\Preferences", "C:\\Users\\79528\\AppData\\Roam…
2026-10-06T17:02:34.699728+00:00 [MainThread] thread="MainThread" event="browser.permissions" files=["C:\\Users\\79528\\AppData\\Roaming\\Legalyze\\browser-profile\\Default\\Preferences", "C:\\Users\\79528\\AppData\\Roam…
2026-10-06T17:02:34.708724+00:00 [MainThread] thread="MainThread" event="browser.locale_prefs" lang="ru-RU" accept="ru-RU,ru;q=0.9,en-US;q=0.8,en;q=0.7" files=["C:\\Users\\79528\\AppData\\Roaming\\Legalyze\\browser-profile\\Default\\Preferences", "C:\\Users\\79528\\AppData\\Roam…
2026-10-06T17:02:34.708724+00:00 [MainThread] thread="MainThread" event="env.contract" release="universal-embedded-v23" exe="C:\\Program Files\\Google\\Chrome\\Application\\chrome.exe" exe_bytes=4496024 exe_mtime=1790821002.9 kind="chrome" port=32142 profile="C:\\Users\\79528\\AppData\\Roaming\\Legalyze\\browser-profile" url="https://google.com/ai" attempt=0 gpu=true width=453 height=735 lang="ru-RU" light_theme=true zoom=0.666667 zoom_level=-2.223901086 switches=["--remote-debugging-port=32142", "--remote-debugging-address=127.0.0.1", "--user-data-dir=C:\\Users\\79528\\AppData\\Ro… switches_count=24 disabled_features=["SystemTitlebar", "CaptionButtons", "Translate", "OptimizationHints", "MediaRouter", "GlobalMediaControls", "DialMediaR… force_light_features=["WebContentsForceDark", "DarkMode"]
2026-10-06T17:02:34.709726+00:00 [MainThread] thread="MainThread" event="browser.binary" path="C:\\Program Files\\Google\\Chrome\\Application\\chrome.exe" bytes=4496024 mtime=1790821002.9
2026-10-06T17:02:34.711725+00:00 [MainThread] thread="MainThread" event="browser.prefs_verified" file="C:\\Users\\79528\\AppData\\Roaming\\Legalyze\\browser-profile\\Default\\Preferences" drift=[] zoom_level=-2.223901 accept_languages="ru-RU,ru;q=0.9,en-US;q=0.8,en;q=0.7" mic_hosts=15
2026-10-06T17:02:34.711725+00:00 [MainThread] thread="MainThread" event="browser.prefs_verified" file="C:\\Users\\79528\\AppData\\Roaming\\Legalyze\\browser-profile\\Preferences" drift=[] zoom_level=-2.223901 accept_languages="ru-RU,ru;q=0.9,en-US;q=0.8,en;q=0.7" mic_hosts=15
2026-10-06T17:02:34.711725+00:00 [MainThread] thread="MainThread" event="browser.launch" exe="C:\\Program Files\\Google\\Chrome\\Application\\chrome.exe" kind="chrome" port=32142 profile="C:\\Users\\79528\\AppData\\Roaming\\Legalyze\\browser-profile" gpu=true width=453 height=735 attempt=0
2026-10-06T17:02:34.722725+00:00 [MainThread] thread="MainThread" event="browser.spawned" port=32142
2026-10-06T17:02:34.723724+00:00 [MainThread] thread="MainThread" event="stage.end" name="_start_chrome" seconds=0.047
2026-10-06T17:02:35.718725+00:00 [MainThread] thread="MainThread" event="browser.target_chosen" pages=["https://www.google.com/search?udm=50&aep=11"] chosen="https://www.google.com/search?udm=50&aep=11" wall_only=false
2026-10-06T17:02:35.719726+00:00 [MainThread] thread="MainThread" event="browser.devtools" browser="Chrome/154.0.8037.97" url="https://www.google.com/search?udm=50&aep=11"
2026-10-06T17:02:36.058724+00:00 [MainThread] thread="MainThread" event="win32.find_window" wanted=[7524, 11068, 14800, 17232, 20976, 21712, 24308, 25732] found=526152 windows=[{"hwnd": 330266, "pid": 17232, "visible": false, "rect": [0, 0, 0, 0], "style": 2348810240, "exstyle": 128, "parent": 0…
2026-10-06T17:02:36.058724+00:00 [MainThread] thread="MainThread" event="trace.begin" name="NativeHost._embed" args=2 kwargs=0
2026-10-06T17:02:36.061728+00:00 [MainThread] thread="MainThread" event="win32.hide_window" hwnd=526152 was_visible=true visible=false error=0
2026-10-06T17:02:36.062724+00:00 [MainThread] thread="MainThread" event="embed.before" child={"hwnd": 526152, "pid": 21712, "visible": false, "rect": [-8192, -8192, -7739, -7457], "style": 114229248, "exstyle": 25… host={"hwnd": 657136, "pid": 15208, "visible": true, "rect": [2091, 332, 2544, 1067], "style": 1442840576, "exstyle": 0, "par…
2026-10-06T17:02:36.065725+00:00 [MainThread] thread="MainThread" event="win32.style" hwnd=526152 index=-16 previous=114229248 new=1442840576 error=0
2026-10-06T17:02:36.075727+00:00 [MainThread] thread="MainThread" event="embed.SetParent" error=0 actual=657136 expected=657136
2026-10-06T17:02:36.076726+00:00 [MainThread] thread="MainThread" event="win32.style" hwnd=526152 index=-20 previous=0 new=128 error=0
2026-10-06T17:02:36.079724+00:00 [MainThread] thread="MainThread" event="win32.sync" hwnd=526152 wanted=[-10, -24, 453, 735] ok=true error=0 actual={"hwnd": 526152, "pid": 21712, "visible": true, "rect": [2081, 308, 2534, 1043], "style": 1442840576, "exstyle": 128, "p…
2026-10-06T17:02:36.082727+00:00 [MainThread] thread="MainThread" event="embed.after" child={"hwnd": 526152, "pid": 21712, "visible": true, "rect": [2081, 308, 2534, 1043], "style": 1442840576, "exstyle": 128, "p… cover=591608
2026-10-06T17:02:36.084726+00:00 [MainThread] thread="MainThread" event="win32.sync" hwnd=526152 wanted=[-10, -24, 453, 735] ok=true error=0 actual={"hwnd": 526152, "pid": 21712, "visible": true, "rect": [2081, 308, 2534, 1043], "style": 1442840576, "exstyle": 128, "p…
2026-10-06T17:02:36.084726+00:00 [MainThread] thread="MainThread" event="trace.begin" name="NativeHost.hide_taskbar" args=1 kwargs=0
2026-10-06T17:02:36.196726+00:00 [MainThread] thread="MainThread" event="win32.taskbar_hidden" hwnd=526152 style=true delete_tab=false
2026-10-06T17:02:36.206725+00:00 [MainThread] thread="MainThread" event="trace.end" name="NativeHost.hide_taskbar" seconds=0.125
2026-10-06T17:02:36.207726+00:00 [MainThread] thread="MainThread" event="browser.embedded" hwnd=526152 parent=657136 port=32142 exe="C:\\Program Files\\Google\\Chrome\\Application\\chrome.exe" kind="chrome" inset=[-10, -24, 10, 24]
2026-10-06T17:02:36.207726+00:00 [MainThread] thread="MainThread" event="stage.begin" name="_on_browser_ready"
2026-10-06T17:02:36.207726+00:00 [MainThread] thread="MainThread" event="trace.begin" name="_on_browser_ready" args=2 kwargs=0
2026-10-06T17:02:36.207726+00:00 [MainThread] thread="MainThread" event="browser.ready" port=32142 hwnd=526152
2026-10-06T17:02:36.222727+00:00 [MainThread] thread="MainThread" event="browser.mode" engine="external_chrome" exe="C:\\Program Files\\Google\\Chrome\\Application\\chrome.exe" kind="chrome" port=32142 hwnd=526152 zoom=0.667 inset=[-10, -24, 10, 24] dx=-10 dy=-24 light_theme=true lang="ru-RU" placeholder=[453, 735] dpr=1.0 screens=1 url="https://google.com/ai"
2026-10-06T17:02:36.223726+00:00 [MainThread] thread="MainThread" event="state.set" key="browser.mode" value="external_chrome"
2026-10-06T17:02:36.229728+00:00 [Dummy-14] thread="Dummy-14" event="trace.begin" name="ChromeWorker.run" args=1 kwargs=0
2026-10-06T17:02:36.229728+00:00 [Dummy-14] thread="Dummy-14" event="stage.begin" name="attach_chrome"
2026-10-06T17:02:36.237727+00:00 [MainThread] thread="MainThread" event="win32.sync" hwnd=526152 wanted=[-10, -24, 453, 735] ok=true error=0 actual={"hwnd": 526152, "pid": 21712, "visible": true, "rect": [2081, 308, 2534, 1043], "style": 1442840576, "exstyle": 128, "p…
2026-10-06T17:02:36.238726+00:00 [MainThread] thread="MainThread" event="trace.end" name="_on_browser_ready" seconds=0.032
2026-10-06T17:02:36.238726+00:00 [MainThread] thread="MainThread" event="stage.end" name="_on_browser_ready" seconds=0.032
2026-10-06T17:02:36.238726+00:00 [MainThread] thread="MainThread" event="trace.end" name="NativeHost._embed" seconds=0.172
2026-10-06T17:02:36.454725+00:00 [Dummy-14] thread="Dummy-14" event="browser.target_chosen" pages=["https://www.google.com/search?udm=50&aep=11"] chosen="https://www.google.com/search?udm=50&aep=11" wall_only=false
2026-10-06T17:02:36.454725+00:00 [Dummy-14] thread="Dummy-14" event="cdp.discovered" browser="Chrome/154.0.8037.97" protocol="1.3" pages=1
2026-10-06T17:02:36.454725+00:00 [Dummy-14] thread="Dummy-14" event="stage.begin" name="CDP.__init__"
2026-10-06T17:02:36.475726+00:00 [Dummy-14] thread="Dummy-14" event="stage.end" name="CDP.__init__" seconds=0.032
2026-10-06T17:02:36.475726+00:00 [Dummy-14] thread="Dummy-14" event="stage.begin" name="CDP.__init__"
2026-10-06T17:02:36.490726+00:00 [Dummy-14] thread="Dummy-14" event="stage.end" name="CDP.__init__" seconds=0.0
2026-10-06T17:02:36.491731+00:00 [Dummy-14] thread="Dummy-14" event="stage.end" name="attach_chrome" seconds=0.265
2026-10-06T17:02:36.491731+00:00 [Dummy-14] thread="Dummy-14" event="cdp.send" method="Page.enable" timeout=5 params=[]
2026-10-06T17:02:36.503725+00:00 [Dummy-14] thread="Dummy-14" event="cdp.result" method="Page.enable" seconds=0.0 keys=[]
2026-10-06T17:02:36.503725+00:00 [Dummy-14] thread="Dummy-14" event="cdp.send" method="Page.addScriptToEvaluateOnNewDocument" timeout=5 params=["source"]
2026-10-06T17:02:36.508726+00:00 [Dummy-14] thread="Dummy-14" event="cdp.result" method="Page.addScriptToEvaluateOnNewDocument" seconds=0.016 keys=["identifier"]
2026-10-06T17:02:36.508726+00:00 [Dummy-14] thread="Dummy-14" event="cdp.send" method="Runtime.evaluate" timeout=5 params=["awaitPromise", "expression", "generatePreview", "returnByValue", "userGesture"]
2026-10-06T17:02:36.516724+00:00 [Dummy-14] thread="Dummy-14" event="cdp.result" method="Runtime.evaluate" seconds=0.0 keys=["result"]
2026-10-06T17:02:36.516724+00:00 [Dummy-14] thread="Dummy-14" event="browser.consent_installed"
2026-10-06T17:02:36.516724+00:00 [Dummy-14] thread="Dummy-14" event="cdp.send" method="Runtime.evaluate" timeout=5 params=["awaitPromise", "expression", "generatePreview", "returnByValue", "userGesture"]
2026-10-06T17:02:36.523726+00:00 [Dummy-14] thread="Dummy-14" event="cdp.result" method="Runtime.evaluate" seconds=0.015 keys=["result"]
2026-10-06T17:02:36.523726+00:00 [Dummy-14] thread="Dummy-14" event="cdp.send" method="Target.getBrowserContexts" timeout=5 params=[]
2026-10-06T17:02:36.531725+00:00 [Dummy-14] thread="Dummy-14" event="cdp.result" method="Target.getBrowserContexts" seconds=0.0 keys=["browserContextIds", "defaultBrowserContextId"]
2026-10-06T17:02:36.531725+00:00 [Dummy-14] thread="Dummy-14" event="cdp.send" method="Browser.grantPermissions" timeout=5 params=["origin", "permissions"]
2026-10-06T17:02:36.533726+00:00 [Dummy-14] thread="Dummy-14" event="cdp.result" method="Browser.grantPermissions" seconds=0.0 keys=[]
2026-10-06T17:02:36.534728+00:00 [Dummy-14] thread="Dummy-14" event="cdp.send" method="Browser.grantPermissions" timeout=5 params=["origin", "permissions"]
2026-10-06T17:02:36.537727+00:00 [Dummy-14] thread="Dummy-14" event="cdp.result" method="Browser.grantPermissions" seconds=0.0 keys=[]
2026-10-06T17:02:36.537727+00:00 [Dummy-14] thread="Dummy-14" event="cdp.send" method="Browser.grantPermissions" timeout=5 params=["origin", "permissions"]
2026-10-06T17:02:36.539726+00:00 [Dummy-14] thread="Dummy-14" event="cdp.result" method="Browser.grantPermissions" seconds=0.016 keys=[]
2026-10-06T17:02:36.539726+00:00 [Dummy-14] thread="Dummy-14" event="cdp.send" method="Browser.grantPermissions" timeout=5 params=["origin", "permissions"]
2026-10-06T17:02:36.540725+00:00 [Dummy-14] thread="Dummy-14" event="cdp.result" method="Browser.grantPermissions" seconds=0.0 keys=[]
2026-10-06T17:02:36.540725+00:00 [Dummy-14] thread="Dummy-14" event="cdp.send" method="Runtime.evaluate" timeout=3 params=["awaitPromise", "expression", "generatePreview", "returnByValue", "userGesture"]
2026-10-06T17:02:36.550725+00:00 [Dummy-14] thread="Dummy-14" event="cdp.result" method="Runtime.evaluate" seconds=0.0 keys=["result"]
2026-10-06T17:02:36.551725+00:00 [Dummy-14] thread="Dummy-14" event="page.surface" verdict="ai_mode" ready="complete" composer=4 files=0 chips=0 dark=false bg="rgb(255, 255, 255)" scheme="normal" account=false pending=44 bodyChildren=52 lang="ru-RU" host="www.google.com" path="/search"
2026-10-06T17:02:36.551725+00:00 [Dummy-14] thread="Dummy-14" event="page.theme_probe" bg="rgb(255, 255, 255)" scheme="normal" dark=false verdict="ai_mode"
2026-10-06T17:02:36.551725+00:00 [Dummy-14] thread="Dummy-14" event="page.wait" round=1 left=90.0 verdict="ai_mode" ready="complete" composer=4 stable=1 pending=44
2026-10-06T17:02:36.632725+00:00 [MainThread] thread="MainThread" event="trace.begin" name="NativeHost.hide_taskbar" args=1 kwargs=0
2026-10-06T17:02:36.765723+00:00 [MainThread] thread="MainThread" event="win32.taskbar_hidden" hwnd=526152 style=true delete_tab=false
2026-10-06T17:02:36.769724+00:00 [MainThread] thread="MainThread" event="trace.end" name="NativeHost.hide_taskbar" seconds=0.125
2026-10-06T17:02:36.771724+00:00 [MainThread] thread="MainThread" event="win32.sync" hwnd=526152 wanted=[-10, -24, 453, 735] ok=true error=0 actual={"hwnd": 526152, "pid": 21712, "visible": true, "rect": [2081, 308, 2534, 1043], "style": 1442840576, "exstyle": 128, "p…
2026-10-06T17:02:37.007724+00:00 [MainThread] thread="MainThread" event="trace.begin" name="NativeHost.hide_taskbar" args=1 kwargs=0
2026-10-06T17:02:37.068725+00:00 [Dummy-14] thread="Dummy-14" event="cdp.send" method="Runtime.evaluate" timeout=3 params=["awaitPromise", "expression", "generatePreview", "returnByValue", "userGesture"]
2026-10-06T17:02:37.119725+00:00 [Dummy-14] thread="Dummy-14" event="cdp.result" method="Runtime.evaluate" seconds=0.062 keys=["result"]
2026-10-06T17:02:37.120726+00:00 [Dummy-14] thread="Dummy-14" event="page.theme_probe" bg="rgb(255, 255, 255)" scheme="normal" dark=false verdict="ai_mode"
2026-10-06T17:02:37.120726+00:00 [Dummy-14] thread="Dummy-14" event="page.ready" rounds=2 verdict="ai_mode" theme_repairs=0
2026-10-06T17:02:37.122725+00:00 [Dummy-14] thread="Dummy-14" event="state.set" key="page.verdict" value="ai_mode"
2026-10-06T17:02:37.122725+00:00 [Dummy-14] thread="Dummy-14" event="state.set" key="page.ready" value=true
2026-10-06T17:02:37.122725+00:00 [Dummy-14] thread="Dummy-14" event="state.set" key="page.blocked" value=""
2026-10-06T17:02:37.122725+00:00 [Dummy-14] thread="Dummy-14" event="cdp.send" method="Page.addScriptToEvaluateOnNewDocument" timeout=5 params=["source"]
2026-10-06T17:02:37.124725+00:00 [Dummy-14] thread="Dummy-14" event="cdp.result" method="Page.addScriptToEvaluateOnNewDocument" seconds=0.0 keys=["identifier"]
2026-10-06T17:02:37.124725+00:00 [Dummy-14] thread="Dummy-14" event="cdp.send" method="Page.addScriptToEvaluateOnNewDocument" timeout=5 params=["source"]
2026-10-06T17:02:37.125724+00:00 [Dummy-14] thread="Dummy-14" event="cdp.result" method="Page.addScriptToEvaluateOnNewDocument" seconds=0.0 keys=["identifier"]
2026-10-06T17:02:37.125724+00:00 [Dummy-14] thread="Dummy-14" event="cdp.send" method="Page.addScriptToEvaluateOnNewDocument" timeout=5 params=["source"]
2026-10-06T17:02:37.126724+00:00 [Dummy-14] thread="Dummy-14" event="cdp.result" method="Page.addScriptToEvaluateOnNewDocument" seconds=0.0 keys=["identifier"]
2026-10-06T17:02:37.126724+00:00 [Dummy-14] thread="Dummy-14" event="cdp.send" method="Page.addScriptToEvaluateOnNewDocument" timeout=5 params=["source"]
2026-10-06T17:02:37.127725+00:00 [Dummy-14] thread="Dummy-14" event="cdp.result" method="Page.addScriptToEvaluateOnNewDocument" seconds=0.0 keys=["identifier"]
2026-10-06T17:02:37.127725+00:00 [Dummy-14] thread="Dummy-14" event="cdp.send" method="Page.addScriptToEvaluateOnNewDocument" timeout=5 params=["source"]
2026-10-06T17:02:37.127725+00:00 [Dummy-14] thread="Dummy-14" event="cdp.result" method="Page.addScriptToEvaluateOnNewDocument" seconds=0.0 keys=["identifier"]
2026-10-06T17:02:37.127725+00:00 [Dummy-14] thread="Dummy-14" event="cdp.send" method="Page.enable" timeout=5 params=[]
2026-10-06T17:02:37.128725+00:00 [Dummy-14] thread="Dummy-14" event="cdp.result" method="Page.enable" seconds=0.0 keys=[]
2026-10-06T17:02:37.128725+00:00 [Dummy-14] thread="Dummy-14" event="cdp.send" method="Emulation.setLocaleOverride" timeout=4 params=["locale"]
2026-10-06T17:02:37.132726+00:00 [Dummy-14] thread="Dummy-14" event="cdp.result" method="Emulation.setLocaleOverride" seconds=0.016 keys=[]
2026-10-06T17:02:37.132726+00:00 [Dummy-14] thread="Dummy-14" event="cdp.send" method="Emulation.setAutoDarkModeOverride" timeout=4 params=["enabled"]
2026-10-06T17:02:37.132726+00:00 [Dummy-14] thread="Dummy-14" event="cdp.result" method="Emulation.setAutoDarkModeOverride" seconds=0.0 keys=[]
2026-10-06T17:02:37.132726+00:00 [Dummy-14] thread="Dummy-14" event="cdp.send" method="Emulation.setEmulatedMedia" timeout=4 params=["features"]
2026-10-06T17:02:37.133727+00:00 [Dummy-14] thread="Dummy-14" event="cdp.result" method="Emulation.setEmulatedMedia" seconds=0.0 keys=[]
2026-10-06T17:02:37.133727+00:00 [Dummy-14] thread="Dummy-14" event="page.language_theme" locale="ru-RU" auto_dark=false color_scheme="light"
2026-10-06T17:02:37.133727+00:00 [Dummy-14] thread="Dummy-14" event="cdp.send" method="Runtime.evaluate" timeout=5 params=["awaitPromise", "expression", "generatePreview", "returnByValue", "userGesture"]
2026-10-06T17:02:37.134726+00:00 [Dummy-14] thread="Dummy-14" event="cdp.result" method="Runtime.evaluate" seconds=0.0 keys=["result"]
2026-10-06T17:02:37.134726+00:00 [Dummy-14] thread="Dummy-14" event="cdp.send" method="Runtime.evaluate" timeout=5 params=["awaitPromise", "expression", "generatePreview", "returnByValue", "userGesture"]
2026-10-06T17:02:37.135727+00:00 [Dummy-14] thread="Dummy-14" event="cdp.result" method="Runtime.evaluate" seconds=0.0 keys=["result"]
2026-10-06T17:02:37.135727+00:00 [Dummy-14] thread="Dummy-14" event="cdp.send" method="Runtime.evaluate" timeout=5 params=["awaitPromise", "expression", "generatePreview", "returnByValue", "userGesture"]
2026-10-06T17:02:37.166724+00:00 [Dummy-14] thread="Dummy-14" event="cdp.result" method="Runtime.evaluate" seconds=0.031 keys=["result"]
2026-10-06T17:02:37.166724+00:00 [Dummy-14] thread="Dummy-14" event="cdp.send" method="Runtime.evaluate" timeout=5 params=["awaitPromise", "expression", "generatePreview", "returnByValue", "userGesture"]
2026-10-06T17:02:37.167726+00:00 [Dummy-14] thread="Dummy-14" event="cdp.result" method="Runtime.evaluate" seconds=0.0 keys=["result"]
2026-10-06T17:02:37.167726+00:00 [Dummy-14] thread="Dummy-14" event="cdp.send" method="Runtime.evaluate" timeout=5 params=["awaitPromise", "expression", "generatePreview", "returnByValue", "userGesture"]
2026-10-06T17:02:37.173725+00:00 [Dummy-14] thread="Dummy-14" event="cdp.result" method="Runtime.evaluate" seconds=0.0 keys=["result"]
2026-10-06T17:02:37.173725+00:00 [Dummy-14] thread="Dummy-14" event="cdp.send" method="Runtime.evaluate" timeout=3 params=["awaitPromise", "expression", "generatePreview", "returnByValue", "userGesture"]
2026-10-06T17:02:37.181725+00:00 [Dummy-14] thread="Dummy-14" event="cdp.result" method="Runtime.evaluate" seconds=0.016 keys=["result"]
2026-10-06T17:02:37.181725+00:00 [Dummy-14] thread="Dummy-14" event="browser.zoom" source="native" ok=true css=[658, 1091] logical=[439, 728] physical=[439, 728] zoom=0.6672 overflow=0 innerWidth=658 innerHeight=1047 dpr=0.6666666865348816 scrollWidth=636
2026-10-06T17:02:37.181725+00:00 [Dummy-14] thread="Dummy-14" event="webengine.zoom_applied" source="native" logical=[439, 728] physical=[439, 728]
2026-10-06T17:02:37.181725+00:00 [Dummy-14] thread="Dummy-14" event="cdp.send" method="Runtime.evaluate" timeout=5 params=["awaitPromise", "expression", "generatePreview", "returnByValue", "userGesture"]
2026-10-06T17:02:37.182725+00:00 [Dummy-14] thread="Dummy-14" event="cdp.result" method="Runtime.evaluate" seconds=0.0 keys=["result"]
2026-10-06T17:02:37.183726+00:00 [Dummy-14] thread="Dummy-14" event="cdp.send" method="Target.getBrowserContexts" timeout=5 params=[]
2026-10-06T17:02:37.183726+00:00 [Dummy-14] thread="Dummy-14" event="cdp.result" method="Target.getBrowserContexts" seconds=0.0 keys=["browserContextIds", "defaultBrowserContextId"]
2026-10-06T17:02:37.183726+00:00 [Dummy-14] thread="Dummy-14" event="cdp.send" method="Browser.grantPermissions" timeout=5 params=["origin", "permissions"]
2026-10-06T17:02:37.184727+00:00 [Dummy-14] thread="Dummy-14" event="cdp.result" method="Browser.grantPermissions" seconds=0.0 keys=[]
2026-10-06T17:02:37.184727+00:00 [Dummy-14] thread="Dummy-14" event="cdp.send" method="Browser.grantPermissions" timeout=5 params=["origin", "permissions"]
2026-10-06T17:02:37.185725+00:00 [Dummy-14] thread="Dummy-14" event="cdp.result" method="Browser.grantPermissions" seconds=0.0 keys=[]
2026-10-06T17:02:37.185725+00:00 [Dummy-14] thread="Dummy-14" event="cdp.send" method="Browser.grantPermissions" timeout=5 params=["origin", "permissions"]
2026-10-06T17:02:37.186726+00:00 [Dummy-14] thread="Dummy-14" event="cdp.result" method="Browser.grantPermissions" seconds=0.0 keys=[]
2026-10-06T17:02:37.186726+00:00 [Dummy-14] thread="Dummy-14" event="cdp.send" method="Browser.grantPermissions" timeout=5 params=["origin", "permissions"]
2026-10-06T17:02:37.187726+00:00 [Dummy-14] thread="Dummy-14" event="cdp.result" method="Browser.grantPermissions" seconds=0.0 keys=[]
2026-10-06T17:02:37.187726+00:00 [Dummy-14] thread="Dummy-14" event="cdp.send" method="Browser.setPermission" timeout=5 params=["origin", "permission", "setting"]
2026-10-06T17:02:37.188726+00:00 [Dummy-14] thread="Dummy-14" event="cdp.protocol_error" method="Browser.setPermission" code=-32602 text="Invalid PermissionDescriptor name: audioCapture" params=["origin", "permission", "setting"]
2026-10-06T17:02:37.189728+00:00 [Dummy-14] thread="Dummy-14" event="exception" where="CDP.send:Browser.setPermission" occurrence=1 type="RuntimeError" errno=null winerror=null frames=[{"file": "main.py", "line": 661, "function": "send"}]
2026-10-06T17:02:37.189728+00:00 [Dummy-14] thread="Dummy-14" event="browser.set_permission_unsupported"
2026-10-06T17:02:37.190725+00:00 [Dummy-14] thread="Dummy-14" event="exception" where="native_browser.set_permission" occurrence=1 type="RuntimeError" errno=null winerror=null frames=[{"file": "native_browser.py", "line": 1198, "function": "grant_microphone"}, {"file": "main.py", "line": 661, "function…
2026-10-06T17:02:37.190725+00:00 [Dummy-14] thread="Dummy-14" event="cdp.send" method="Runtime.evaluate" timeout=5 params=["awaitPromise", "expression", "generatePreview", "returnByValue", "userGesture"]
2026-10-06T17:02:37.192726+00:00 [Dummy-14] thread="Dummy-14" event="cdp.result" method="Runtime.evaluate" seconds=0.0 keys=["result"]
2026-10-06T17:02:37.193725+00:00 [Dummy-14] thread="Dummy-14" event="browser.mic_granted" origins=["https://gemini.google.com", "https://google.com", "https://www.google.com", "https://aistudio.google.com"] context=false state="granted" set_permission_used=false
2026-10-06T17:02:37.193725+00:00 [Dummy-14] thread="Dummy-14" event="webengine.chat_ready" ready=true verdict="ai_mode" blocked="" rounds=2 theme_repairs=0
2026-10-06T17:02:37.193725+00:00 [Dummy-14] thread="Dummy-14" event="trace.end" name="ChromeWorker.run" seconds=0.953
2026-10-06T17:02:37.243727+00:00 [MainThread] thread="MainThread" event="win32.taskbar_hidden" hwnd=526152 style=true delete_tab=false
2026-10-06T17:02:37.246725+00:00 [MainThread] thread="MainThread" event="trace.end" name="NativeHost.hide_taskbar" seconds=0.234
2026-10-06T17:02:37.247724+00:00 [MainThread] thread="MainThread" event="stage.begin" name="MainWindow._on_hwnd"
2026-10-06T17:02:37.247724+00:00 [MainThread] thread="MainThread" event="trace.begin" name="MainWindow._on_hwnd" args=2 kwargs=0
2026-10-06T17:02:37.248726+00:00 [MainThread] thread="MainThread" event="cdp.send" method="Runtime.evaluate" timeout=5 params=["awaitPromise", "expression", "generatePreview", "returnByValue", "userGesture"]
2026-10-06T17:02:37.249724+00:00 [MainThread] thread="MainThread" event="cdp.result" method="Runtime.evaluate" seconds=0.0 keys=["result"]
2026-10-06T17:02:37.249724+00:00 [MainThread] thread="MainThread" event="browser.speech_surface" sr=true gum=true perm=true lang="ru-RU" langs="ru-RU,ru;q=0.9,en-US;q=0.8,en;q=0.7"
2026-10-06T17:02:37.251725+00:00 [MainThread] thread="MainThread" event="bt.chat.ready" verdict="ai_mode" blocked="" args="{'win_visible': True, 'win_min': False, 'win_geo': [2091, 332, 453, 735], 'dpr': 1.0, 'cover': True, 'settling': False,…
2026-10-06T17:02:37.252724+00:00 [PageSnapshot] thread="PageSnapshot" event="cdp.send" method="Runtime.evaluate" timeout=3 params=["awaitPromise", "expression", "generatePreview", "returnByValue", "userGesture"]
2026-10-06T17:02:37.255725+00:00 [MainThread] thread="MainThread" event="stage.begin" name="PromptLoaderWorker.__init__"
2026-10-06T17:02:37.255725+00:00 [MainThread] thread="MainThread" event="stage.end" name="PromptLoaderWorker.__init__" seconds=0.0
2026-10-06T17:02:37.255725+00:00 [MainThread] thread="MainThread" event="trace.end" name="MainWindow._on_hwnd" seconds=0.0
2026-10-06T17:02:37.255725+00:00 [MainThread] thread="MainThread" event="stage.end" name="MainWindow._on_hwnd" seconds=0.0
2026-10-06T17:02:37.270724+00:00 [PageSnapshot] thread="PageSnapshot" event="cdp.result" method="Runtime.evaluate" seconds=0.016 keys=["result"]
2026-10-06T17:02:37.272725+00:00 [Dummy-15] thread="Dummy-15" event="http.begin" method="head" host="legalyzeai.ru" path="/api/client/prompts"
2026-10-06T17:02:37.274724+00:00 [PageSnapshot] thread="PageSnapshot" event="cdp.send" method="Runtime.evaluate" timeout=4 params=["awaitPromise", "expression", "generatePreview", "returnByValue", "userGesture"]
2026-10-06T17:02:37.324723+00:00 [PageSnapshot] thread="PageSnapshot" event="cdp.result" method="Runtime.evaluate" seconds=0.047 keys=["result"]
2026-10-06T17:02:37.337723+00:00 [PageSnapshot] thread="PageSnapshot" event="cdp.send" method="Runtime.evaluate" timeout=0.6 params=["awaitPromise", "expression", "generatePreview", "returnByValue", "userGesture"]
2026-10-06T17:02:37.338726+00:00 [PageSnapshot] thread="PageSnapshot" event="cdp.result" method="Runtime.evaluate" seconds=0.0 keys=["result"]
2026-10-06T17:02:37.338726+00:00 [PageSnapshot] thread="PageSnapshot" event="cdp.send" method="Runtime.evaluate" timeout=5 params=["awaitPromise", "expression", "generatePreview", "returnByValue", "userGesture"]
2026-10-06T17:02:37.357725+00:00 [PageSnapshot] thread="PageSnapshot" event="cdp.result" method="Runtime.evaluate" seconds=0.016 keys=["result"]
2026-10-06T17:02:37.407724+00:00 [MainThread] thread="MainThread" event="trace.begin" name="NativeHost.hide_taskbar" args=1 kwargs=0
2026-10-06T17:02:37.536726+00:00 [MainThread] thread="MainThread" event="win32.taskbar_hidden" hwnd=526152 style=true delete_tab=false
2026-10-06T17:02:37.557726+00:00 [MainThread] thread="MainThread" event="trace.end" name="NativeHost.hide_taskbar" seconds=0.157
2026-10-06T17:02:37.558726+00:00 [MainThread] thread="MainThread" event="win32.sync" hwnd=526152 wanted=[-10, -24, 453, 735] ok=true error=0 actual={"hwnd": 526152, "pid": 21712, "visible": true, "rect": [2081, 308, 2534, 1043], "style": 1442840576, "exstyle": 128, "p…
2026-10-06T17:02:37.707724+00:00 [MainThread] thread="MainThread" event="trace.begin" name="NativeHost.hide_taskbar" args=1 kwargs=0
2026-10-06T17:02:37.853724+00:00 [MainThread] thread="MainThread" event="win32.taskbar_hidden" hwnd=526152 style=true delete_tab=false
2026-10-06T17:02:37.857725+00:00 [MainThread] thread="MainThread" event="trace.end" name="NativeHost.hide_taskbar" seconds=0.157
2026-10-06T17:02:37.860725+00:00 [Dummy-15] thread="Dummy-15" event="http.end" method="head" host="legalyzeai.ru" path="/api/client/prompts" status=200 seconds=0.579
2026-10-06T17:02:37.873725+00:00 [Dummy-15] thread="Dummy-15" event="stage.begin" name="generate_hwid"
2026-10-06T17:02:37.873725+00:00 [Dummy-15] thread="Dummy-15" event="hwid.command.begin" executable="wmic"
2026-10-06T17:02:37.996725+00:00 [MainThread] thread="MainThread" event="win32.sync" hwnd=526152 wanted=[-10, -24, 453, 735] ok=true error=0 actual={"hwnd": 526152, "pid": 21712, "visible": true, "rect": [2081, 308, 2534, 1043], "style": 1442840576, "exstyle": 128, "p…
2026-10-06T17:02:37.998724+00:00 [MainThread] thread="MainThread" event="win32.sync" hwnd=526152 wanted=[-10, -24, 453, 735] ok=true error=0 actual={"hwnd": 526152, "pid": 21712, "visible": true, "rect": [2081, 308, 2534, 1043], "style": 1442840576, "exstyle": 128, "p…
2026-10-06T17:02:38.029726+00:00 [Dummy-15] thread="Dummy-15" event="hwid.command.end" executable="wmic" returncode=0 has_output=true
2026-10-06T17:02:38.029726+00:00 [Dummy-15] thread="Dummy-15" event="hwid.command.begin" executable="wmic"
2026-10-06T17:02:38.233762+00:00 [Dummy-15] thread="Dummy-15" event="hwid.command.end" executable="wmic" returncode=0 has_output=true
2026-10-06T17:02:38.234762+00:00 [Dummy-15] thread="Dummy-15" event="stage.end" name="generate_hwid" seconds=0.36
2026-10-06T17:02:38.393763+00:00 [MainThread] thread="MainThread" event="prompt.prepared" success=true
2026-10-06T17:02:38.393763+00:00 [MainThread] thread="MainThread" event="stage.begin" name="UploadThread.__init__"
2026-10-06T17:02:38.393763+00:00 [MainThread] thread="MainThread" event="stage.end" name="UploadThread.__init__" seconds=0.0
2026-10-06T17:02:38.395763+00:00 [Dummy-20] thread="Dummy-20" event="cdp.send" method="Runtime.evaluate" timeout=2 params=["awaitPromise", "expression", "generatePreview", "returnByValue", "userGesture"]
2026-10-06T17:02:38.397761+00:00 [Dummy-20] thread="Dummy-20" event="cdp.result" method="Runtime.evaluate" seconds=0.015 keys=["result"]
2026-10-06T17:02:38.398764+00:00 [Dummy-20] thread="Dummy-20" event="upload.state" present=0 uploading=false probe_ok=true pdf_exists=true template_exists=true attempts_failed=0
2026-10-06T17:02:38.398764+00:00 [Dummy-20] thread="Dummy-20" event="cdp.send" method="Runtime.evaluate" timeout=2 params=["awaitPromise", "expression", "generatePreview", "returnByValue", "userGesture"]
2026-10-06T17:02:38.399764+00:00 [Dummy-20] thread="Dummy-20" event="cdp.result" method="Runtime.evaluate" seconds=0.0 keys=["result"]
2026-10-06T17:02:38.399764+00:00 [Dummy-20] thread="Dummy-20" event="page.probe" category="google" ready="complete" bodyChildren=55 fileInputs=0 editors=2 frames=0 documentFocused=false activeEditable=true activeReadOnly=false activeDisabled=false
2026-10-06T17:02:38.553762+00:00 [Dummy-20] thread="Dummy-20" event="cdp.send" method="Runtime.evaluate" timeout=2 params=["awaitPromise", "expression", "generatePreview", "returnByValue", "userGesture"]
2026-10-06T17:02:38.554762+00:00 [Dummy-20] thread="Dummy-20" event="cdp.result" method="Runtime.evaluate" seconds=0.0 keys=["result"]
2026-10-06T17:02:38.564762+00:00 [Dummy-20] thread="Dummy-20" event="cdp.send" method="Runtime.evaluate" timeout=10 params=["awaitPromise", "expression", "generatePreview", "returnByValue", "userGesture"]
2026-10-06T17:02:38.692762+00:00 [MainThread] thread="MainThread" event="win32.sync" hwnd=526152 wanted=[-10, -24, 453, 735] ok=true error=0 actual={"hwnd": 526152, "pid": 21712, "visible": true, "rect": [2081, 308, 2534, 1043], "style": 1442840576, "exstyle": 128, "p…
2026-10-06T17:02:38.701760+00:00 [MainThread] thread="MainThread" event="trace.begin" name="NativeHost.hide_taskbar" args=1 kwargs=0
2026-10-06T17:02:38.703763+00:00 [Dummy-20] thread="Dummy-20" event="cdp.result" method="Runtime.evaluate" seconds=0.14 keys=["result"]
2026-10-06T17:02:38.704761+00:00 [Dummy-20] thread="Dummy-20" event="upload.attempt" kind="pdf" injected=true bytes=1900700 ms=140 empty_rounds=1 fails=0 name="Memphis.pdf"
2026-10-06T17:02:38.711762+00:00 [Dummy-20] thread="Dummy-20" event="cdp.send" method="Runtime.evaluate" timeout=3 params=["awaitPromise", "expression", "generatePreview", "returnByValue", "userGesture"]
2026-10-06T17:02:38.782763+00:00 [Dummy-20] thread="Dummy-20" event="cdp.result" method="Runtime.evaluate" seconds=0.062 keys=["result"]
2026-10-06T17:02:38.821765+00:00 [MainThread] thread="MainThread" event="win32.taskbar_hidden" hwnd=526152 style=true delete_tab=false
2026-10-06T17:02:38.833761+00:00 [MainThread] thread="MainThread" event="trace.end" name="NativeHost.hide_taskbar" seconds=0.125
2026-10-06T17:02:38.975760+00:00 [MainThread] thread="MainThread" event="main.snapshot" visible=true minimized=false geometry=[2091, 332, 453, 735] dpr=1.0 chrome_hwnd=526152 worker_running=false chromium_exit=null overlay_visible=false page_verdict="ai_mode" native_mode=true chat_ready=true cover_visible=false settling=false
2026-10-06T17:02:39.084760+00:00 [Dummy-20] thread="Dummy-20" event="cdp.send" method="Runtime.evaluate" timeout=2 params=["awaitPromise", "expression", "generatePreview", "returnByValue", "userGesture"]
2026-10-06T17:02:39.085760+00:00 [Dummy-20] thread="Dummy-20" event="cdp.result" method="Runtime.evaluate" seconds=0.016 keys=["result"]
2026-10-06T17:02:39.086282+00:00 [Dummy-20] thread="Dummy-20" event="cdp.send" method="Runtime.evaluate" timeout=10 params=["awaitPromise", "expression", "generatePreview", "returnByValue", "userGesture"]
2026-10-06T17:02:39.104276+00:00 [Dummy-20] thread="Dummy-20" event="cdp.result" method="Runtime.evaluate" seconds=0.016 keys=["result"]
2026-10-06T17:02:39.104276+00:00 [Dummy-20] thread="Dummy-20" event="upload.attempt" kind="template" injected=true bytes=155 ms=32 empty_rounds=1 fails=0 name="Шаблон.txt"
2026-10-06T17:02:39.105276+00:00 [Dummy-20] thread="Dummy-20" event="cdp.send" method="Runtime.evaluate" timeout=3 params=["awaitPromise", "expression", "generatePreview", "returnByValue", "userGesture"]
2026-10-06T17:02:39.108275+00:00 [Dummy-20] thread="Dummy-20" event="cdp.result" method="Runtime.evaluate" seconds=0.0 keys=["result"]
2026-10-06T17:02:39.117806+00:00 [DiagnosticWatchdog] thread="DiagnosticWatchdog" event="gui.heartbeat" age_seconds=0.0
2026-10-06T17:02:39.180798+00:00 [MainThread] thread="MainThread" event="focus.handoff" host=16385704 browser=526152 target=264726 target_tid=12776 previous=16385704 error=0 before={"active": 16385704, "focus": 16385704, "caret": 0} after={"active": 16385704, "focus": 264726, "caret": 0} success=true
2026-10-06T17:02:39.180798+00:00 [MainThread] thread="MainThread" event="focus.detach" success=true error=0 after={"active": 16385704, "focus": 264726, "caret": 0}
2026-10-06T17:02:39.710796+00:00 [Dummy-20] thread="Dummy-20" event="cdp.send" method="Runtime.evaluate" timeout=2 params=["awaitPromise", "expression", "generatePreview", "returnByValue", "userGesture"]
2026-10-06T17:02:39.711797+00:00 [Dummy-20] thread="Dummy-20" event="cdp.result" method="Runtime.evaluate" seconds=0.0 keys=["result"]
2026-10-06T17:02:39.711797+00:00 [MainThread] thread="MainThread" event="upload.attachments_confirmed" complete=true
2026-10-06T17:02:39.721798+00:00 [Dummy-20] thread="Dummy-20" event="cdp.send" method="Runtime.evaluate" timeout=3 params=["awaitPromise", "expression", "generatePreview", "returnByValue", "userGesture"]
2026-10-06T17:02:39.722797+00:00 [Dummy-20] thread="Dummy-20" event="cdp.result" method="Runtime.evaluate" seconds=0.0 keys=["result"]
2026-10-06T17:02:39.874797+00:00 [Dummy-20] thread="Dummy-20" event="cdp.send" method="Runtime.evaluate" timeout=2 params=["awaitPromise", "expression", "generatePreview", "returnByValue", "userGesture"]
2026-10-06T17:02:39.875798+00:00 [Dummy-20] thread="Dummy-20" event="cdp.result" method="Runtime.evaluate" seconds=0.0 keys=["result"]
2026-10-06T17:02:39.884316+00:00 [Dummy-20] thread="Dummy-20" event="cdp.send" method="Runtime.evaluate" timeout=3 params=["awaitPromise", "expression", "generatePreview", "returnByValue", "userGesture"]
2026-10-06T17:02:39.885317+00:00 [Dummy-20] thread="Dummy-20" event="cdp.result" method="Runtime.evaluate" seconds=0.0 keys=["result"]
2026-10-06T17:02:40.036832+00:00 [Dummy-20] thread="Dummy-20" event="cdp.send" method="Runtime.evaluate" timeout=2 params=["awaitPromise", "expression", "generatePreview", "returnByValue", "userGesture"]
2026-10-06T17:02:40.037833+00:00 [Dummy-20] thread="Dummy-20" event="cdp.result" method="Runtime.evaluate" seconds=0.0 keys=["result"]
2026-10-06T17:02:40.045833+00:00 [Dummy-20] thread="Dummy-20" event="cdp.send" method="Runtime.evaluate" timeout=3 params=["awaitPromise", "expression", "generatePreview", "returnByValue", "userGesture"]
2026-10-06T17:02:40.049833+00:00 [Dummy-20] thread="Dummy-20" event="cdp.result" method="Runtime.evaluate" seconds=0.0 keys=["result"]
2026-10-06T17:02:40.194832+00:00 [MainThread] thread="MainThread" event="trace.begin" name="NativeHost.hide_taskbar" args=1 kwargs=0
2026-10-06T17:02:40.200833+00:00 [Dummy-20] thread="Dummy-20" event="cdp.send" method="Runtime.evaluate" timeout=2 params=["awaitPromise", "expression", "generatePreview", "returnByValue", "userGesture"]
2026-10-06T17:02:40.201833+00:00 [Dummy-20] thread="Dummy-20" event="cdp.result" method="Runtime.evaluate" seconds=0.0 keys=["result"]
2026-10-06T17:02:40.212833+00:00 [Dummy-20] thread="Dummy-20" event="cdp.send" method="Runtime.evaluate" timeout=3 params=["awaitPromise", "expression", "generatePreview", "returnByValue", "userGesture"]
2026-10-06T17:02:40.214832+00:00 [Dummy-20] thread="Dummy-20" event="cdp.result" method="Runtime.evaluate" seconds=0.0 keys=["result"]
2026-10-06T17:02:40.318833+00:00 [MainThread] thread="MainThread" event="win32.taskbar_hidden" hwnd=526152 style=true delete_tab=false
2026-10-06T17:02:40.325833+00:00 [MainThread] thread="MainThread" event="trace.end" name="NativeHost.hide_taskbar" seconds=0.125
2026-10-06T17:02:40.325833+00:00 [MainThread] thread="MainThread" event="trace.begin" name="NativeHost.hide_taskbar" args=1 kwargs=0
2026-10-06T17:02:40.365835+00:00 [Dummy-20] thread="Dummy-20" event="cdp.send" method="Runtime.evaluate" timeout=2 params=["awaitPromise", "expression", "generatePreview", "returnByValue", "userGesture"]
2026-10-06T17:02:40.367835+00:00 [Dummy-20] thread="Dummy-20" event="cdp.result" method="Runtime.evaluate" seconds=0.015 keys=["result"]
2026-10-06T17:02:40.377832+00:00 [Dummy-20] thread="Dummy-20" event="cdp.send" method="Runtime.evaluate" timeout=3 params=["awaitPromise", "expression", "generatePreview", "returnByValue", "userGesture"]
2026-10-06T17:02:40.379834+00:00 [Dummy-20] thread="Dummy-20" event="cdp.result" method="Runtime.evaluate" seconds=0.0 keys=["result"]
2026-10-06T17:02:40.449833+00:00 [MainThread] thread="MainThread" event="win32.taskbar_hidden" hwnd=526152 style=true delete_tab=false
2026-10-06T17:02:40.463833+00:00 [MainThread] thread="MainThread" event="trace.end" name="NativeHost.hide_taskbar" seconds=0.141
2026-10-06T17:02:40.464835+00:00 [ResponsePoll] thread="ResponsePoll" event="cdp.send" method="Runtime.evaluate" timeout=1 params=["awaitPromise", "expression", "generatePreview", "returnByValue", "userGesture"]
2026-10-06T17:02:40.465833+00:00 [ResponsePoll] thread="ResponsePoll" event="cdp.result" method="Runtime.evaluate" seconds=0.0 keys=["result"]
2026-10-06T17:02:40.530833+00:00 [Dummy-20] thread="Dummy-20" event="cdp.send" method="Runtime.evaluate" timeout=2 params=["awaitPromise", "expression", "generatePreview", "returnByValue", "userGesture"]
2026-10-06T17:02:40.535834+00:00 [Dummy-20] thread="Dummy-20" event="cdp.result" method="Runtime.evaluate" seconds=0.0 keys=["result"]
2026-10-06T17:02:40.544832+00:00 [Dummy-20] thread="Dummy-20" event="cdp.send" method="Runtime.evaluate" timeout=3 params=["awaitPromise", "expression", "generatePreview", "returnByValue", "userGesture"]
2026-10-06T17:02:40.550039+00:00 [Dummy-20] thread="Dummy-20" event="cdp.result" method="Runtime.evaluate" seconds=0.0 keys=["result"]
2026-10-06T17:02:40.701832+00:00 [Dummy-20] thread="Dummy-20" event="cdp.send" method="Runtime.evaluate" timeout=2 params=["awaitPromise", "expression", "generatePreview", "returnByValue", "userGesture"]
2026-10-06T17:02:40.702834+00:00 [Dummy-20] thread="Dummy-20" event="cdp.result" method="Runtime.evaluate" seconds=0.0 keys=["result"]
2026-10-06T17:02:40.711836+00:00 [Dummy-20] thread="Dummy-20" event="cdp.send" method="Runtime.evaluate" timeout=3 params=["awaitPromise", "expression", "generatePreview", "returnByValue", "userGesture"]
2026-10-06T17:02:40.713836+00:00 [Dummy-20] thread="Dummy-20" event="cdp.result" method="Runtime.evaluate" seconds=0.0 keys=["result"]
2026-10-06T17:02:40.864832+00:00 [Dummy-20] thread="Dummy-20" event="cdp.send" method="Runtime.evaluate" timeout=2 params=["awaitPromise", "expression", "generatePreview", "returnByValue", "userGesture"]
2026-10-06T17:02:40.867353+00:00 [Dummy-20] thread="Dummy-20" event="cdp.result" method="Runtime.evaluate" seconds=0.015 keys=["result"]
2026-10-06T17:02:40.874352+00:00 [Dummy-20] thread="Dummy-20" event="cdp.send" method="Runtime.evaluate" timeout=3 params=["awaitPromise", "expression", "generatePreview", "returnByValue", "userGesture"]
2026-10-06T17:02:40.875352+00:00 [Dummy-20] thread="Dummy-20" event="cdp.result" method="Runtime.evaluate" seconds=0.0 keys=["result"]
2026-10-06T17:02:40.928869+00:00 [MainThread] thread="MainThread" event="focus.already_owned" browser=526152
2026-10-06T17:02:41.025871+00:00 [Dummy-20] thread="Dummy-20" event="cdp.send" method="Runtime.evaluate" timeout=2 params=["awaitPromise", "expression", "generatePreview", "returnByValue", "userGesture"]
2026-10-06T17:02:41.026867+00:00 [Dummy-20] thread="Dummy-20" event="cdp.result" method="Runtime.evaluate" seconds=0.0 keys=["result"]
2026-10-06T17:02:41.034868+00:00 [Dummy-20] thread="Dummy-20" event="cdp.send" method="Runtime.evaluate" timeout=3 params=["awaitPromise", "expression", "generatePreview", "returnByValue", "userGesture"]
2026-10-06T17:02:41.036869+00:00 [Dummy-20] thread="Dummy-20" event="cdp.result" method="Runtime.evaluate" seconds=0.0 keys=["result"]
2026-10-06T17:02:41.187868+00:00 [Dummy-20] thread="Dummy-20" event="cdp.send" method="Runtime.evaluate" timeout=2 params=["awaitPromise", "expression", "generatePreview", "returnByValue", "userGesture"]
2026-10-06T17:02:41.188868+00:00 [Dummy-20] thread="Dummy-20" event="cdp.result" method="Runtime.evaluate" seconds=0.0 keys=["result"]
2026-10-06T17:02:41.198868+00:00 [Dummy-20] thread="Dummy-20" event="cdp.send" method="Runtime.evaluate" timeout=3 params=["awaitPromise", "expression", "generatePreview", "returnByValue", "userGesture"]
2026-10-06T17:02:41.201869+00:00 [Dummy-20] thread="Dummy-20" event="cdp.result" method="Runtime.evaluate" seconds=0.0 keys=["result"]
2026-10-06T17:02:41.225867+00:00 [MainThread] thread="MainThread" event="trace.begin" name="NativeHost.hide_taskbar" args=1 kwargs=0
2026-10-06T17:02:41.353869+00:00 [Dummy-20] thread="Dummy-20" event="cdp.send" method="Runtime.evaluate" timeout=2 params=["awaitPromise", "expression", "generatePreview", "returnByValue", "userGesture"]
2026-10-06T17:02:41.357867+00:00 [MainThread] thread="MainThread" event="win32.taskbar_hidden" hwnd=526152 style=true delete_tab=false
2026-10-06T17:02:41.367869+00:00 [Dummy-20] thread="Dummy-20" event="cdp.result" method="Runtime.evaluate" seconds=0.015 keys=["result"]
2026-10-06T17:02:41.369867+00:00 [MainThread] thread="MainThread" event="trace.end" name="NativeHost.hide_taskbar" seconds=0.14
2026-10-06T17:02:41.376869+00:00 [ResponsePoll] thread="ResponsePoll" event="cdp.send" method="Runtime.evaluate" timeout=1 params=["awaitPromise", "expression", "generatePreview", "returnByValue", "userGesture"]
2026-10-06T17:02:41.381868+00:00 [ResponsePoll] thread="ResponsePoll" event="cdp.result" method="Runtime.evaluate" seconds=0.016 keys=["result"]
2026-10-06T17:02:41.382868+00:00 [Thread-21 (_zoom_guard_once)] thread="Thread-21 (_zoom_guard_once)" event="cdp.send" method="Emulation.setLocaleOverride" timeout=4 params=["locale"]
2026-10-06T17:02:41.386870+00:00 [Thread-21 (_zoom_guard_once)] thread="Thread-21 (_zoom_guard_once)" event="cdp.result" method="Emulation.setLocaleOverride" seconds=0.016 keys=[]
2026-10-06T17:02:41.387869+00:00 [Dummy-20] thread="Dummy-20" event="cdp.send" method="Runtime.evaluate" timeout=3 params=["awaitPromise", "expression", "generatePreview", "returnByValue", "userGesture"]
2026-10-06T17:02:41.391869+00:00 [Dummy-20] thread="Dummy-20" event="cdp.result" method="Runtime.evaluate" seconds=0.016 keys=["result"]
2026-10-06T17:02:41.391869+00:00 [Thread-21 (_zoom_guard_once)] thread="Thread-21 (_zoom_guard_once)" event="cdp.send" method="Emulation.setAutoDarkModeOverride" timeout=4 params=["enabled"]
2026-10-06T17:02:41.398869+00:00 [Thread-21 (_zoom_guard_once)] thread="Thread-21 (_zoom_guard_once)" event="cdp.result" method="Emulation.setAutoDarkModeOverride" seconds=0.015 keys=[]
2026-10-06T17:02:41.398869+00:00 [Thread-21 (_zoom_guard_once)] thread="Thread-21 (_zoom_guard_once)" event="cdp.send" method="Emulation.setEmulatedMedia" timeout=4 params=["features"]
2026-10-06T17:02:41.403868+00:00 [Thread-21 (_zoom_guard_once)] thread="Thread-21 (_zoom_guard_once)" event="cdp.result" method="Emulation.setEmulatedMedia" seconds=0.0 keys=[]
2026-10-06T17:02:41.403868+00:00 [Thread-21 (_zoom_guard_once)] thread="Thread-21 (_zoom_guard_once)" event="cdp.send" method="Runtime.evaluate" timeout=3 params=["awaitPromise", "expression", "generatePreview", "returnByValue", "userGesture"]
2026-10-06T17:02:41.405868+00:00 [Thread-21 (_zoom_guard_once)] thread="Thread-21 (_zoom_guard_once)" event="cdp.result" method="Runtime.evaluate" seconds=0.0 keys=["result"]
2026-10-06T17:02:41.542868+00:00 [Dummy-20] thread="Dummy-20" event="cdp.send" method="Runtime.evaluate" timeout=2 params=["awaitPromise", "expression", "generatePreview", "returnByValue", "userGesture"]
2026-10-06T17:02:41.543869+00:00 [Dummy-20] thread="Dummy-20" event="cdp.result" method="Runtime.evaluate" seconds=0.0 keys=["result"]
2026-10-06T17:02:41.554869+00:00 [Dummy-20] thread="Dummy-20" event="cdp.send" method="Runtime.evaluate" timeout=3 params=["awaitPromise", "expression", "generatePreview", "returnByValue", "userGesture"]
2026-10-06T17:02:41.564872+00:00 [Dummy-20] thread="Dummy-20" event="cdp.result" method="Runtime.evaluate" seconds=0.0 keys=["result"]
2026-10-06T17:02:41.715868+00:00 [Dummy-20] thread="Dummy-20" event="cdp.send" method="Runtime.evaluate" timeout=2 params=["awaitPromise", "expression", "generatePreview", "returnByValue", "userGesture"]
2026-10-06T17:02:41.716868+00:00 [Dummy-20] thread="Dummy-20" event="cdp.result" method="Runtime.evaluate" seconds=0.0 keys=["result"]
2026-10-06T17:02:41.726869+00:00 [Dummy-20] thread="Dummy-20" event="cdp.send" method="Runtime.evaluate" timeout=3 params=["awaitPromise", "expression", "generatePreview", "returnByValue", "userGesture"]
2026-10-06T17:02:41.728871+00:00 [Dummy-20] thread="Dummy-20" event="cdp.result" method="Runtime.evaluate" seconds=0.0 keys=["result"]
2026-10-06T17:02:41.879868+00:00 [Dummy-20] thread="Dummy-20" event="cdp.send" method="Runtime.evaluate" timeout=2 params=["awaitPromise", "expression", "generatePreview", "returnByValue", "userGesture"]
2026-10-06T17:02:41.981868+00:00 [Dummy-20] thread="Dummy-20" event="cdp.result" method="Runtime.evaluate" seconds=0.11 keys=["result"]
2026-10-06T17:02:41.993869+00:00 [Dummy-20] thread="Dummy-20" event="cdp.send" method="Runtime.evaluate" timeout=3 params=["awaitPromise", "expression", "generatePreview", "returnByValue", "userGesture"]
2026-10-06T17:02:42.002867+00:00 [Dummy-20] thread="Dummy-20" event="cdp.result" method="Runtime.evaluate" seconds=0.0 keys=["result"]
2026-10-06T17:02:42.153868+00:00 [Dummy-20] thread="Dummy-20" event="cdp.send" method="Runtime.evaluate" timeout=2 params=["awaitPromise", "expression", "generatePreview", "returnByValue", "userGesture"]
2026-10-06T17:02:42.154867+00:00 [Dummy-20] thread="Dummy-20" event="cdp.result" method="Runtime.evaluate" seconds=0.0 keys=["result"]
2026-10-06T17:02:42.163868+00:00 [Dummy-20] thread="Dummy-20" event="cdp.send" method="Runtime.evaluate" timeout=3 params=["awaitPromise", "expression", "generatePreview", "returnByValue", "userGesture"]
2026-10-06T17:02:42.165868+00:00 [Dummy-20] thread="Dummy-20" event="cdp.result" method="Runtime.evaluate" seconds=0.0 keys=["result"]
2026-10-06T17:02:42.225867+00:00 [ResponsePoll] thread="ResponsePoll" event="cdp.send" method="Runtime.evaluate" timeout=1 params=["awaitPromise", "expression", "generatePreview", "returnByValue", "userGesture"]
2026-10-06T17:02:42.227869+00:00 [ResponsePoll] thread="ResponsePoll" event="cdp.result" method="Runtime.evaluate" seconds=0.0 keys=["result"]
2026-10-06T17:02:42.316866+00:00 [Dummy-20] thread="Dummy-20" event="cdp.send" method="Runtime.evaluate" timeout=2 params=["awaitPromise", "expression", "generatePreview", "returnByValue", "userGesture"]
2026-10-06T17:02:42.317868+00:00 [Dummy-20] thread="Dummy-20" event="cdp.result" method="Runtime.evaluate" seconds=0.0 keys=["result"]
2026-10-06T17:02:42.327866+00:00 [Dummy-20] thread="Dummy-20" event="cdp.send" method="Runtime.evaluate" timeout=3 params=["awaitPromise", "expression", "generatePreview", "returnByValue", "userGesture"]
2026-10-06T17:02:42.328866+00:00 [Dummy-20] thread="Dummy-20" event="cdp.result" method="Runtime.evaluate" seconds=0.0 keys=["result"]
2026-10-06T17:02:42.479867+00:00 [Dummy-20] thread="Dummy-20" event="cdp.send" method="Runtime.evaluate" timeout=2 params=["awaitPromise", "expression", "generatePreview", "returnByValue", "userGesture"]
2026-10-06T17:02:42.480868+00:00 [Dummy-20] thread="Dummy-20" event="cdp.result" method="Runtime.evaluate" seconds=0.0 keys=["result"]
2026-10-06T17:02:42.488867+00:00 [Dummy-20] thread="Dummy-20" event="cdp.send" method="Runtime.evaluate" timeout=3 params=["awaitPromise", "expression", "generatePreview", "returnByValue", "userGesture"]
2026-10-06T17:02:42.489867+00:00 [Dummy-20] thread="Dummy-20" event="cdp.result" method="Runtime.evaluate" seconds=0.0 keys=["result"]
2026-10-06T17:02:42.640867+00:00 [Dummy-20] thread="Dummy-20" event="cdp.send" method="Runtime.evaluate" timeout=2 params=["awaitPromise", "expression", "generatePreview", "returnByValue", "userGesture"]
2026-10-06T17:02:42.641867+00:00 [Dummy-20] thread="Dummy-20" event="cdp.result" method="Runtime.evaluate" seconds=0.0 keys=["result"]
2026-10-06T17:02:42.648867+00:00 [Dummy-20] thread="Dummy-20" event="cdp.send" method="Runtime.evaluate" timeout=3 params=["awaitPromise", "expression", "generatePreview", "returnByValue", "userGesture"]
2026-10-06T17:02:42.650868+00:00 [Dummy-20] thread="Dummy-20" event="cdp.result" method="Runtime.evaluate" seconds=0.0 keys=["result"]
2026-10-06T17:02:42.801867+00:00 [Dummy-20] thread="Dummy-20" event="cdp.send" method="Runtime.evaluate" timeout=2 params=["awaitPromise", "expression", "generatePreview", "returnByValue", "userGesture"]
2026-10-06T17:02:42.802866+00:00 [Dummy-20] thread="Dummy-20" event="cdp.result" method="Runtime.evaluate" seconds=0.0 keys=["result"]
2026-10-06T17:02:42.810869+00:00 [Dummy-20] thread="Dummy-20" event="cdp.send" method="Runtime.evaluate" timeout=3 params=["awaitPromise", "expression", "generatePreview", "returnByValue", "userGesture"]
2026-10-06T17:02:42.811866+00:00 [Dummy-20] thread="Dummy-20" event="cdp.result" method="Runtime.evaluate" seconds=0.0 keys=["result"]
2026-10-06T17:02:42.962866+00:00 [Dummy-20] thread="Dummy-20" event="cdp.send" method="Runtime.evaluate" timeout=2 params=["awaitPromise", "expression", "generatePreview", "returnByValue", "userGesture"]
2026-10-06T17:02:42.963868+00:00 [Dummy-20] thread="Dummy-20" event="cdp.result" method="Runtime.evaluate" seconds=0.0 keys=["result"]
2026-10-06T17:02:42.971866+00:00 [Dummy-20] thread="Dummy-20" event="cdp.send" method="Runtime.evaluate" timeout=3 params=["awaitPromise", "expression", "generatePreview", "returnByValue", "userGesture"]
2026-10-06T17:02:42.972866+00:00 [Dummy-20] thread="Dummy-20" event="cdp.result" method="Runtime.evaluate" seconds=0.0 keys=["result"]
2026-10-06T17:02:43.123867+00:00 [Dummy-20] thread="Dummy-20" event="cdp.send" method="Runtime.evaluate" timeout=2 params=["awaitPromise", "expression", "generatePreview", "returnByValue", "userGesture"]
2026-10-06T17:02:43.124868+00:00 [Dummy-20] thread="Dummy-20" event="cdp.result" method="Runtime.evaluate" seconds=0.0 keys=["result"]
2026-10-06T17:02:43.132867+00:00 [Dummy-20] thread="Dummy-20" event="cdp.send" method="Runtime.evaluate" timeout=3 params=["awaitPromise", "expression", "generatePreview", "returnByValue", "userGesture"]
2026-10-06T17:02:43.133867+00:00 [Dummy-20] thread="Dummy-20" event="cdp.result" method="Runtime.evaluate" seconds=0.0 keys=["result"]
2026-10-06T17:02:43.235867+00:00 [ResponsePoll] thread="ResponsePoll" event="cdp.send" method="Runtime.evaluate" timeout=1 params=["awaitPromise", "expression", "generatePreview", "returnByValue", "userGesture"]
2026-10-06T17:02:43.243868+00:00 [ResponsePoll] thread="ResponsePoll" event="cdp.result" method="Runtime.evaluate" seconds=0.015 keys=["result"]
2026-10-06T17:02:43.284866+00:00 [Dummy-20] thread="Dummy-20" event="cdp.send" method="Runtime.evaluate" timeout=2 params=["awaitPromise", "expression", "generatePreview", "returnByValue", "userGesture"]
2026-10-06T17:02:43.285866+00:00 [Dummy-20] thread="Dummy-20" event="cdp.result" method="Runtime.evaluate" seconds=0.0 keys=["result"]
2026-10-06T17:02:43.291377+00:00 [Dummy-20] thread="Dummy-20" event="cdp.send" method="Runtime.evaluate" timeout=3 params=["awaitPromise", "expression", "generatePreview", "returnByValue", "userGesture"]
2026-10-06T17:02:43.293378+00:00 [Dummy-20] thread="Dummy-20" event="cdp.result" method="Runtime.evaluate" seconds=0.0 keys=["result"]
2026-10-06T17:02:43.443890+00:00 [Dummy-20] thread="Dummy-20" event="cdp.send" method="Runtime.evaluate" timeout=2 params=["awaitPromise", "expression", "generatePreview", "returnByValue", "userGesture"]
2026-10-06T17:02:43.444890+00:00 [Dummy-20] thread="Dummy-20" event="cdp.result" method="Runtime.evaluate" seconds=0.015 keys=["result"]
2026-10-06T17:02:43.444890+00:00 [Dummy-20] thread="Dummy-20" event="upload.state" present=0 uploading=false probe_ok=true pdf_exists=true template_exists=true attempts_failed=0
2026-10-06T17:02:43.444890+00:00 [Dummy-20] thread="Dummy-20" event="cdp.send" method="Runtime.evaluate" timeout=2 params=["awaitPromise", "expression", "generatePreview", "returnByValue", "userGesture"]
2026-10-06T17:02:43.445892+00:00 [Dummy-20] thread="Dummy-20" event="cdp.result" method="Runtime.evaluate" seconds=0.0 keys=["result"]
2026-10-06T17:02:43.445892+00:00 [Dummy-20] thread="Dummy-20" event="page.probe" category="google" ready="complete" bodyChildren=57 fileInputs=0 editors=1 frames=0 documentFocused=true activeEditable=true activeReadOnly=false activeDisabled=false
2026-10-06T17:02:43.445892+00:00 [MainThread] thread="MainThread" event="upload.attachments_confirmed" complete=false
2026-10-06T17:02:43.535893+00:00 [Dummy-20] thread="Dummy-20" event="cdp.send" method="Runtime.evaluate" timeout=2 params=["awaitPromise", "expression", "generatePreview", "returnByValue", "userGesture"]
2026-10-06T17:02:43.536891+00:00 [Dummy-20] thread="Dummy-20" event="cdp.result" method="Runtime.evaluate" seconds=0.0 keys=["result"]
2026-10-06T17:02:43.547892+00:00 [Dummy-20] thread="Dummy-20" event="cdp.send" method="Runtime.evaluate" timeout=10 params=["awaitPromise", "expression", "generatePreview", "returnByValue", "userGesture"]
2026-10-06T17:02:43.744891+00:00 [Dummy-20] thread="Dummy-20" event="cdp.result" method="Runtime.evaluate" seconds=0.203 keys=["result"]
2026-10-06T17:02:43.745891+00:00 [Dummy-20] thread="Dummy-20" event="upload.attempt" kind="pdf" injected=true bytes=1900700 ms=219 empty_rounds=1 fails=0 name="Memphis.pdf"
2026-10-06T17:02:43.754892+00:00 [Dummy-20] thread="Dummy-20" event="cdp.send" method="Runtime.evaluate" timeout=3 params=["awaitPromise", "expression", "generatePreview", "returnByValue", "userGesture"]
2026-10-06T17:02:43.818891+00:00 [Dummy-20] thread="Dummy-20" event="cdp.result" method="Runtime.evaluate" seconds=0.063 keys=["result"]
2026-10-06T17:02:43.975889+00:00 [MainThread] thread="MainThread" event="main.snapshot" visible=true minimized=false geometry=[2091, 332, 453, 735] dpr=1.0 chrome_hwnd=526152 worker_running=false chromium_exit=null overlay_visible=false page_verdict="ai_mode" native_mode=true chat_ready=true cover_visible=false settling=false
2026-10-06T17:02:44.119891+00:00 [Dummy-20] thread="Dummy-20" event="cdp.send" method="Runtime.evaluate" timeout=2 params=["awaitPromise", "expression", "generatePreview", "returnByValue", "userGesture"]
2026-10-06T17:02:44.121893+00:00 [Dummy-20] thread="Dummy-20" event="cdp.result" method="Runtime.evaluate" seconds=0.0 keys=["result"]
2026-10-06T17:02:44.122893+00:00 [Dummy-20] thread="Dummy-20" event="cdp.send" method="Runtime.evaluate" timeout=10 params=["awaitPromise", "expression", "generatePreview", "returnByValue", "userGesture"]
2026-10-06T17:02:44.145890+00:00 [Dummy-20] thread="Dummy-20" event="cdp.result" method="Runtime.evaluate" seconds=0.016 keys=["result"]
2026-10-06T17:02:44.145890+00:00 [Dummy-20] thread="Dummy-20" event="upload.attempt" kind="template" injected=true bytes=155 ms=16 empty_rounds=1 fails=0 name="Шаблон.txt"
2026-10-06T17:02:44.146892+00:00 [Dummy-20] thread="Dummy-20" event="cdp.send" method="Runtime.evaluate" timeout=3 params=["awaitPromise", "expression", "generatePreview", "returnByValue", "userGesture"]
2026-10-06T17:02:44.150894+00:00 [Dummy-20] thread="Dummy-20" event="cdp.result" method="Runtime.evaluate" seconds=0.015 keys=["result"]
2026-10-06T17:02:44.752892+00:00 [Dummy-20] thread="Dummy-20" event="cdp.send" method="Runtime.evaluate" timeout=2 params=["awaitPromise", "expression", "generatePreview", "returnByValue", "userGesture"]
2026-10-06T17:02:44.754893+00:00 [Dummy-20] thread="Dummy-20" event="cdp.result" method="Runtime.evaluate" seconds=0.0 keys=["result"]
2026-10-06T17:02:44.755893+00:00 [MainThread] thread="MainThread" event="upload.attachments_confirmed" complete=true
2026-10-06T17:02:44.766892+00:00 [Dummy-20] thread="Dummy-20" event="cdp.send" method="Runtime.evaluate" timeout=3 params=["awaitPromise", "expression", "generatePreview", "returnByValue", "userGesture"]
2026-10-06T17:02:44.772894+00:00 [Dummy-20] thread="Dummy-20" event="cdp.result" method="Runtime.evaluate" seconds=0.015 keys=["result"]
2026-10-06T17:02:44.923891+00:00 [Dummy-20] thread="Dummy-20" event="cdp.send" method="Runtime.evaluate" timeout=2 params=["awaitPromise", "expression", "generatePreview", "returnByValue", "userGesture"]
2026-10-06T17:02:44.924891+00:00 [Dummy-20] thread="Dummy-20" event="cdp.result" method="Runtime.evaluate" seconds=0.0 keys=["result"]
2026-10-06T17:02:44.934892+00:00 [Dummy-20] thread="Dummy-20" event="cdp.send" method="Runtime.evaluate" timeout=3 params=["awaitPromise", "expression", "generatePreview", "returnByValue", "userGesture"]
2026-10-06T17:02:44.942895+00:00 [Dummy-20] thread="Dummy-20" event="cdp.result" method="Runtime.evaluate" seconds=0.0 keys=["result"]
2026-10-06T17:02:45.093890+00:00 [Dummy-20] thread="Dummy-20" event="cdp.send" method="Runtime.evaluate" timeout=2 params=["awaitPromise", "expression", "generatePreview", "returnByValue", "userGesture"]
2026-10-06T17:02:45.096893+00:00 [Dummy-20] thread="Dummy-20" event="cdp.result" method="Runtime.evaluate" seconds=0.0 keys=["result"]
2026-10-06T17:02:45.107891+00:00 [Dummy-20] thread="Dummy-20" event="cdp.send" method="Runtime.evaluate" timeout=3 params=["awaitPromise", "expression", "generatePreview", "returnByValue", "userGesture"]
2026-10-06T17:02:45.111894+00:00 [Dummy-20] thread="Dummy-20" event="cdp.result" method="Runtime.evaluate" seconds=0.0 keys=["result"]
2026-10-06T17:02:45.226405+00:00 [ResponsePoll] thread="ResponsePoll" event="cdp.send" method="Runtime.evaluate" timeout=1 params=["awaitPromise", "expression", "generatePreview", "returnByValue", "userGesture"]
2026-10-06T17:02:45.229407+00:00 [ResponsePoll] thread="ResponsePoll" event="cdp.result" method="Runtime.evaluate" seconds=0.0 keys=["result"]
2026-10-06T17:02:45.262407+00:00 [Dummy-20] thread="Dummy-20" event="cdp.send" method="Runtime.evaluate" timeout=2 params=["awaitPromise", "expression", "generatePreview", "returnByValue", "userGesture"]
2026-10-06T17:02:45.264409+00:00 [Dummy-20] thread="Dummy-20" event="cdp.result" method="Runtime.evaluate" seconds=0.0 keys=["result"]
2026-10-06T17:02:45.280409+00:00 [Dummy-20] thread="Dummy-20" event="cdp.send" method="Runtime.evaluate" timeout=3 params=["awaitPromise", "expression", "generatePreview", "returnByValue", "userGesture"]
2026-10-06T17:02:45.327407+00:00 [Dummy-20] thread="Dummy-20" event="cdp.result" method="Runtime.evaluate" seconds=0.047 keys=["result"]
2026-10-06T17:02:45.478544+00:00 [Dummy-20] thread="Dummy-20" event="cdp.send" method="Runtime.evaluate" timeout=2 params=["awaitPromise", "expression", "generatePreview", "returnByValue", "userGesture"]
2026-10-06T17:02:45.479451+00:00 [Dummy-20] thread="Dummy-20" event="cdp.result" method="Runtime.evaluate" seconds=0.0 keys=["result"]
2026-10-06T17:02:45.491454+00:00 [Dummy-20] thread="Dummy-20" event="cdp.send" method="Runtime.evaluate" timeout=3 params=["awaitPromise", "expression", "generatePreview", "returnByValue", "userGesture"]
2026-10-06T17:02:45.494454+00:00 [Dummy-20] thread="Dummy-20" event="cdp.result" method="Runtime.evaluate" seconds=0.0 keys=["result"]
2026-10-06T17:02:45.645452+00:00 [Dummy-20] thread="Dummy-20" event="cdp.send" method="Runtime.evaluate" timeout=2 params=["awaitPromise", "expression", "generatePreview", "returnByValue", "userGesture"]
2026-10-06T17:02:45.647451+00:00 [Dummy-20] thread="Dummy-20" event="cdp.result" method="Runtime.evaluate" seconds=0.015 keys=["result"]
2026-10-06T17:02:45.656452+00:00 [Dummy-20] thread="Dummy-20" event="cdp.send" method="Runtime.evaluate" timeout=3 params=["awaitPromise", "expression", "generatePreview", "returnByValue", "userGesture"]
2026-10-06T17:02:45.672454+00:00 [Dummy-20] thread="Dummy-20" event="cdp.result" method="Runtime.evaluate" seconds=0.016 keys=["result"]
2026-10-06T17:02:45.804452+00:00 [MainThread] thread="MainThread" event="focus.already_owned" browser=526152
2026-10-06T17:02:45.823449+00:00 [Dummy-20] thread="Dummy-20" event="cdp.send" method="Runtime.evaluate" timeout=2 params=["awaitPromise", "expression", "generatePreview", "returnByValue", "userGesture"]
2026-10-06T17:02:45.825450+00:00 [Dummy-20] thread="Dummy-20" event="cdp.result" method="Runtime.evaluate" seconds=0.0 keys=["result"]
2026-10-06T17:02:45.834451+00:00 [Dummy-20] thread="Dummy-20" event="cdp.send" method="Runtime.evaluate" timeout=3 params=["awaitPromise", "expression", "generatePreview", "returnByValue", "userGesture"]
2026-10-06T17:02:45.835451+00:00 [Dummy-20] thread="Dummy-20" event="cdp.result" method="Runtime.evaluate" seconds=0.016 keys=["result"]
2026-10-06T17:02:45.986450+00:00 [Dummy-20] thread="Dummy-20" event="cdp.send" method="Runtime.evaluate" timeout=2 params=["awaitPromise", "expression", "generatePreview", "returnByValue", "userGesture"]
2026-10-06T17:02:45.987451+00:00 [Dummy-20] thread="Dummy-20" event="cdp.result" method="Runtime.evaluate" seconds=0.0 keys=["result"]
2026-10-06T17:02:45.995451+00:00 [Dummy-20] thread="Dummy-20" event="cdp.send" method="Runtime.evaluate" timeout=3 params=["awaitPromise", "expression", "generatePreview", "returnByValue", "userGesture"]
2026-10-06T17:02:45.996451+00:00 [Dummy-20] thread="Dummy-20" event="cdp.result" method="Runtime.evaluate" seconds=0.0 keys=["result"]
2026-10-06T17:02:46.151452+00:00 [Dummy-20] thread="Dummy-20" event="cdp.send" method="Runtime.evaluate" timeout=2 params=["awaitPromise", "expression", "generatePreview", "returnByValue", "userGesture"]
2026-10-06T17:02:46.171452+00:00 [Dummy-20] thread="Dummy-20" event="cdp.result" method="Runtime.evaluate" seconds=0.016 keys=["result"]
2026-10-06T17:02:46.182451+00:00 [Dummy-20] thread="Dummy-20" event="cdp.send" method="Runtime.evaluate" timeout=3 params=["awaitPromise", "expression", "generatePreview", "returnByValue", "userGesture"]
2026-10-06T17:02:46.187451+00:00 [Dummy-20] thread="Dummy-20" event="cdp.result" method="Runtime.evaluate" seconds=0.0 keys=["result"]
2026-10-06T17:02:46.225450+00:00 [MainThread] thread="MainThread" event="trace.begin" name="NativeHost.hide_taskbar" args=1 kwargs=0
2026-10-06T17:02:46.339000+00:00 [Dummy-20] thread="Dummy-20" event="cdp.send" method="Runtime.evaluate" timeout=2 params=["awaitPromise", "expression", "generatePreview", "returnByValue", "userGesture"]
2026-10-06T17:02:46.381514+00:00 [MainThread] thread="MainThread" event="win32.taskbar_hidden" hwnd=526152 style=true delete_tab=false
2026-10-06T17:02:46.389513+00:00 [MainThread] thread="MainThread" event="trace.end" name="NativeHost.hide_taskbar" seconds=0.156
2026-10-06T17:02:46.391516+00:00 [Dummy-20] thread="Dummy-20" event="cdp.result" method="Runtime.evaluate" seconds=0.047 keys=["result"]
2026-10-06T17:02:46.392514+00:00 [Thread-22 (_zoom_guard_once)] thread="Thread-22 (_zoom_guard_once)" event="cdp.send" method="Emulation.setLocaleOverride" timeout=4 params=["locale"]
2026-10-06T17:02:46.394517+00:00 [Thread-22 (_zoom_guard_once)] thread="Thread-22 (_zoom_guard_once)" event="cdp.result" method="Emulation.setLocaleOverride" seconds=0.0 keys=[]
2026-10-06T17:02:46.394517+00:00 [Thread-22 (_zoom_guard_once)] thread="Thread-22 (_zoom_guard_once)" event="cdp.send" method="Emulation.setAutoDarkModeOverride" timeout=4 params=["enabled"]
2026-10-06T17:02:46.395515+00:00 [Thread-22 (_zoom_guard_once)] thread="Thread-22 (_zoom_guard_once)" event="cdp.result" method="Emulation.setAutoDarkModeOverride" seconds=0.0 keys=[]
2026-10-06T17:02:46.396515+00:00 [ResponsePoll] thread="ResponsePoll" event="cdp.send" method="Runtime.evaluate" timeout=1 params=["awaitPromise", "expression", "generatePreview", "returnByValue", "userGesture"]
2026-10-06T17:02:46.397515+00:00 [ResponsePoll] thread="ResponsePoll" event="cdp.result" method="Runtime.evaluate" seconds=0.0 keys=["result"]
2026-10-06T17:02:46.397515+00:00 [Thread-22 (_zoom_guard_once)] thread="Thread-22 (_zoom_guard_once)" event="cdp.send" method="Emulation.setEmulatedMedia" timeout=4 params=["features"]
2026-10-06T17:02:46.398514+00:00 [Thread-22 (_zoom_guard_once)] thread="Thread-22 (_zoom_guard_once)" event="cdp.result" method="Emulation.setEmulatedMedia" seconds=0.015 keys=[]
2026-10-06T17:02:46.399515+00:00 [Thread-22 (_zoom_guard_once)] thread="Thread-22 (_zoom_guard_once)" event="cdp.send" method="Runtime.evaluate" timeout=3 params=["awaitPromise", "expression", "generatePreview", "returnByValue", "userGesture"]
2026-10-06T17:02:46.401515+00:00 [Thread-22 (_zoom_guard_once)] thread="Thread-22 (_zoom_guard_once)" event="cdp.result" method="Runtime.evaluate" seconds=0.0 keys=["result"]
2026-10-06T17:02:46.403513+00:00 [Dummy-20] thread="Dummy-20" event="cdp.send" method="Runtime.evaluate" timeout=3 params=["awaitPromise", "expression", "generatePreview", "returnByValue", "userGesture"]
2026-10-06T17:02:46.404515+00:00 [Dummy-20] thread="Dummy-20" event="cdp.result" method="Runtime.evaluate" seconds=0.0 keys=["result"]
2026-10-06T17:02:46.555514+00:00 [Dummy-20] thread="Dummy-20" event="cdp.send" method="Runtime.evaluate" timeout=2 params=["awaitPromise", "expression", "generatePreview", "returnByValue", "userGesture"]
2026-10-06T17:02:46.556514+00:00 [Dummy-20] thread="Dummy-20" event="cdp.result" method="Runtime.evaluate" seconds=0.0 keys=["result"]
2026-10-06T17:02:46.565512+00:00 [Dummy-20] thread="Dummy-20" event="cdp.send" method="Runtime.evaluate" timeout=3 params=["awaitPromise", "expression", "generatePreview", "returnByValue", "userGesture"]
2026-10-06T17:02:46.570516+00:00 [Dummy-20] thread="Dummy-20" event="cdp.result" method="Runtime.evaluate" seconds=0.015 keys=["result"]
2026-10-06T17:02:46.721513+00:00 [Dummy-20] thread="Dummy-20" event="cdp.send" method="Runtime.evaluate" timeout=2 params=["awaitPromise", "expression", "generatePreview", "returnByValue", "userGesture"]
2026-10-06T17:02:46.722513+00:00 [Dummy-20] thread="Dummy-20" event="cdp.result" method="Runtime.evaluate" seconds=0.0 keys=["result"]
2026-10-06T17:02:46.730514+00:00 [Dummy-20] thread="Dummy-20" event="cdp.send" method="Runtime.evaluate" timeout=3 params=["awaitPromise", "expression", "generatePreview", "returnByValue", "userGesture"]
2026-10-06T17:02:46.732513+00:00 [Dummy-20] thread="Dummy-20" event="cdp.result" method="Runtime.evaluate" seconds=0.0 keys=["result"]
2026-10-06T17:02:46.883513+00:00 [Dummy-20] thread="Dummy-20" event="cdp.send" method="Runtime.evaluate" timeout=2 params=["awaitPromise", "expression", "generatePreview", "returnByValue", "userGesture"]
2026-10-06T17:02:46.884513+00:00 [Dummy-20] thread="Dummy-20" event="cdp.result" method="Runtime.evaluate" seconds=0.0 keys=["result"]
2026-10-06T17:02:46.892512+00:00 [Dummy-20] thread="Dummy-20" event="cdp.send" method="Runtime.evaluate" timeout=3 params=["awaitPromise", "expression", "generatePreview", "returnByValue", "userGesture"]
2026-10-06T17:02:46.895513+00:00 [Dummy-20] thread="Dummy-20" event="cdp.result" method="Runtime.evaluate" seconds=0.0 keys=["result"]
2026-10-06T17:02:47.046515+00:00 [Dummy-20] thread="Dummy-20" event="cdp.send" method="Runtime.evaluate" timeout=2 params=["awaitPromise", "expression", "generatePreview", "returnByValue", "userGesture"]
2026-10-06T17:02:47.047516+00:00 [Dummy-20] thread="Dummy-20" event="cdp.result" method="Runtime.evaluate" seconds=0.0 keys=["result"]
2026-10-06T17:02:47.054517+00:00 [MainThread] thread="MainThread" event="focus.already_owned" browser=526152
2026-10-06T17:02:47.055514+00:00 [Dummy-20] thread="Dummy-20" event="cdp.send" method="Runtime.evaluate" timeout=3 params=["awaitPromise", "expression", "generatePreview", "returnByValue", "userGesture"]
2026-10-06T17:02:47.056514+00:00 [Dummy-20] thread="Dummy-20" event="cdp.result" method="Runtime.evaluate" seconds=0.0 keys=["result"]
2026-10-06T17:02:47.208038+00:00 [Dummy-20] thread="Dummy-20" event="cdp.send" method="Runtime.evaluate" timeout=2 params=["awaitPromise", "expression", "generatePreview", "returnByValue", "userGesture"]
2026-10-06T17:02:47.209028+00:00 [Dummy-20] thread="Dummy-20" event="cdp.result" method="Runtime.evaluate" seconds=0.0 keys=["result"]
2026-10-06T17:02:47.217027+00:00 [Dummy-20] thread="Dummy-20" event="cdp.send" method="Runtime.evaluate" timeout=3 params=["awaitPromise", "expression", "generatePreview", "returnByValue", "userGesture"]
2026-10-06T17:02:47.218027+00:00 [Dummy-20] thread="Dummy-20" event="cdp.result" method="Runtime.evaluate" seconds=0.0 keys=["result"]
2026-10-06T17:02:47.226027+00:00 [ResponsePoll] thread="ResponsePoll" event="cdp.send" method="Runtime.evaluate" timeout=1 params=["awaitPromise", "expression", "generatePreview", "returnByValue", "userGesture"]
2026-10-06T17:02:47.229028+00:00 [ResponsePoll] thread="ResponsePoll" event="cdp.result" method="Runtime.evaluate" seconds=0.0 keys=["result"]
2026-10-06T17:02:47.369543+00:00 [Dummy-20] thread="Dummy-20" event="cdp.send" method="Runtime.evaluate" timeout=2 params=["awaitPromise", "expression", "generatePreview", "returnByValue", "userGesture"]
2026-10-06T17:02:47.371544+00:00 [Dummy-20] thread="Dummy-20" event="cdp.result" method="Runtime.evaluate" seconds=0.0 keys=["result"]
2026-10-06T17:02:47.380544+00:00 [Dummy-20] thread="Dummy-20" event="cdp.send" method="Runtime.evaluate" timeout=3 params=["awaitPromise", "expression", "generatePreview", "returnByValue", "userGesture"]
2026-10-06T17:02:47.382543+00:00 [Dummy-20] thread="Dummy-20" event="cdp.result" method="Runtime.evaluate" seconds=0.016 keys=["result"]
2026-10-06T17:02:47.533544+00:00 [Dummy-20] thread="Dummy-20" event="cdp.send" method="Runtime.evaluate" timeout=2 params=["awaitPromise", "expression", "generatePreview", "returnByValue", "userGesture"]
2026-10-06T17:02:47.534543+00:00 [Dummy-20] thread="Dummy-20" event="cdp.result" method="Runtime.evaluate" seconds=0.0 keys=["result"]
2026-10-06T17:02:47.542543+00:00 [Dummy-20] thread="Dummy-20" event="cdp.send" method="Runtime.evaluate" timeout=3 params=["awaitPromise", "expression", "generatePreview", "returnByValue", "userGesture"]
2026-10-06T17:02:47.544544+00:00 [Dummy-20] thread="Dummy-20" event="cdp.result" method="Runtime.evaluate" seconds=0.0 keys=["result"]
2026-10-06T17:02:47.695541+00:00 [Dummy-20] thread="Dummy-20" event="cdp.send" method="Runtime.evaluate" timeout=2 params=["awaitPromise", "expression", "generatePreview", "returnByValue", "userGesture"]
2026-10-06T17:02:47.696544+00:00 [Dummy-20] thread="Dummy-20" event="cdp.result" method="Runtime.evaluate" seconds=0.0 keys=["result"]
2026-10-06T17:02:47.705541+00:00 [Dummy-20] thread="Dummy-20" event="cdp.send" method="Runtime.evaluate" timeout=3 params=["awaitPromise", "expression", "generatePreview", "returnByValue", "userGesture"]
2026-10-06T17:02:47.707543+00:00 [Dummy-20] thread="Dummy-20" event="cdp.result" method="Runtime.evaluate" seconds=0.0 keys=["result"]
2026-10-06T17:02:47.804544+00:00 [MainThread] thread="MainThread" event="focus.already_owned" browser=526152
2026-10-06T17:02:47.860544+00:00 [Dummy-20] thread="Dummy-20" event="cdp.send" method="Runtime.evaluate" timeout=2 params=["awaitPromise", "expression", "generatePreview", "returnByValue", "userGesture"]
2026-10-06T17:02:47.868542+00:00 [Dummy-20] thread="Dummy-20" event="cdp.result" method="Runtime.evaluate" seconds=0.015 keys=["result"]
2026-10-06T17:02:47.877542+00:00 [Dummy-20] thread="Dummy-20" event="cdp.send" method="Runtime.evaluate" timeout=3 params=["awaitPromise", "expression", "generatePreview", "returnByValue", "userGesture"]
2026-10-06T17:02:47.880543+00:00 [Dummy-20] thread="Dummy-20" event="cdp.result" method="Runtime.evaluate" seconds=0.0 keys=["result"]
2026-10-06T17:02:48.031544+00:00 [Dummy-20] thread="Dummy-20" event="cdp.send" method="Runtime.evaluate" timeout=2 params=["awaitPromise", "expression", "generatePreview", "returnByValue", "userGesture"]
2026-10-06T17:02:48.034543+00:00 [Dummy-20] thread="Dummy-20" event="cdp.result" method="Runtime.evaluate" seconds=0.0 keys=["result"]
2026-10-06T17:02:48.046543+00:00 [Dummy-20] thread="Dummy-20" event="cdp.send" method="Runtime.evaluate" timeout=3 params=["awaitPromise", "expression", "generatePreview", "returnByValue", "userGesture"]
2026-10-06T17:02:48.049543+00:00 [Dummy-20] thread="Dummy-20" event="cdp.result" method="Runtime.evaluate" seconds=0.0 keys=["result"]
2026-10-06T17:02:48.200544+00:00 [Dummy-20] thread="Dummy-20" event="cdp.send" method="Runtime.evaluate" timeout=2 params=["awaitPromise", "expression", "generatePreview", "returnByValue", "userGesture"]
2026-10-06T17:02:48.201544+00:00 [Dummy-20] thread="Dummy-20" event="cdp.result" method="Runtime.evaluate" seconds=0.0 keys=["result"]
2026-10-06T17:02:48.212542+00:00 [Dummy-20] thread="Dummy-20" event="cdp.send" method="Runtime.evaluate" timeout=3 params=["awaitPromise", "expression", "generatePreview", "returnByValue", "userGesture"]
2026-10-06T17:02:48.215544+00:00 [Dummy-20] thread="Dummy-20" event="cdp.result" method="Runtime.evaluate" seconds=0.0 keys=["result"]
2026-10-06T17:02:48.225542+00:00 [ResponsePoll] thread="ResponsePoll" event="cdp.send" method="Runtime.evaluate" timeout=1 params=["awaitPromise", "expression", "generatePreview", "returnByValue", "userGesture"]
2026-10-06T17:02:48.228544+00:00 [ResponsePoll] thread="ResponsePoll" event="cdp.result" method="Runtime.evaluate" seconds=0.0 keys=["result"]
2026-10-06T17:02:48.367544+00:00 [Dummy-20] thread="Dummy-20" event="cdp.send" method="Runtime.evaluate" timeout=2 params=["awaitPromise", "expression", "generatePreview", "returnByValue", "userGesture"]
2026-10-06T17:02:48.368543+00:00 [Dummy-20] thread="Dummy-20" event="cdp.result" method="Runtime.evaluate" seconds=0.0 keys=["result"]
2026-10-06T17:02:48.377544+00:00 [Dummy-20] thread="Dummy-20" event="cdp.send" method="Runtime.evaluate" timeout=3 params=["awaitPromise", "expression", "generatePreview", "returnByValue", "userGesture"]
2026-10-06T17:02:48.379543+00:00 [Dummy-20] thread="Dummy-20" event="cdp.result" method="Runtime.evaluate" seconds=0.0 keys=["result"]
2026-10-06T17:02:48.530543+00:00 [Dummy-20] thread="Dummy-20" event="cdp.send" method="Runtime.evaluate" timeout=2 params=["awaitPromise", "expression", "generatePreview", "returnByValue", "userGesture"]
2026-10-06T17:02:48.532544+00:00 [Dummy-20] thread="Dummy-20" event="cdp.result" method="Runtime.evaluate" seconds=0.0 keys=["result"]
2026-10-06T17:02:48.533544+00:00 [Dummy-20] thread="Dummy-20" event="upload.state" present=2 uploading=false probe_ok=true pdf_exists=true template_exists=true attempts_failed=0
2026-10-06T17:02:48.533544+00:00 [Dummy-20] thread="Dummy-20" event="cdp.send" method="Runtime.evaluate" timeout=2 params=["awaitPromise", "expression", "generatePreview", "returnByValue", "userGesture"]
2026-10-06T17:02:48.537543+00:00 [Dummy-20] thread="Dummy-20" event="cdp.result" method="Runtime.evaluate" seconds=0.0 keys=["result"]
2026-10-06T17:02:48.537543+00:00 [Dummy-20] thread="Dummy-20" event="page.probe" category="google" ready="complete" bodyChildren=61 fileInputs=0 editors=1 frames=0 documentFocused=true activeEditable=true activeReadOnly=false activeDisabled=false
2026-10-06T17:02:48.554544+00:00 [Dummy-20] thread="Dummy-20" event="cdp.send" method="Runtime.evaluate" timeout=3 params=["awaitPromise", "expression", "generatePreview", "returnByValue", "userGesture"]
2026-10-06T17:02:48.556545+00:00 [Dummy-20] thread="Dummy-20" event="cdp.result" method="Runtime.evaluate" seconds=0.0 keys=["result"]
2026-10-06T17:02:48.708085+00:00 [Dummy-20] thread="Dummy-20" event="cdp.send" method="Runtime.evaluate" timeout=2 params=["awaitPromise", "expression", "generatePreview", "returnByValue", "userGesture"]
2026-10-06T17:02:48.709598+00:00 [Dummy-20] thread="Dummy-20" event="cdp.result" method="Runtime.evaluate" seconds=0.0 keys=["result"]
2026-10-06T17:02:48.718599+00:00 [Dummy-20] thread="Dummy-20" event="cdp.send" method="Runtime.evaluate" timeout=3 params=["awaitPromise", "expression", "generatePreview", "returnByValue", "userGesture"]
2026-10-06T17:02:48.721600+00:00 [Dummy-20] thread="Dummy-20" event="cdp.result" method="Runtime.evaluate" seconds=0.0 keys=["result"]
2026-10-06T17:02:48.872123+00:00 [Dummy-20] thread="Dummy-20" event="cdp.send" method="Runtime.evaluate" timeout=2 params=["awaitPromise", "expression", "generatePreview", "returnByValue", "userGesture"]
2026-10-06T17:02:48.875114+00:00 [Dummy-20] thread="Dummy-20" event="cdp.result" method="Runtime.evaluate" seconds=0.0 keys=["result"]
2026-10-06T17:02:48.883113+00:00 [Dummy-20] thread="Dummy-20" event="cdp.send" method="Runtime.evaluate" timeout=3 params=["awaitPromise", "expression", "generatePreview", "returnByValue", "userGesture"]
2026-10-06T17:02:48.885114+00:00 [Dummy-20] thread="Dummy-20" event="cdp.result" method="Runtime.evaluate" seconds=0.0 keys=["result"]
2026-10-06T17:02:48.976113+00:00 [MainThread] thread="MainThread" event="main.snapshot" visible=true minimized=false geometry=[2091, 332, 453, 735] dpr=1.0 chrome_hwnd=526152 worker_running=false chromium_exit=null overlay_visible=false page_verdict="ai_mode" native_mode=true chat_ready=true cover_visible=false settling=false
2026-10-06T17:02:49.036113+00:00 [Dummy-20] thread="Dummy-20" event="cdp.send" method="Runtime.evaluate" timeout=2 params=["awaitPromise", "expression", "generatePreview", "returnByValue", "userGesture"]
2026-10-06T17:02:49.037112+00:00 [Dummy-20] thread="Dummy-20" event="cdp.result" method="Runtime.evaluate" seconds=0.0 keys=["result"]
2026-10-06T17:02:49.048113+00:00 [Dummy-20] thread="Dummy-20" event="cdp.send" method="Runtime.evaluate" timeout=3 params=["awaitPromise", "expression", "generatePreview", "returnByValue", "userGesture"]
2026-10-06T17:02:49.049113+00:00 [Dummy-20] thread="Dummy-20" event="cdp.result" method="Runtime.evaluate" seconds=0.0 keys=["result"]
2026-10-06T17:02:49.118114+00:00 [DiagnosticWatchdog] thread="DiagnosticWatchdog" event="gui.heartbeat" age_seconds=1.0
2026-10-06T17:02:49.200114+00:00 [Dummy-20] thread="Dummy-20" event="cdp.send" method="Runtime.evaluate" timeout=2 params=["awaitPromise", "expression", "generatePreview", "returnByValue", "userGesture"]
2026-10-06T17:02:49.201113+00:00 [Dummy-20] thread="Dummy-20" event="cdp.result" method="Runtime.evaluate" seconds=0.0 keys=["result"]
2026-10-06T17:02:49.211112+00:00 [Dummy-20] thread="Dummy-20" event="cdp.send" method="Runtime.evaluate" timeout=3 params=["awaitPromise", "expression", "generatePreview", "returnByValue", "userGesture"]
2026-10-06T17:02:49.213115+00:00 [Dummy-20] thread="Dummy-20" event="cdp.result" method="Runtime.evaluate" seconds=0.0 keys=["result"]
2026-10-06T17:02:49.226115+00:00 [ResponsePoll] thread="ResponsePoll" event="cdp.send" method="Runtime.evaluate" timeout=1 params=["awaitPromise", "expression", "generatePreview", "returnByValue", "userGesture"]
2026-10-06T17:02:49.229113+00:00 [ResponsePoll] thread="ResponsePoll" event="cdp.result" method="Runtime.evaluate" seconds=0.0 keys=["result"]
2026-10-06T17:02:49.364111+00:00 [Dummy-20] thread="Dummy-20" event="cdp.send" method="Runtime.evaluate" timeout=2 params=["awaitPromise", "expression", "generatePreview", "returnByValue", "userGesture"]
2026-10-06T17:02:49.365112+00:00 [Dummy-20] thread="Dummy-20" event="cdp.result" method="Runtime.evaluate" seconds=0.0 keys=["result"]
2026-10-06T17:02:49.372113+00:00 [Dummy-20] thread="Dummy-20" event="cdp.send" method="Runtime.evaluate" timeout=3 params=["awaitPromise", "expression", "generatePreview", "returnByValue", "userGesture"]
2026-10-06T17:02:49.374113+00:00 [Dummy-20] thread="Dummy-20" event="cdp.result" method="Runtime.evaluate" seconds=0.0 keys=["result"]
2026-10-06T17:02:49.525112+00:00 [Dummy-20] thread="Dummy-20" event="cdp.send" method="Runtime.evaluate" timeout=2 params=["awaitPromise", "expression", "generatePreview", "returnByValue", "userGesture"]
2026-10-06T17:02:49.527115+00:00 [Dummy-20] thread="Dummy-20" event="cdp.result" method="Runtime.evaluate" seconds=0.0 keys=["result"]
2026-10-06T17:02:49.538114+00:00 [Dummy-20] thread="Dummy-20" event="cdp.send" method="Runtime.evaluate" timeout=3 params=["awaitPromise", "expression", "generatePreview", "returnByValue", "userGesture"]
2026-10-06T17:02:49.544113+00:00 [Dummy-20] thread="Dummy-20" event="cdp.result" method="Runtime.evaluate" seconds=0.0 keys=["result"]
2026-10-06T17:02:49.696114+00:00 [Dummy-20] thread="Dummy-20" event="cdp.send" method="Runtime.evaluate" timeout=2 params=["awaitPromise", "expression", "generatePreview", "returnByValue", "userGesture"]
2026-10-06T17:02:49.697113+00:00 [Dummy-20] thread="Dummy-20" event="cdp.result" method="Runtime.evaluate" seconds=0.0 keys=["result"]
2026-10-06T17:02:49.708115+00:00 [Dummy-20] thread="Dummy-20" event="cdp.send" method="Runtime.evaluate" timeout=3 params=["awaitPromise", "expression", "generatePreview", "returnByValue", "userGesture"]
2026-10-06T17:02:49.710112+00:00 [Dummy-20] thread="Dummy-20" event="cdp.result" method="Runtime.evaluate" seconds=0.016 keys=["result"]
2026-10-06T17:02:49.860640+00:00 [Dummy-20] thread="Dummy-20" event="cdp.send" method="Runtime.evaluate" timeout=2 params=["awaitPromise", "expression", "generatePreview", "returnByValue", "userGesture"]
2026-10-06T17:02:49.861170+00:00 [Dummy-20] thread="Dummy-20" event="cdp.result" method="Runtime.evaluate" seconds=0.0 keys=["result"]
2026-10-06T17:02:49.869152+00:00 [Dummy-20] thread="Dummy-20" event="cdp.send" method="Runtime.evaluate" timeout=3 params=["awaitPromise", "expression", "generatePreview", "returnByValue", "userGesture"]
2026-10-06T17:02:49.870151+00:00 [Dummy-20] thread="Dummy-20" event="cdp.result" method="Runtime.evaluate" seconds=0.0 keys=["result"]
2026-10-06T17:02:50.021150+00:00 [Dummy-20] thread="Dummy-20" event="cdp.send" method="Runtime.evaluate" timeout=2 params=["awaitPromise", "expression", "generatePreview", "returnByValue", "userGesture"]
2026-10-06T17:02:50.022153+00:00 [Dummy-20] thread="Dummy-20" event="cdp.result" method="Runtime.evaluate" seconds=0.0 keys=["result"]
2026-10-06T17:02:50.031152+00:00 [Dummy-20] thread="Dummy-20" event="cdp.send" method="Runtime.evaluate" timeout=3 params=["awaitPromise", "expression", "generatePreview", "returnByValue", "userGesture"]
2026-10-06T17:02:50.041152+00:00 [Dummy-20] thread="Dummy-20" event="cdp.result" method="Runtime.evaluate" seconds=0.016 keys=["result"]
2026-10-06T17:02:50.192152+00:00 [Dummy-20] thread="Dummy-20" event="cdp.send" method="Runtime.evaluate" timeout=2 params=["awaitPromise", "expression", "generatePreview", "returnByValue", "userGesture"]
2026-10-06T17:02:50.193155+00:00 [Dummy-20] thread="Dummy-20" event="cdp.result" method="Runtime.evaluate" seconds=0.0 keys=["result"]
2026-10-06T17:02:50.200152+00:00 [Dummy-20] thread="Dummy-20" event="cdp.send" method="Runtime.evaluate" timeout=3 params=["awaitPromise", "expression", "generatePreview", "returnByValue", "userGesture"]
2026-10-06T17:02:50.201152+00:00 [Dummy-20] thread="Dummy-20" event="cdp.result" method="Runtime.evaluate" seconds=0.0 keys=["result"]
2026-10-06T17:02:50.228152+00:00 [ResponsePoll] thread="ResponsePoll" event="cdp.send" method="Runtime.evaluate" timeout=1 params=["awaitPromise", "expression", "generatePreview", "returnByValue", "userGesture"]
2026-10-06T17:02:50.229152+00:00 [ResponsePoll] thread="ResponsePoll" event="cdp.result" method="Runtime.evaluate" seconds=0.0 keys=["result"]
2026-10-06T17:02:50.352152+00:00 [Dummy-20] thread="Dummy-20" event="cdp.send" method="Runtime.evaluate" timeout=2 params=["awaitPromise", "expression", "generatePreview", "returnByValue", "userGesture"]
2026-10-06T17:02:50.353152+00:00 [Dummy-20] thread="Dummy-20" event="cdp.result" method="Runtime.evaluate" seconds=0.0 keys=["result"]
2026-10-06T17:02:50.360151+00:00 [Dummy-20] thread="Dummy-20" event="cdp.send" method="Runtime.evaluate" timeout=3 params=["awaitPromise", "expression", "generatePreview", "returnByValue", "userGesture"]
2026-10-06T17:02:50.361150+00:00 [Dummy-20] thread="Dummy-20" event="cdp.result" method="Runtime.evaluate" seconds=0.0 keys=["result"]
2026-10-06T17:02:50.512154+00:00 [Dummy-20] thread="Dummy-20" event="cdp.send" method="Runtime.evaluate" timeout=2 params=["awaitPromise", "expression", "generatePreview", "returnByValue", "userGesture"]
2026-10-06T17:02:50.513152+00:00 [Dummy-20] thread="Dummy-20" event="cdp.result" method="Runtime.evaluate" seconds=0.0 keys=["result"]
2026-10-06T17:02:50.520151+00:00 [Dummy-20] thread="Dummy-20" event="cdp.send" method="Runtime.evaluate" timeout=3 params=["awaitPromise", "expression", "generatePreview", "returnByValue", "userGesture"]
2026-10-06T17:02:50.521152+00:00 [Dummy-20] thread="Dummy-20" event="cdp.result" method="Runtime.evaluate" seconds=0.0 keys=["result"]
2026-10-06T17:02:50.672152+00:00 [Dummy-20] thread="Dummy-20" event="cdp.send" method="Runtime.evaluate" timeout=2 params=["awaitPromise", "expression", "generatePreview", "returnByValue", "userGesture"]
2026-10-06T17:02:50.677152+00:00 [Dummy-20] thread="Dummy-20" event="cdp.result" method="Runtime.evaluate" seconds=0.0 keys=["result"]
2026-10-06T17:02:50.688152+00:00 [Dummy-20] thread="Dummy-20" event="cdp.send" method="Runtime.evaluate" timeout=3 params=["awaitPromise", "expression", "generatePreview", "returnByValue", "userGesture"]
2026-10-06T17:02:50.690152+00:00 [Dummy-20] thread="Dummy-20" event="cdp.result" method="Runtime.evaluate" seconds=0.0 keys=["result"]
2026-10-06T17:02:50.804155+00:00 [MainThread] thread="MainThread" event="focus.already_owned" browser=526152
2026-10-06T17:02:50.841151+00:00 [Dummy-20] thread="Dummy-20" event="cdp.send" method="Runtime.evaluate" timeout=2 params=["awaitPromise", "expression", "generatePreview", "returnByValue", "userGesture"]
2026-10-06T17:02:50.842152+00:00 [Dummy-20] thread="Dummy-20" event="cdp.result" method="Runtime.evaluate" seconds=0.0 keys=["result"]
2026-10-06T17:02:50.849150+00:00 [Dummy-20] thread="Dummy-20" event="cdp.send" method="Runtime.evaluate" timeout=3 params=["awaitPromise", "expression", "generatePreview", "returnByValue", "userGesture"]
2026-10-06T17:02:50.850151+00:00 [Dummy-20] thread="Dummy-20" event="cdp.result" method="Runtime.evaluate" seconds=0.0 keys=["result"]
2026-10-06T17:02:51.001151+00:00 [Dummy-20] thread="Dummy-20" event="cdp.send" method="Runtime.evaluate" timeout=2 params=["awaitPromise", "expression", "generatePreview", "returnByValue", "userGesture"]
2026-10-06T17:02:51.002151+00:00 [Dummy-20] thread="Dummy-20" event="cdp.result" method="Runtime.evaluate" seconds=0.0 keys=["result"]
2026-10-06T17:02:51.009151+00:00 [Dummy-20] thread="Dummy-20" event="cdp.send" method="Runtime.evaluate" timeout=3 params=["awaitPromise", "expression", "generatePreview", "returnByValue", "userGesture"]
2026-10-06T17:02:51.010153+00:00 [Dummy-20] thread="Dummy-20" event="cdp.result" method="Runtime.evaluate" seconds=0.0 keys=["result"]
2026-10-06T17:02:51.161150+00:00 [Dummy-20] thread="Dummy-20" event="cdp.send" method="Runtime.evaluate" timeout=2 params=["awaitPromise", "expression", "generatePreview", "returnByValue", "userGesture"]
2026-10-06T17:02:51.162152+00:00 [Dummy-20] thread="Dummy-20" event="cdp.result" method="Runtime.evaluate" seconds=0.0 keys=["result"]
2026-10-06T17:02:51.170151+00:00 [Dummy-20] thread="Dummy-20" event="cdp.send" method="Runtime.evaluate" timeout=3 params=["awaitPromise", "expression", "generatePreview", "returnByValue", "userGesture"]
2026-10-06T17:02:51.174152+00:00 [Dummy-20] thread="Dummy-20" event="cdp.result" method="Runtime.evaluate" seconds=0.0 keys=["result"]
2026-10-06T17:02:51.226150+00:00 [MainThread] thread="MainThread" event="trace.begin" name="NativeHost.hide_taskbar" args=1 kwargs=0
2026-10-06T17:02:51.313150+00:00 [MainThread] thread="MainThread" event="win32.taskbar_hidden" hwnd=526152 style=true delete_tab=false
2026-10-06T17:02:51.317151+00:00 [MainThread] thread="MainThread" event="trace.end" name="NativeHost.hide_taskbar" seconds=0.078
2026-10-06T17:02:51.318152+00:00 [Thread-23 (_zoom_guard_once)] thread="Thread-23 (_zoom_guard_once)" event="cdp.send" method="Emulation.setLocaleOverride" timeout=4 params=["locale"]
2026-10-06T17:02:51.318152+00:00 [Thread-23 (_zoom_guard_once)] thread="Thread-23 (_zoom_guard_once)" event="cdp.result" method="Emulation.setLocaleOverride" seconds=0.0 keys=[]
2026-10-06T17:02:51.318152+00:00 [ResponsePoll] thread="ResponsePoll" event="cdp.send" method="Runtime.evaluate" timeout=1 params=["awaitPromise", "expression", "generatePreview", "returnByValue", "userGesture"]
2026-10-06T17:02:51.319152+00:00 [MainThread] thread="MainThread" event="focus.already_owned" browser=526152
2026-10-06T17:02:51.319152+00:00 [ResponsePoll] thread="ResponsePoll" event="cdp.result" method="Runtime.evaluate" seconds=0.0 keys=["result"]
2026-10-06T17:02:51.319152+00:00 [Thread-23 (_zoom_guard_once)] thread="Thread-23 (_zoom_guard_once)" event="cdp.send" method="Emulation.setAutoDarkModeOverride" timeout=4 params=["enabled"]
2026-10-06T17:02:51.320152+00:00 [MainThread] thread="MainThread" event="stage.begin" name="DecrementWorker.__init__"
2026-10-06T17:02:51.320152+00:00 [MainThread] thread="MainThread" event="stage.end" name="DecrementWorker.__init__" seconds=0.0
2026-10-06T17:02:51.320152+00:00 [Thread-23 (_zoom_guard_once)] thread="Thread-23 (_zoom_guard_once)" event="cdp.result" method="Emulation.setAutoDarkModeOverride" seconds=0.015 keys=[]
2026-10-06T17:02:51.320152+00:00 [Thread-23 (_zoom_guard_once)] thread="Thread-23 (_zoom_guard_once)" event="cdp.send" method="Emulation.setEmulatedMedia" timeout=4 params=["features"]
2026-10-06T17:02:51.320152+00:00 [Dummy-24] thread="Dummy-24" event="http.begin" method="post" host="legalyzeai.ru" path="/api/client/queries"
2026-10-06T17:02:51.321150+00:00 [Thread-23 (_zoom_guard_once)] thread="Thread-23 (_zoom_guard_once)" event="cdp.result" method="Emulation.setEmulatedMedia" seconds=0.0 keys=[]
2026-10-06T17:02:51.321150+00:00 [Thread-23 (_zoom_guard_once)] thread="Thread-23 (_zoom_guard_once)" event="cdp.send" method="Runtime.evaluate" timeout=3 params=["awaitPromise", "expression", "generatePreview", "returnByValue", "userGesture"]
2026-10-06T17:02:51.322150+00:00 [Thread-23 (_zoom_guard_once)] thread="Thread-23 (_zoom_guard_once)" event="cdp.result" method="Runtime.evaluate" seconds=0.0 keys=["result"]
2026-10-06T17:02:51.325151+00:00 [Dummy-20] thread="Dummy-20" event="cdp.send" method="Runtime.evaluate" timeout=2 params=["awaitPromise", "expression", "generatePreview", "returnByValue", "userGesture"]
2026-10-06T17:02:51.326153+00:00 [Dummy-20] thread="Dummy-20" event="cdp.result" method="Runtime.evaluate" seconds=0.0 keys=["result"]
2026-10-06T17:02:51.332151+00:00 [Dummy-20] thread="Dummy-20" event="cdp.send" method="Runtime.evaluate" timeout=3 params=["awaitPromise", "expression", "generatePreview", "returnByValue", "userGesture"]
2026-10-06T17:02:51.333151+00:00 [Dummy-20] thread="Dummy-20" event="cdp.result" method="Runtime.evaluate" seconds=0.0 keys=["result"]
2026-10-06T17:02:51.484153+00:00 [Dummy-20] thread="Dummy-20" event="cdp.send" method="Runtime.evaluate" timeout=2 params=["awaitPromise", "expression", "generatePreview", "returnByValue", "userGesture"]
2026-10-06T17:02:51.486153+00:00 [Dummy-20] thread="Dummy-20" event="cdp.result" method="Runtime.evaluate" seconds=0.0 keys=["result"]
2026-10-06T17:02:51.495153+00:00 [Dummy-20] thread="Dummy-20" event="cdp.send" method="Runtime.evaluate" timeout=3 params=["awaitPromise", "expression", "generatePreview", "returnByValue", "userGesture"]
2026-10-06T17:02:51.496153+00:00 [Dummy-20] thread="Dummy-20" event="cdp.result" method="Runtime.evaluate" seconds=0.0 keys=["result"]
2026-10-06T17:02:51.647150+00:00 [Dummy-20] thread="Dummy-20" event="cdp.send" method="Runtime.evaluate" timeout=2 params=["awaitPromise", "expression", "generatePreview", "returnByValue", "userGesture"]
2026-10-06T17:02:51.648151+00:00 [Dummy-20] thread="Dummy-20" event="cdp.result" method="Runtime.evaluate" seconds=0.015 keys=["result"]
2026-10-06T17:02:51.655150+00:00 [Dummy-20] thread="Dummy-20" event="cdp.send" method="Runtime.evaluate" timeout=3 params=["awaitPromise", "expression", "generatePreview", "returnByValue", "userGesture"]
2026-10-06T17:02:51.657152+00:00 [Dummy-20] thread="Dummy-20" event="cdp.result" method="Runtime.evaluate" seconds=0.0 keys=["result"]
2026-10-06T17:02:51.808153+00:00 [Dummy-20] thread="Dummy-20" event="cdp.send" method="Runtime.evaluate" timeout=2 params=["awaitPromise", "expression", "generatePreview", "returnByValue", "userGesture"]
2026-10-06T17:02:51.809152+00:00 [Dummy-20] thread="Dummy-20" event="cdp.result" method="Runtime.evaluate" seconds=0.0 keys=["result"]
2026-10-06T17:02:51.819153+00:00 [Dummy-20] thread="Dummy-20" event="cdp.send" method="Runtime.evaluate" timeout=3 params=["awaitPromise", "expression", "generatePreview", "returnByValue", "userGesture"]
2026-10-06T17:02:51.821150+00:00 [Dummy-20] thread="Dummy-20" event="cdp.result" method="Runtime.evaluate" seconds=0.015 keys=["result"]
2026-10-06T17:02:51.834152+00:00 [Dummy-24] thread="Dummy-24" event="http.end" method="post" host="legalyzeai.ru" path="/api/client/queries" status=200 seconds=0.5
2026-10-06T17:02:51.972152+00:00 [Dummy-20] thread="Dummy-20" event="cdp.send" method="Runtime.evaluate" timeout=2 params=["awaitPromise", "expression", "generatePreview", "returnByValue", "userGesture"]
2026-10-06T17:02:51.973150+00:00 [Dummy-20] thread="Dummy-20" event="cdp.result" method="Runtime.evaluate" seconds=0.0 keys=["result"]
2026-10-06T17:02:51.981153+00:00 [Dummy-20] thread="Dummy-20" event="cdp.send" method="Runtime.evaluate" timeout=3 params=["awaitPromise", "expression", "generatePreview", "returnByValue", "userGesture"]
2026-10-06T17:02:51.982151+00:00 [Dummy-20] thread="Dummy-20" event="cdp.result" method="Runtime.evaluate" seconds=0.0 keys=["result"]
2026-10-06T17:02:52.133151+00:00 [Dummy-20] thread="Dummy-20" event="cdp.send" method="Runtime.evaluate" timeout=2 params=["awaitPromise", "expression", "generatePreview", "returnByValue", "userGesture"]
2026-10-06T17:02:52.134150+00:00 [Dummy-20] thread="Dummy-20" event="cdp.result" method="Runtime.evaluate" seconds=0.0 keys=["result"]
2026-10-06T17:02:52.140150+00:00 [Dummy-20] thread="Dummy-20" event="cdp.send" method="Runtime.evaluate" timeout=3 params=["awaitPromise", "expression", "generatePreview", "returnByValue", "userGesture"]
2026-10-06T17:02:52.141150+00:00 [Dummy-20] thread="Dummy-20" event="cdp.result" method="Runtime.evaluate" seconds=0.0 keys=["result"]
2026-10-06T17:02:52.226150+00:00 [ResponsePoll] thread="ResponsePoll" event="cdp.send" method="Runtime.evaluate" timeout=1 params=["awaitPromise", "expression", "generatePreview", "returnByValue", "userGesture"]
2026-10-06T17:02:52.228152+00:00 [ResponsePoll] thread="ResponsePoll" event="cdp.result" method="Runtime.evaluate" seconds=0.0 keys=["result"]
2026-10-06T17:02:52.292152+00:00 [Dummy-20] thread="Dummy-20" event="cdp.send" method="Runtime.evaluate" timeout=2 params=["awaitPromise", "expression", "generatePreview", "returnByValue", "userGesture"]
2026-10-06T17:02:52.293153+00:00 [Dummy-20] thread="Dummy-20" event="cdp.result" method="Runtime.evaluate" seconds=0.0 keys=["result"]
2026-10-06T17:02:52.300152+00:00 [Dummy-20] thread="Dummy-20" event="cdp.send" method="Runtime.evaluate" timeout=3 params=["awaitPromise", "expression", "generatePreview", "returnByValue", "userGesture"]
2026-10-06T17:02:52.301152+00:00 [Dummy-20] thread="Dummy-20" event="cdp.result" method="Runtime.evaluate" seconds=0.0 keys=["result"]
2026-10-06T17:02:52.452152+00:00 [Dummy-20] thread="Dummy-20" event="cdp.send" method="Runtime.evaluate" timeout=2 params=["awaitPromise", "expression", "generatePreview", "returnByValue", "userGesture"]
2026-10-06T17:02:52.453151+00:00 [Dummy-20] thread="Dummy-20" event="cdp.result" method="Runtime.evaluate" seconds=0.0 keys=["result"]
2026-10-06T17:02:52.460152+00:00 [Dummy-20] thread="Dummy-20" event="cdp.send" method="Runtime.evaluate" timeout=3 params=["awaitPromise", "expression", "generatePreview", "returnByValue", "userGesture"]
2026-10-06T17:02:52.461153+00:00 [Dummy-20] thread="Dummy-20" event="cdp.result" method="Runtime.evaluate" seconds=0.0 keys=["result"]
2026-10-06T17:02:52.612150+00:00 [Dummy-20] thread="Dummy-20" event="cdp.send" method="Runtime.evaluate" timeout=2 params=["awaitPromise", "expression", "generatePreview", "returnByValue", "userGesture"]
2026-10-06T17:02:52.613150+00:00 [Dummy-20] thread="Dummy-20" event="cdp.result" method="Runtime.evaluate" seconds=0.0 keys=["result"]
2026-10-06T17:02:52.623152+00:00 [Dummy-20] thread="Dummy-20" event="cdp.send" method="Runtime.evaluate" timeout=3 params=["awaitPromise", "expression", "generatePreview", "returnByValue", "userGesture"]
2026-10-06T17:02:52.625152+00:00 [Dummy-20] thread="Dummy-20" event="cdp.result" method="Runtime.evaluate" seconds=0.0 keys=["result"]
2026-10-06T17:02:52.776152+00:00 [Dummy-20] thread="Dummy-20" event="cdp.send" method="Runtime.evaluate" timeout=2 params=["awaitPromise", "expression", "generatePreview", "returnByValue", "userGesture"]
2026-10-06T17:02:52.777152+00:00 [Dummy-20] thread="Dummy-20" event="cdp.result" method="Runtime.evaluate" seconds=0.0 keys=["result"]
2026-10-06T17:02:52.786150+00:00 [Dummy-20] thread="Dummy-20" event="cdp.send" method="Runtime.evaluate" timeout=3 params=["awaitPromise", "expression", "generatePreview", "returnByValue", "userGesture"]
2026-10-06T17:02:52.788151+00:00 [Dummy-20] thread="Dummy-20" event="cdp.result" method="Runtime.evaluate" seconds=0.016 keys=["result"]
2026-10-06T17:02:52.939151+00:00 [Dummy-20] thread="Dummy-20" event="cdp.send" method="Runtime.evaluate" timeout=2 params=["awaitPromise", "expression", "generatePreview", "returnByValue", "userGesture"]
2026-10-06T17:02:52.940152+00:00 [Dummy-20] thread="Dummy-20" event="cdp.result" method="Runtime.evaluate" seconds=0.0 keys=["result"]
2026-10-06T17:02:52.947150+00:00 [Dummy-20] thread="Dummy-20" event="cdp.send" method="Runtime.evaluate" timeout=3 params=["awaitPromise", "expression", "generatePreview", "returnByValue", "userGesture"]
2026-10-06T17:02:52.948153+00:00 [Dummy-20] thread="Dummy-20" event="cdp.result" method="Runtime.evaluate" seconds=0.0 keys=["result"]
2026-10-06T17:02:53.099150+00:00 [Dummy-20] thread="Dummy-20" event="cdp.send" method="Runtime.evaluate" timeout=2 params=["awaitPromise", "expression", "generatePreview", "returnByValue", "userGesture"]
2026-10-06T17:02:53.100150+00:00 [Dummy-20] thread="Dummy-20" event="cdp.result" method="Runtime.evaluate" seconds=0.0 keys=["result"]
2026-10-06T17:02:53.106150+00:00 [Dummy-20] thread="Dummy-20" event="cdp.send" method="Runtime.evaluate" timeout=3 params=["awaitPromise", "expression", "generatePreview", "returnByValue", "userGesture"]
2026-10-06T17:02:53.107150+00:00 [Dummy-20] thread="Dummy-20" event="cdp.result" method="Runtime.evaluate" seconds=0.0 keys=["result"]
2026-10-06T17:02:53.226151+00:00 [ResponsePoll] thread="ResponsePoll" event="cdp.send" method="Runtime.evaluate" timeout=1 params=["awaitPromise", "expression", "generatePreview", "returnByValue", "userGesture"]
2026-10-06T17:02:53.228152+00:00 [ResponsePoll] thread="ResponsePoll" event="cdp.result" method="Runtime.evaluate" seconds=0.0 keys=["result"]
2026-10-06T17:02:53.259151+00:00 [Dummy-20] thread="Dummy-20" event="cdp.send" method="Runtime.evaluate" timeout=2 params=["awaitPromise", "expression", "generatePreview", "returnByValue", "userGesture"]
2026-10-06T17:02:53.260153+00:00 [Dummy-20] thread="Dummy-20" event="cdp.result" method="Runtime.evaluate" seconds=0.0 keys=["result"]
2026-10-06T17:02:53.266150+00:00 [Dummy-20] thread="Dummy-20" event="cdp.send" method="Runtime.evaluate" timeout=3 params=["awaitPromise", "expression", "generatePreview", "returnByValue", "userGesture"]
2026-10-06T17:02:53.268151+00:00 [Dummy-20] thread="Dummy-20" event="cdp.result" method="Runtime.evaluate" seconds=0.0 keys=["result"]
2026-10-06T17:02:53.419150+00:00 [Dummy-20] thread="Dummy-20" event="cdp.send" method="Runtime.evaluate" timeout=2 params=["awaitPromise", "expression", "generatePreview", "returnByValue", "userGesture"]
2026-10-06T17:02:53.420151+00:00 [Dummy-20] thread="Dummy-20" event="cdp.result" method="Runtime.evaluate" seconds=0.0 keys=["result"]
2026-10-06T17:02:53.426151+00:00 [Dummy-20] thread="Dummy-20" event="cdp.send" method="Runtime.evaluate" timeout=3 params=["awaitPromise", "expression", "generatePreview", "returnByValue", "userGesture"]
2026-10-06T17:02:53.427150+00:00 [Dummy-20] thread="Dummy-20" event="cdp.result" method="Runtime.evaluate" seconds=0.0 keys=["result"]
2026-10-06T17:02:53.577717+00:00 [Dummy-20] thread="Dummy-20" event="cdp.send" method="Runtime.evaluate" timeout=2 params=["awaitPromise", "expression", "generatePreview", "returnByValue", "userGesture"]
2026-10-06T17:02:53.579662+00:00 [Dummy-20] thread="Dummy-20" event="cdp.result" method="Runtime.evaluate" seconds=0.0 keys=["result"]
2026-10-06T17:02:53.579662+00:00 [Dummy-20] thread="Dummy-20" event="upload.state" present=2 uploading=false probe_ok=true pdf_exists=true template_exists=true attempts_failed=0
2026-10-06T17:02:53.579662+00:00 [Dummy-20] thread="Dummy-20" event="cdp.send" method="Runtime.evaluate" timeout=2 params=["awaitPromise", "expression", "generatePreview", "returnByValue", "userGesture"]
2026-10-06T17:02:53.581664+00:00 [Dummy-20] thread="Dummy-20" event="cdp.result" method="Runtime.evaluate" seconds=0.0 keys=["result"]
2026-10-06T17:02:53.581664+00:00 [Dummy-20] thread="Dummy-20" event="page.probe" category="google" ready="complete" bodyChildren=74 fileInputs=0 editors=2 frames=0 documentFocused=true activeEditable=true activeReadOnly=false activeDisabled=false
2026-10-06T17:02:53.588662+00:00 [Dummy-20] thread="Dummy-20" event="cdp.send" method="Runtime.evaluate" timeout=3 params=["awaitPromise", "expression", "generatePreview", "returnByValue", "userGesture"]
2026-10-06T17:02:53.590662+00:00 [Dummy-20] thread="Dummy-20" event="cdp.result" method="Runtime.evaluate" seconds=0.0 keys=["result"]
2026-10-06T17:02:53.741664+00:00 [Dummy-20] thread="Dummy-20" event="cdp.send" method="Runtime.evaluate" timeout=2 params=["awaitPromise", "expression", "generatePreview", "returnByValue", "userGesture"]
2026-10-06T17:02:53.742663+00:00 [Dummy-20] thread="Dummy-20" event="cdp.result" method="Runtime.evaluate" seconds=0.0 keys=["result"]
2026-10-06T17:02:53.749661+00:00 [Dummy-20] thread="Dummy-20" event="cdp.send" method="Runtime.evaluate" timeout=3 params=["awaitPromise", "expression", "generatePreview", "returnByValue", "userGesture"]
2026-10-06T17:02:53.751662+00:00 [Dummy-20] thread="Dummy-20" event="cdp.result" method="Runtime.evaluate" seconds=0.0 keys=["result"]
2026-10-06T17:02:53.902730+00:00 [Dummy-20] thread="Dummy-20" event="cdp.send" method="Runtime.evaluate" timeout=2 params=["awaitPromise", "expression", "generatePreview", "returnByValue", "userGesture"]
2026-10-06T17:02:53.903703+00:00 [Dummy-20] thread="Dummy-20" event="cdp.result" method="Runtime.evaluate" seconds=0.0 keys=["result"]
2026-10-06T17:02:53.910702+00:00 [Dummy-20] thread="Dummy-20" event="cdp.send" method="Runtime.evaluate" timeout=3 params=["awaitPromise", "expression", "generatePreview", "returnByValue", "userGesture"]
2026-10-06T17:02:53.911702+00:00 [Dummy-20] thread="Dummy-20" event="cdp.result" method="Runtime.evaluate" seconds=0.0 keys=["result"]
2026-10-06T17:02:53.975701+00:00 [MainThread] thread="MainThread" event="main.snapshot" visible=true minimized=false geometry=[2091, 332, 453, 735] dpr=1.0 chrome_hwnd=526152 worker_running=false chromium_exit=null overlay_visible=false page_verdict="ai_mode" native_mode=true chat_ready=true cover_visible=false settling=false
2026-10-06T17:02:54.063703+00:00 [Dummy-20] thread="Dummy-20" event="cdp.send" method="Runtime.evaluate" timeout=2 params=["awaitPromise", "expression", "generatePreview", "returnByValue", "userGesture"]
2026-10-06T17:02:54.065703+00:00 [Dummy-20] thread="Dummy-20" event="cdp.result" method="Runtime.evaluate" seconds=0.0 keys=["result"]
2026-10-06T17:02:54.075704+00:00 [Dummy-20] thread="Dummy-20" event="cdp.send" method="Runtime.evaluate" timeout=3 params=["awaitPromise", "expression", "generatePreview", "returnByValue", "userGesture"]
2026-10-06T17:02:54.077703+00:00 [Dummy-20] thread="Dummy-20" event="cdp.result" method="Runtime.evaluate" seconds=0.0 keys=["result"]
2026-10-06T17:02:54.178703+00:00 [MainThread] thread="MainThread" event="focus.already_owned" browser=526152
2026-10-06T17:02:54.225702+00:00 [ResponsePoll] thread="ResponsePoll" event="cdp.send" method="Runtime.evaluate" timeout=1 params=["awaitPromise", "expression", "generatePreview", "returnByValue", "userGesture"]
2026-10-06T17:02:54.226703+00:00 [ResponsePoll] thread="ResponsePoll" event="cdp.result" method="Runtime.evaluate" seconds=0.0 keys=["result"]
2026-10-06T17:02:54.228225+00:00 [Dummy-20] thread="Dummy-20" event="cdp.send" method="Runtime.evaluate" timeout=2 params=["awaitPromise", "expression", "generatePreview", "returnByValue", "userGesture"]
2026-10-06T17:02:54.229219+00:00 [Dummy-20] thread="Dummy-20" event="cdp.result" method="Runtime.evaluate" seconds=0.0 keys=["result"]
2026-10-06T17:02:54.236219+00:00 [Dummy-20] thread="Dummy-20" event="cdp.send" method="Runtime.evaluate" timeout=3 params=["awaitPromise", "expression", "generatePreview", "returnByValue", "userGesture"]
2026-10-06T17:02:54.240218+00:00 [Dummy-20] thread="Dummy-20" event="cdp.result" method="Runtime.evaluate" seconds=0.0 keys=["result"]
2026-10-06T17:02:54.391220+00:00 [Dummy-20] thread="Dummy-20" event="cdp.send" method="Runtime.evaluate" timeout=2 params=["awaitPromise", "expression", "generatePreview", "returnByValue", "userGesture"]
2026-10-06T17:02:54.392219+00:00 [Dummy-20] thread="Dummy-20" event="cdp.result" method="Runtime.evaluate" seconds=0.0 keys=["result"]
2026-10-06T17:02:54.402220+00:00 [Dummy-20] thread="Dummy-20" event="cdp.send" method="Runtime.evaluate" timeout=3 params=["awaitPromise", "expression", "generatePreview", "returnByValue", "userGesture"]
2026-10-06T17:02:54.404221+00:00 [Dummy-20] thread="Dummy-20" event="cdp.result" method="Runtime.evaluate" seconds=0.0 keys=["result"]
2026-10-06T17:02:54.555748+00:00 [Dummy-20] thread="Dummy-20" event="cdp.send" method="Runtime.evaluate" timeout=2 params=["awaitPromise", "expression", "generatePreview", "returnByValue", "userGesture"]
2026-10-06T17:02:54.558261+00:00 [Dummy-20] thread="Dummy-20" event="cdp.result" method="Runtime.evaluate" seconds=0.0 keys=["result"]
2026-10-06T17:02:54.566260+00:00 [Dummy-20] thread="Dummy-20" event="cdp.send" method="Runtime.evaluate" timeout=3 params=["awaitPromise", "expression", "generatePreview", "returnByValue", "userGesture"]
2026-10-06T17:02:54.568260+00:00 [Dummy-20] thread="Dummy-20" event="cdp.result" method="Runtime.evaluate" seconds=0.0 keys=["result"]
2026-10-06T17:02:54.720261+00:00 [Dummy-20] thread="Dummy-20" event="cdp.send" method="Runtime.evaluate" timeout=2 params=["awaitPromise", "expression", "generatePreview", "returnByValue", "userGesture"]
2026-10-06T17:02:54.721260+00:00 [Dummy-20] thread="Dummy-20" event="cdp.result" method="Runtime.evaluate" seconds=0.0 keys=["result"]
2026-10-06T17:02:54.730259+00:00 [Dummy-20] thread="Dummy-20" event="cdp.send" method="Runtime.evaluate" timeout=3 params=["awaitPromise", "expression", "generatePreview", "returnByValue", "userGesture"]
2026-10-06T17:02:54.731260+00:00 [Dummy-20] thread="Dummy-20" event="cdp.result" method="Runtime.evaluate" seconds=0.0 keys=["result"]
2026-10-06T17:02:54.882260+00:00 [Dummy-20] thread="Dummy-20" event="cdp.send" method="Runtime.evaluate" timeout=2 params=["awaitPromise", "expression", "generatePreview", "returnByValue", "userGesture"]
2026-10-06T17:02:54.883260+00:00 [Dummy-20] thread="Dummy-20" event="cdp.result" method="Runtime.evaluate" seconds=0.0 keys=["result"]
2026-10-06T17:02:54.891260+00:00 [Dummy-20] thread="Dummy-20" event="cdp.send" method="Runtime.evaluate" timeout=3 params=["awaitPromise", "expression", "generatePreview", "returnByValue", "userGesture"]
2026-10-06T17:02:54.892261+00:00 [Dummy-20] thread="Dummy-20" event="cdp.result" method="Runtime.evaluate" seconds=0.0 keys=["result"]
2026-10-06T17:02:55.044259+00:00 [Dummy-20] thread="Dummy-20" event="cdp.send" method="Runtime.evaluate" timeout=2 params=["awaitPromise", "expression", "generatePreview", "returnByValue", "userGesture"]
2026-10-06T17:02:55.045259+00:00 [Dummy-20] thread="Dummy-20" event="cdp.result" method="Runtime.evaluate" seconds=0.0 keys=["result"]
2026-10-06T17:02:55.052260+00:00 [Dummy-20] thread="Dummy-20" event="cdp.send" method="Runtime.evaluate" timeout=3 params=["awaitPromise", "expression", "generatePreview", "returnByValue", "userGesture"]
2026-10-06T17:02:55.053260+00:00 [Dummy-20] thread="Dummy-20" event="cdp.result" method="Runtime.evaluate" seconds=0.0 keys=["result"]
2026-10-06T17:02:55.204259+00:00 [Dummy-20] thread="Dummy-20" event="cdp.send" method="Runtime.evaluate" timeout=2 params=["awaitPromise", "expression", "generatePreview", "returnByValue", "userGesture"]
2026-10-06T17:02:55.205261+00:00 [Dummy-20] thread="Dummy-20" event="cdp.result" method="Runtime.evaluate" seconds=0.0 keys=["result"]
2026-10-06T17:02:55.212262+00:00 [Dummy-20] thread="Dummy-20" event="cdp.send" method="Runtime.evaluate" timeout=3 params=["awaitPromise", "expression", "generatePreview", "returnByValue", "userGesture"]
2026-10-06T17:02:55.214259+00:00 [Dummy-20] thread="Dummy-20" event="cdp.result" method="Runtime.evaluate" seconds=0.0 keys=["result"]
2026-10-06T17:02:55.226259+00:00 [ResponsePoll] thread="ResponsePoll" event="cdp.send" method="Runtime.evaluate" timeout=1 params=["awaitPromise", "expression", "generatePreview", "returnByValue", "userGesture"]
2026-10-06T17:02:55.228261+00:00 [ResponsePoll] thread="ResponsePoll" event="cdp.result" method="Runtime.evaluate" seconds=0.0 keys=["result"]
2026-10-06T17:02:55.365259+00:00 [Dummy-20] thread="Dummy-20" event="cdp.send" method="Runtime.evaluate" timeout=2 params=["awaitPromise", "expression", "generatePreview", "returnByValue", "userGesture"]
2026-10-06T17:02:55.366261+00:00 [Dummy-20] thread="Dummy-20" event="cdp.result" method="Runtime.evaluate" seconds=0.015 keys=["result"]
2026-10-06T17:02:55.375260+00:00 [Dummy-20] thread="Dummy-20" event="cdp.send" method="Runtime.evaluate" timeout=3 params=["awaitPromise", "expression", "generatePreview", "returnByValue", "userGesture"]
2026-10-06T17:02:55.376259+00:00 [Dummy-20] thread="Dummy-20" event="cdp.result" method="Runtime.evaluate" seconds=0.0 keys=["result"]
2026-10-06T17:02:55.527785+00:00 [Dummy-20] thread="Dummy-20" event="cdp.send" method="Runtime.evaluate" timeout=2 params=["awaitPromise", "expression", "generatePreview", "returnByValue", "userGesture"]
2026-10-06T17:02:55.528781+00:00 [Dummy-20] thread="Dummy-20" event="cdp.result" method="Runtime.evaluate" seconds=0.0 keys=["result"]
2026-10-06T17:02:55.534780+00:00 [Dummy-20] thread="Dummy-20" event="cdp.send" method="Runtime.evaluate" timeout=3 params=["awaitPromise", "expression", "generatePreview", "returnByValue", "userGesture"]
2026-10-06T17:02:55.536780+00:00 [Dummy-20] thread="Dummy-20" event="cdp.result" method="Runtime.evaluate" seconds=0.0 keys=["result"]
2026-10-06T17:02:55.687778+00:00 [Dummy-20] thread="Dummy-20" event="cdp.send" method="Runtime.evaluate" timeout=2 params=["awaitPromise", "expression", "generatePreview", "returnByValue", "userGesture"]
2026-10-06T17:02:55.688780+00:00 [Dummy-20] thread="Dummy-20" event="cdp.result" method="Runtime.evaluate" seconds=0.0 keys=["result"]
2026-10-06T17:02:55.694780+00:00 [Dummy-20] thread="Dummy-20" event="cdp.send" method="Runtime.evaluate" timeout=3 params=["awaitPromise", "expression", "generatePreview", "returnByValue", "userGesture"]
2026-10-06T17:02:55.695780+00:00 [Dummy-20] thread="Dummy-20" event="cdp.result" method="Runtime.evaluate" seconds=0.0 keys=["result"]
2026-10-06T17:02:55.756779+00:00 [MainThread] thread="MainThread" event="trace.begin" name="MainWindow._on_hotkey" args=2 kwargs=0
2026-10-06T17:02:55.756779+00:00 [MainThread] thread="MainThread" event="bt.hotkey.pressed" id=2 visible=true args="{'win_visible': True, 'win_min': False, 'win_geo': [2091, 332, 453, 735], 'dpr': 1.0, 'cover': False, 'settling': False…
2026-10-06T17:02:55.757779+00:00 [Thread-25 (task)] thread="Thread-25 (task)" event="cdp.send" method="Runtime.evaluate" timeout=3 params=["awaitPromise", "expression", "generatePreview", "returnByValue", "userGesture"]
2026-10-06T17:02:55.757779+00:00 [MainThread] thread="MainThread" event="trace.end" name="MainWindow._on_hotkey" seconds=0.0
2026-10-06T17:02:55.768782+00:00 [Thread-25 (task)] thread="Thread-25 (task)" event="cdp.result" method="Runtime.evaluate" seconds=0.0 keys=["result"]
2026-10-06T17:02:55.768782+00:00 [Thread-25 (task)] thread="Thread-25 (task)" event="mic.native_started"
2026-10-06T17:02:55.769781+00:00 [Thread-25 (task)] thread="Thread-25 (task)" event="qt.message" kind="QtMsgType.QtWarningMsg" message="QBasicTimer::start: current thread's event dispatcher has already been destroyed"
2026-10-06T17:02:55.847779+00:00 [Dummy-20] thread="Dummy-20" event="cdp.send" method="Runtime.evaluate" timeout=2 params=["awaitPromise", "expression", "generatePreview", "returnByValue", "userGesture"]
2026-10-06T17:02:55.848780+00:00 [Dummy-20] thread="Dummy-20" event="cdp.result" method="Runtime.evaluate" seconds=0.0 keys=["result"]
2026-10-06T17:02:55.855779+00:00 [Dummy-20] thread="Dummy-20" event="cdp.send" method="Runtime.evaluate" timeout=3 params=["awaitPromise", "expression", "generatePreview", "returnByValue", "userGesture"]
2026-10-06T17:02:55.856779+00:00 [Dummy-20] thread="Dummy-20" event="cdp.result" method="Runtime.evaluate" seconds=0.0 keys=["result"]
2026-10-06T17:02:56.007780+00:00 [Dummy-20] thread="Dummy-20" event="cdp.send" method="Runtime.evaluate" timeout=2 params=["awaitPromise", "expression", "generatePreview", "returnByValue", "userGesture"]
2026-10-06T17:02:56.008781+00:00 [Dummy-20] thread="Dummy-20" event="cdp.result" method="Runtime.evaluate" seconds=0.0 keys=["result"]
2026-10-06T17:02:56.015779+00:00 [Dummy-20] thread="Dummy-20" event="cdp.send" method="Runtime.evaluate" timeout=3 params=["awaitPromise", "expression", "generatePreview", "returnByValue", "userGesture"]
2026-10-06T17:02:56.017779+00:00 [Dummy-20] thread="Dummy-20" event="cdp.result" method="Runtime.evaluate" seconds=0.0 keys=["result"]
2026-10-06T17:02:56.169292+00:00 [Dummy-20] thread="Dummy-20" event="cdp.send" method="Runtime.evaluate" timeout=2 params=["awaitPromise", "expression", "generatePreview", "returnByValue", "userGesture"]
2026-10-06T17:02:56.176293+00:00 [Dummy-20] thread="Dummy-20" event="cdp.result" method="Runtime.evaluate" seconds=0.0 keys=["result"]
2026-10-06T17:02:56.185294+00:00 [Dummy-20] thread="Dummy-20" event="cdp.send" method="Runtime.evaluate" timeout=3 params=["awaitPromise", "expression", "generatePreview", "returnByValue", "userGesture"]
2026-10-06T17:02:56.189293+00:00 [Dummy-20] thread="Dummy-20" event="cdp.result" method="Runtime.evaluate" seconds=0.0 keys=["result"]
2026-10-06T17:02:56.226291+00:00 [MainThread] thread="MainThread" event="trace.begin" name="NativeHost.hide_taskbar" args=1 kwargs=0
2026-10-06T17:02:56.340295+00:00 [Dummy-20] thread="Dummy-20" event="cdp.send" method="Runtime.evaluate" timeout=2 params=["awaitPromise", "expression", "generatePreview", "returnByValue", "userGesture"]
2026-10-06T17:02:56.343294+00:00 [Dummy-20] thread="Dummy-20" event="cdp.result" method="Runtime.evaluate" seconds=0.0 keys=["result"]
2026-10-06T17:02:56.353294+00:00 [Dummy-20] thread="Dummy-20" event="cdp.send" method="Runtime.evaluate" timeout=3 params=["awaitPromise", "expression", "generatePreview", "returnByValue", "userGesture"]
2026-10-06T17:02:56.362293+00:00 [Dummy-20] thread="Dummy-20" event="cdp.result" method="Runtime.evaluate" seconds=0.0 keys=["result"]
2026-10-06T17:02:56.366295+00:00 [MainThread] thread="MainThread" event="win32.taskbar_hidden" hwnd=526152 style=true delete_tab=false
2026-10-06T17:02:56.371294+00:00 [MainThread] thread="MainThread" event="trace.end" name="NativeHost.hide_taskbar" seconds=0.14
2026-10-06T17:02:56.371294+00:00 [Thread-26 (_zoom_guard_once)] thread="Thread-26 (_zoom_guard_once)" event="cdp.send" method="Emulation.setLocaleOverride" timeout=4 params=["locale"]
2026-10-06T17:02:56.378295+00:00 [Thread-26 (_zoom_guard_once)] thread="Thread-26 (_zoom_guard_once)" event="cdp.result" method="Emulation.setLocaleOverride" seconds=0.0 keys=[]
2026-10-06T17:02:56.378295+00:00 [ResponsePoll] thread="ResponsePoll" event="cdp.send" method="Runtime.evaluate" timeout=1 params=["awaitPromise", "expression", "generatePreview", "returnByValue", "userGesture"]
2026-10-06T17:02:56.390297+00:00 [ResponsePoll] thread="ResponsePoll" event="cdp.result" method="Runtime.evaluate" seconds=0.016 keys=["result"]
2026-10-06T17:02:56.390297+00:00 [Thread-26 (_zoom_guard_once)] thread="Thread-26 (_zoom_guard_once)" event="cdp.send" method="Emulation.setAutoDarkModeOverride" timeout=4 params=["enabled"]
2026-10-06T17:02:56.394295+00:00 [Thread-26 (_zoom_guard_once)] thread="Thread-26 (_zoom_guard_once)" event="cdp.result" method="Emulation.setAutoDarkModeOverride" seconds=0.016 keys=[]
2026-10-06T17:02:56.394295+00:00 [Thread-26 (_zoom_guard_once)] thread="Thread-26 (_zoom_guard_once)" event="cdp.send" method="Emulation.setEmulatedMedia" timeout=4 params=["features"]
2026-10-06T17:02:56.398295+00:00 [Thread-26 (_zoom_guard_once)] thread="Thread-26 (_zoom_guard_once)" event="cdp.result" method="Emulation.setEmulatedMedia" seconds=0.015 keys=[]
2026-10-06T17:02:56.398295+00:00 [Thread-26 (_zoom_guard_once)] thread="Thread-26 (_zoom_guard_once)" event="cdp.send" method="Runtime.evaluate" timeout=3 params=["awaitPromise", "expression", "generatePreview", "returnByValue", "userGesture"]
2026-10-06T17:02:56.401295+00:00 [Thread-26 (_zoom_guard_once)] thread="Thread-26 (_zoom_guard_once)" event="cdp.result" method="Runtime.evaluate" seconds=0.0 keys=["result"]
2026-10-06T17:02:56.513294+00:00 [Dummy-20] thread="Dummy-20" event="cdp.send" method="Runtime.evaluate" timeout=2 params=["awaitPromise", "expression", "generatePreview", "returnByValue", "userGesture"]
2026-10-06T17:02:56.515294+00:00 [Dummy-20] thread="Dummy-20" event="cdp.result" method="Runtime.evaluate" seconds=0.0 keys=["result"]
2026-10-06T17:02:56.526296+00:00 [Dummy-20] thread="Dummy-20" event="cdp.send" method="Runtime.evaluate" timeout=3 params=["awaitPromise", "expression", "generatePreview", "returnByValue", "userGesture"]
2026-10-06T17:02:56.531295+00:00 [Dummy-20] thread="Dummy-20" event="cdp.result" method="Runtime.evaluate" seconds=0.0 keys=["result"]
2026-10-06T17:02:56.683294+00:00 [Dummy-20] thread="Dummy-20" event="cdp.send" method="Runtime.evaluate" timeout=2 params=["awaitPromise", "expression", "generatePreview", "returnByValue", "userGesture"]
2026-10-06T17:02:56.685295+00:00 [Dummy-20] thread="Dummy-20" event="cdp.result" method="Runtime.evaluate" seconds=0.0 keys=["result"]
2026-10-06T17:02:56.696292+00:00 [Dummy-20] thread="Dummy-20" event="cdp.send" method="Runtime.evaluate" timeout=3 params=["awaitPromise", "expression", "generatePreview", "returnByValue", "userGesture"]
2026-10-06T17:02:56.698294+00:00 [Dummy-20] thread="Dummy-20" event="cdp.result" method="Runtime.evaluate" seconds=0.0 keys=["result"]
2026-10-06T17:02:56.849293+00:00 [Dummy-20] thread="Dummy-20" event="cdp.send" method="Runtime.evaluate" timeout=2 params=["awaitPromise", "expression", "generatePreview", "returnByValue", "userGesture"]
2026-10-06T17:02:56.850293+00:00 [Dummy-20] thread="Dummy-20" event="cdp.result" method="Runtime.evaluate" seconds=0.0 keys=["result"]
2026-10-06T17:02:56.859295+00:00 [Dummy-20] thread="Dummy-20" event="cdp.send" method="Runtime.evaluate" timeout=3 params=["awaitPromise", "expression", "generatePreview", "returnByValue", "userGesture"]
2026-10-06T17:02:56.863292+00:00 [Dummy-20] thread="Dummy-20" event="cdp.result" method="Runtime.evaluate" seconds=0.0 keys=["result"]
2026-10-06T17:02:57.014294+00:00 [Dummy-20] thread="Dummy-20" event="cdp.send" method="Runtime.evaluate" timeout=2 params=["awaitPromise", "expression", "generatePreview", "returnByValue", "userGesture"]
2026-10-06T17:02:57.015292+00:00 [Dummy-20] thread="Dummy-20" event="cdp.result" method="Runtime.evaluate" seconds=0.0 keys=["result"]
2026-10-06T17:02:57.024292+00:00 [Dummy-20] thread="Dummy-20" event="cdp.send" method="Runtime.evaluate" timeout=3 params=["awaitPromise", "expression", "generatePreview", "returnByValue", "userGesture"]
2026-10-06T17:02:57.029293+00:00 [Dummy-20] thread="Dummy-20" event="cdp.result" method="Runtime.evaluate" seconds=0.0 keys=["result"]
2026-10-06T17:02:57.180292+00:00 [Dummy-20] thread="Dummy-20" event="cdp.send" method="Runtime.evaluate" timeout=2 params=["awaitPromise", "expression", "generatePreview", "returnByValue", "userGesture"]
2026-10-06T17:02:57.181293+00:00 [Dummy-20] thread="Dummy-20" event="cdp.result" method="Runtime.evaluate" seconds=0.0 keys=["result"]
2026-10-06T17:02:57.188291+00:00 [Dummy-20] thread="Dummy-20" event="cdp.send" method="Runtime.evaluate" timeout=3 params=["awaitPromise", "expression", "generatePreview", "returnByValue", "userGesture"]
2026-10-06T17:02:57.189292+00:00 [Dummy-20] thread="Dummy-20" event="cdp.result" method="Runtime.evaluate" seconds=0.0 keys=["result"]
2026-10-06T17:02:57.226292+00:00 [ResponsePoll] thread="ResponsePoll" event="cdp.send" method="Runtime.evaluate" timeout=1 params=["awaitPromise", "expression", "generatePreview", "returnByValue", "userGesture"]
2026-10-06T17:02:57.230292+00:00 [ResponsePoll] thread="ResponsePoll" event="cdp.result" method="Runtime.evaluate" seconds=0.0 keys=["result"]
2026-10-06T17:02:57.341292+00:00 [Dummy-20] thread="Dummy-20" event="cdp.send" method="Runtime.evaluate" timeout=2 params=["awaitPromise", "expression", "generatePreview", "returnByValue", "userGesture"]
2026-10-06T17:02:57.342292+00:00 [Dummy-20] thread="Dummy-20" event="cdp.result" method="Runtime.evaluate" seconds=0.0 keys=["result"]
2026-10-06T17:02:57.350292+00:00 [Dummy-20] thread="Dummy-20" event="cdp.send" method="Runtime.evaluate" timeout=3 params=["awaitPromise", "expression", "generatePreview", "returnByValue", "userGesture"]
2026-10-06T17:02:57.351292+00:00 [Dummy-20] thread="Dummy-20" event="cdp.result" method="Runtime.evaluate" seconds=0.016 keys=["result"]
2026-10-06T17:02:57.502291+00:00 [Dummy-20] thread="Dummy-20" event="cdp.send" method="Runtime.evaluate" timeout=2 params=["awaitPromise", "expression", "generatePreview", "returnByValue", "userGesture"]
2026-10-06T17:02:57.503292+00:00 [Dummy-20] thread="Dummy-20" event="cdp.result" method="Runtime.evaluate" seconds=0.0 keys=["result"]
2026-10-06T17:02:57.511291+00:00 [Dummy-20] thread="Dummy-20" event="cdp.send" method="Runtime.evaluate" timeout=3 params=["awaitPromise", "expression", "generatePreview", "returnByValue", "userGesture"]
2026-10-06T17:02:57.514292+00:00 [Dummy-20] thread="Dummy-20" event="cdp.result" method="Runtime.evaluate" seconds=0.0 keys=["result"]
2026-10-06T17:02:57.665294+00:00 [Dummy-20] thread="Dummy-20" event="cdp.send" method="Runtime.evaluate" timeout=2 params=["awaitPromise", "expression", "generatePreview", "returnByValue", "userGesture"]
2026-10-06T17:02:57.667293+00:00 [Dummy-20] thread="Dummy-20" event="cdp.result" method="Runtime.evaluate" seconds=0.0 keys=["result"]
2026-10-06T17:02:57.674292+00:00 [Dummy-20] thread="Dummy-20" event="cdp.send" method="Runtime.evaluate" timeout=3 params=["awaitPromise", "expression", "generatePreview", "returnByValue", "userGesture"]
2026-10-06T17:02:57.675293+00:00 [Dummy-20] thread="Dummy-20" event="cdp.result" method="Runtime.evaluate" seconds=0.0 keys=["result"]
2026-10-06T17:02:57.826292+00:00 [Dummy-20] thread="Dummy-20" event="cdp.send" method="Runtime.evaluate" timeout=2 params=["awaitPromise", "expression", "generatePreview", "returnByValue", "userGesture"]
2026-10-06T17:02:57.829293+00:00 [Dummy-20] thread="Dummy-20" event="cdp.result" method="Runtime.evaluate" seconds=0.0 keys=["result"]
2026-10-06T17:02:57.837292+00:00 [Dummy-20] thread="Dummy-20" event="cdp.send" method="Runtime.evaluate" timeout=3 params=["awaitPromise", "expression", "generatePreview", "returnByValue", "userGesture"]
2026-10-06T17:02:57.841293+00:00 [Dummy-20] thread="Dummy-20" event="cdp.result" method="Runtime.evaluate" seconds=0.0 keys=["result"]
2026-10-06T17:02:57.993292+00:00 [Dummy-20] thread="Dummy-20" event="cdp.send" method="Runtime.evaluate" timeout=2 params=["awaitPromise", "expression", "generatePreview", "returnByValue", "userGesture"]
2026-10-06T17:02:57.994293+00:00 [Dummy-20] thread="Dummy-20" event="cdp.result" method="Runtime.evaluate" seconds=0.0 keys=["result"]
2026-10-06T17:02:58.001291+00:00 [Dummy-20] thread="Dummy-20" event="cdp.send" method="Runtime.evaluate" timeout=3 params=["awaitPromise", "expression", "generatePreview", "returnByValue", "userGesture"]
2026-10-06T17:02:58.002293+00:00 [Dummy-20] thread="Dummy-20" event="cdp.result" method="Runtime.evaluate" seconds=0.0 keys=["result"]
2026-10-06T17:02:58.153293+00:00 [Dummy-20] thread="Dummy-20" event="cdp.send" method="Runtime.evaluate" timeout=2 params=["awaitPromise", "expression", "generatePreview", "returnByValue", "userGesture"]
2026-10-06T17:02:58.154293+00:00 [Dummy-20] thread="Dummy-20" event="cdp.result" method="Runtime.evaluate" seconds=0.0 keys=["result"]
2026-10-06T17:02:58.160291+00:00 [Dummy-20] thread="Dummy-20" event="cdp.send" method="Runtime.evaluate" timeout=3 params=["awaitPromise", "expression", "generatePreview", "returnByValue", "userGesture"]
2026-10-06T17:02:58.162291+00:00 [Dummy-20] thread="Dummy-20" event="cdp.result" method="Runtime.evaluate" seconds=0.0 keys=["result"]
2026-10-06T17:02:58.226292+00:00 [ResponsePoll] thread="ResponsePoll" event="cdp.send" method="Runtime.evaluate" timeout=1 params=["awaitPromise", "expression", "generatePreview", "returnByValue", "userGesture"]
2026-10-06T17:02:58.230292+00:00 [ResponsePoll] thread="ResponsePoll" event="cdp.result" method="Runtime.evaluate" seconds=0.0 keys=["result"]
2026-10-06T17:02:58.313292+00:00 [Dummy-20] thread="Dummy-20" event="cdp.send" method="Runtime.evaluate" timeout=2 params=["awaitPromise", "expression", "generatePreview", "returnByValue", "userGesture"]
2026-10-06T17:02:58.314292+00:00 [Dummy-20] thread="Dummy-20" event="cdp.result" method="Runtime.evaluate" seconds=0.0 keys=["result"]
2026-10-06T17:02:58.321293+00:00 [Dummy-20] thread="Dummy-20" event="cdp.send" method="Runtime.evaluate" timeout=3 params=["awaitPromise", "expression", "generatePreview", "returnByValue", "userGesture"]
2026-10-06T17:02:58.322292+00:00 [Dummy-20] thread="Dummy-20" event="cdp.result" method="Runtime.evaluate" seconds=0.0 keys=["result"]
2026-10-06T17:02:58.473292+00:00 [Dummy-20] thread="Dummy-20" event="cdp.send" method="Runtime.evaluate" timeout=2 params=["awaitPromise", "expression", "generatePreview", "returnByValue", "userGesture"]
2026-10-06T17:02:58.474291+00:00 [Dummy-20] thread="Dummy-20" event="cdp.result" method="Runtime.evaluate" seconds=0.0 keys=["result"]
2026-10-06T17:02:58.481291+00:00 [Dummy-20] thread="Dummy-20" event="cdp.send" method="Runtime.evaluate" timeout=3 params=["awaitPromise", "expression", "generatePreview", "returnByValue", "userGesture"]
2026-10-06T17:02:58.483294+00:00 [Dummy-20] thread="Dummy-20" event="cdp.result" method="Runtime.evaluate" seconds=0.0 keys=["result"]
2026-10-06T17:02:58.634293+00:00 [Dummy-20] thread="Dummy-20" event="cdp.send" method="Runtime.evaluate" timeout=2 params=["awaitPromise", "expression", "generatePreview", "returnByValue", "userGesture"]
2026-10-06T17:02:58.635292+00:00 [Dummy-20] thread="Dummy-20" event="cdp.result" method="Runtime.evaluate" seconds=0.0 keys=["result"]
2026-10-06T17:02:58.635292+00:00 [Dummy-20] thread="Dummy-20" event="upload.state" present=2 uploading=false probe_ok=true pdf_exists=true template_exists=true attempts_failed=0
2026-10-06T17:02:58.635292+00:00 [Dummy-20] thread="Dummy-20" event="cdp.send" method="Runtime.evaluate" timeout=2 params=["awaitPromise", "expression", "generatePreview", "returnByValue", "userGesture"]
2026-10-06T17:02:58.635292+00:00 [Dummy-20] thread="Dummy-20" event="cdp.result" method="Runtime.evaluate" seconds=0.0 keys=["result"]
2026-10-06T17:02:58.636291+00:00 [Dummy-20] thread="Dummy-20" event="page.probe" category="google" ready="complete" bodyChildren=75 fileInputs=0 editors=2 frames=0 documentFocused=true activeEditable=false activeReadOnly=false activeDisabled=false
2026-10-06T17:02:58.642292+00:00 [Dummy-20] thread="Dummy-20" event="cdp.send" method="Runtime.evaluate" timeout=3 params=["awaitPromise", "expression", "generatePreview", "returnByValue", "userGesture"]
2026-10-06T17:02:58.643292+00:00 [Dummy-20] thread="Dummy-20" event="cdp.result" method="Runtime.evaluate" seconds=0.0 keys=["result"]
2026-10-06T17:02:58.795292+00:00 [Dummy-20] thread="Dummy-20" event="cdp.send" method="Runtime.evaluate" timeout=2 params=["awaitPromise", "expression", "generatePreview", "returnByValue", "userGesture"]
2026-10-06T17:02:58.798291+00:00 [Dummy-20] thread="Dummy-20" event="cdp.result" method="Runtime.evaluate" seconds=0.0 keys=["result"]
2026-10-06T17:02:58.806293+00:00 [Dummy-20] thread="Dummy-20" event="cdp.send" method="Runtime.evaluate" timeout=3 params=["awaitPromise", "expression", "generatePreview", "returnByValue", "userGesture"]
2026-10-06T17:02:58.808294+00:00 [Dummy-20] thread="Dummy-20" event="cdp.result" method="Runtime.evaluate" seconds=0.0 keys=["result"]
2026-10-06T17:02:58.882292+00:00 [MainThread] thread="MainThread" event="trace.begin" name="MainWindow._on_hotkey" args=2 kwargs=0
2026-10-06T17:02:58.882292+00:00 [MainThread] thread="MainThread" event="bt.hotkey.pressed" id=2 visible=true args="{'win_visible': True, 'win_min': False, 'win_geo': [2091, 332, 453, 735], 'dpr': 1.0, 'cover': False, 'settling': False…
2026-10-06T17:02:58.883291+00:00 [Thread-27 (task)] thread="Thread-27 (task)" event="cdp.send" method="Runtime.evaluate" timeout=3 params=["awaitPromise", "expression", "generatePreview", "returnByValue", "userGesture"]
2026-10-06T17:02:58.883291+00:00 [MainThread] thread="MainThread" event="mic.cancelled_no_text"
2026-10-06T17:02:58.883291+00:00 [MainThread] thread="MainThread" event="trace.end" name="MainWindow._on_hotkey" seconds=0.0
2026-10-06T17:02:58.884292+00:00 [Thread-27 (task)] thread="Thread-27 (task)" event="cdp.result" method="Runtime.evaluate" seconds=0.0 keys=["result"]
2026-10-06T17:02:58.959292+00:00 [Dummy-20] thread="Dummy-20" event="cdp.send" method="Runtime.evaluate" timeout=2 params=["awaitPromise", "expression", "generatePreview", "returnByValue", "userGesture"]
2026-10-06T17:02:58.960292+00:00 [Dummy-20] thread="Dummy-20" event="cdp.result" method="Runtime.evaluate" seconds=0.016 keys=["result"]
2026-10-06T17:02:58.967293+00:00 [Dummy-20] thread="Dummy-20" event="cdp.send" method="Runtime.evaluate" timeout=3 params=["awaitPromise", "expression", "generatePreview", "returnByValue", "userGesture"]
2026-10-06T17:02:58.968293+00:00 [Dummy-20] thread="Dummy-20" event="cdp.result" method="Runtime.evaluate" seconds=0.0 keys=["result"]
2026-10-06T17:02:58.976291+00:00 [MainThread] thread="MainThread" event="main.snapshot" visible=true minimized=false geometry=[2091, 332, 453, 735] dpr=1.0 chrome_hwnd=526152 worker_running=false chromium_exit=null overlay_visible=false page_verdict="ai_mode" native_mode=true chat_ready=true cover_visible=false settling=false
2026-10-06T17:02:59.119293+00:00 [DiagnosticWatchdog] thread="DiagnosticWatchdog" event="gui.heartbeat" age_seconds=1.0
2026-10-06T17:02:59.119293+00:00 [Dummy-20] thread="Dummy-20" event="cdp.send" method="Runtime.evaluate" timeout=2 params=["awaitPromise", "expression", "generatePreview", "returnByValue", "userGesture"]
2026-10-06T17:02:59.120294+00:00 [Dummy-20] thread="Dummy-20" event="cdp.result" method="Runtime.evaluate" seconds=0.0 keys=["result"]
2026-10-06T17:02:59.129291+00:00 [Dummy-20] thread="Dummy-20" event="cdp.send" method="Runtime.evaluate" timeout=3 params=["awaitPromise", "expression", "generatePreview", "returnByValue", "userGesture"]
2026-10-06T17:02:59.133293+00:00 [Dummy-20] thread="Dummy-20" event="cdp.result" method="Runtime.evaluate" seconds=0.016 keys=["result"]
2026-10-06T17:02:59.226292+00:00 [ResponsePoll] thread="ResponsePoll" event="cdp.send" method="Runtime.evaluate" timeout=1 params=["awaitPromise", "expression", "generatePreview", "returnByValue", "userGesture"]
2026-10-06T17:02:59.230293+00:00 [ResponsePoll] thread="ResponsePoll" event="cdp.result" method="Runtime.evaluate" seconds=0.0 keys=["result"]
2026-10-06T17:02:59.285293+00:00 [Dummy-20] thread="Dummy-20" event="cdp.send" method="Runtime.evaluate" timeout=2 params=["awaitPromise", "expression", "generatePreview", "returnByValue", "userGesture"]
2026-10-06T17:02:59.286293+00:00 [Dummy-20] thread="Dummy-20" event="cdp.result" method="Runtime.evaluate" seconds=0.0 keys=["result"]
2026-10-06T17:02:59.293292+00:00 [Dummy-20] thread="Dummy-20" event="cdp.send" method="Runtime.evaluate" timeout=3 params=["awaitPromise", "expression", "generatePreview", "returnByValue", "userGesture"]
2026-10-06T17:02:59.295292+00:00 [Dummy-20] thread="Dummy-20" event="cdp.result" method="Runtime.evaluate" seconds=0.0 keys=["result"]
2026-10-06T17:02:59.446291+00:00 [Dummy-20] thread="Dummy-20" event="cdp.send" method="Runtime.evaluate" timeout=2 params=["awaitPromise", "expression", "generatePreview", "returnByValue", "userGesture"]
2026-10-06T17:02:59.447291+00:00 [Dummy-20] thread="Dummy-20" event="cdp.result" method="Runtime.evaluate" seconds=0.0 keys=["result"]
2026-10-06T17:02:59.455292+00:00 [Dummy-20] thread="Dummy-20" event="cdp.send" method="Runtime.evaluate" timeout=3 params=["awaitPromise", "expression", "generatePreview", "returnByValue", "userGesture"]
2026-10-06T17:02:59.460294+00:00 [Dummy-20] thread="Dummy-20" event="cdp.result" method="Runtime.evaluate" seconds=0.0 keys=["result"]
2026-10-06T17:02:59.611292+00:00 [Dummy-20] thread="Dummy-20" event="cdp.send" method="Runtime.evaluate" timeout=2 params=["awaitPromise", "expression", "generatePreview", "returnByValue", "userGesture"]
2026-10-06T17:02:59.612294+00:00 [Dummy-20] thread="Dummy-20" event="cdp.result" method="Runtime.evaluate" seconds=0.0 keys=["result"]
2026-10-06T17:02:59.619292+00:00 [Dummy-20] thread="Dummy-20" event="cdp.send" method="Runtime.evaluate" timeout=3 params=["awaitPromise", "expression", "generatePreview", "returnByValue", "userGesture"]
2026-10-06T17:02:59.621293+00:00 [Dummy-20] thread="Dummy-20" event="cdp.result" method="Runtime.evaluate" seconds=0.0 keys=["result"]
2026-10-06T17:02:59.772292+00:00 [Dummy-20] thread="Dummy-20" event="cdp.send" method="Runtime.evaluate" timeout=2 params=["awaitPromise", "expression", "generatePreview", "returnByValue", "userGesture"]
2026-10-06T17:02:59.773293+00:00 [Dummy-20] thread="Dummy-20" event="cdp.result" method="Runtime.evaluate" seconds=0.015 keys=["result"]
2026-10-06T17:02:59.779292+00:00 [Dummy-20] thread="Dummy-20" event="cdp.send" method="Runtime.evaluate" timeout=3 params=["awaitPromise", "expression", "generatePreview", "returnByValue", "userGesture"]
2026-10-06T17:02:59.781291+00:00 [Dummy-20] thread="Dummy-20" event="cdp.result" method="Runtime.evaluate" seconds=0.0 keys=["result"]
2026-10-06T17:02:59.932294+00:00 [Dummy-20] thread="Dummy-20" event="cdp.send" method="Runtime.evaluate" timeout=2 params=["awaitPromise", "expression", "generatePreview", "returnByValue", "userGesture"]
2026-10-06T17:02:59.934293+00:00 [Dummy-20] thread="Dummy-20" event="cdp.result" method="Runtime.evaluate" seconds=0.0 keys=["result"]
2026-10-06T17:02:59.941293+00:00 [Dummy-20] thread="Dummy-20" event="cdp.send" method="Runtime.evaluate" timeout=3 params=["awaitPromise", "expression", "generatePreview", "returnByValue", "userGesture"]
2026-10-06T17:02:59.945292+00:00 [Dummy-20] thread="Dummy-20" event="cdp.result" method="Runtime.evaluate" seconds=0.015 keys=["result"]
2026-10-06T17:03:00.096292+00:00 [Dummy-20] thread="Dummy-20" event="cdp.send" method="Runtime.evaluate" timeout=2 params=["awaitPromise", "expression", "generatePreview", "returnByValue", "userGesture"]
2026-10-06T17:03:00.097292+00:00 [Dummy-20] thread="Dummy-20" event="cdp.result" method="Runtime.evaluate" seconds=0.0 keys=["result"]
2026-10-06T17:03:00.105291+00:00 [Dummy-20] thread="Dummy-20" event="cdp.send" method="Runtime.evaluate" timeout=3 params=["awaitPromise", "expression", "generatePreview", "returnByValue", "userGesture"]
2026-10-06T17:03:00.107291+00:00 [Dummy-20] thread="Dummy-20" event="cdp.result" method="Runtime.evaluate" seconds=0.0 keys=["result"]
2026-10-06T17:03:00.226291+00:00 [ResponsePoll] thread="ResponsePoll" event="cdp.send" method="Runtime.evaluate" timeout=1 params=["awaitPromise", "expression", "generatePreview", "returnByValue", "userGesture"]
2026-10-06T17:03:00.231291+00:00 [ResponsePoll] thread="ResponsePoll" event="cdp.result" method="Runtime.evaluate" seconds=0.0 keys=["result"]
2026-10-06T17:03:00.258292+00:00 [Dummy-20] thread="Dummy-20" event="cdp.send" method="Runtime.evaluate" timeout=2 params=["awaitPromise", "expression", "generatePreview", "returnByValue", "userGesture"]
2026-10-06T17:03:00.259291+00:00 [Dummy-20] thread="Dummy-20" event="cdp.result" method="Runtime.evaluate" seconds=0.0 keys=["result"]
2026-10-06T17:03:00.266292+00:00 [Dummy-20] thread="Dummy-20" event="cdp.send" method="Runtime.evaluate" timeout=3 params=["awaitPromise", "expression", "generatePreview", "returnByValue", "userGesture"]
2026-10-06T17:03:00.267292+00:00 [Dummy-20] thread="Dummy-20" event="cdp.result" method="Runtime.evaluate" seconds=0.0 keys=["result"]
2026-10-06T17:03:00.418293+00:00 [Dummy-20] thread="Dummy-20" event="cdp.send" method="Runtime.evaluate" timeout=2 params=["awaitPromise", "expression", "generatePreview", "returnByValue", "userGesture"]
2026-10-06T17:03:00.419293+00:00 [Dummy-20] thread="Dummy-20" event="cdp.result" method="Runtime.evaluate" seconds=0.0 keys=["result"]
2026-10-06T17:03:00.430292+00:00 [Dummy-20] thread="Dummy-20" event="cdp.send" method="Runtime.evaluate" timeout=3 params=["awaitPromise", "expression", "generatePreview", "returnByValue", "userGesture"]
2026-10-06T17:03:00.432293+00:00 [Dummy-20] thread="Dummy-20" event="cdp.result" method="Runtime.evaluate" seconds=0.0 keys=["result"]
2026-10-06T17:03:00.583292+00:00 [Dummy-20] thread="Dummy-20" event="cdp.send" method="Runtime.evaluate" timeout=2 params=["awaitPromise", "expression", "generatePreview", "returnByValue", "userGesture"]
2026-10-06T17:03:00.587293+00:00 [Dummy-20] thread="Dummy-20" event="cdp.result" method="Runtime.evaluate" seconds=0.016 keys=["result"]
2026-10-06T17:03:00.596295+00:00 [Dummy-20] thread="Dummy-20" event="cdp.send" method="Runtime.evaluate" timeout=3 params=["awaitPromise", "expression", "generatePreview", "returnByValue", "userGesture"]
2026-10-06T17:03:00.599293+00:00 [Dummy-20] thread="Dummy-20" event="cdp.result" method="Runtime.evaluate" seconds=0.0 keys=["result"]
2026-10-06T17:03:00.750292+00:00 [Dummy-20] thread="Dummy-20" event="cdp.send" method="Runtime.evaluate" timeout=2 params=["awaitPromise", "expression", "generatePreview", "returnByValue", "userGesture"]
2026-10-06T17:03:00.753293+00:00 [Dummy-20] thread="Dummy-20" event="cdp.result" method="Runtime.evaluate" seconds=0.0 keys=["result"]
2026-10-06T17:03:00.763294+00:00 [Dummy-20] thread="Dummy-20" event="cdp.send" method="Runtime.evaluate" timeout=3 params=["awaitPromise", "expression", "generatePreview", "returnByValue", "userGesture"]
2026-10-06T17:03:00.766293+00:00 [Dummy-20] thread="Dummy-20" event="cdp.result" method="Runtime.evaluate" seconds=0.0 keys=["result"]
2026-10-06T17:03:00.917294+00:00 [Dummy-20] thread="Dummy-20" event="cdp.send" method="Runtime.evaluate" timeout=2 params=["awaitPromise", "expression", "generatePreview", "returnByValue", "userGesture"]
2026-10-06T17:03:00.918293+00:00 [Dummy-20] thread="Dummy-20" event="cdp.result" method="Runtime.evaluate" seconds=0.0 keys=["result"]
2026-10-06T17:03:00.927293+00:00 [Dummy-20] thread="Dummy-20" event="cdp.send" method="Runtime.evaluate" timeout=3 params=["awaitPromise", "expression", "generatePreview", "returnByValue", "userGesture"]
2026-10-06T17:03:00.948296+00:00 [Dummy-20] thread="Dummy-20" event="cdp.result" method="Runtime.evaluate" seconds=0.031 keys=["result"]
2026-10-06T17:03:01.099294+00:00 [Dummy-20] thread="Dummy-20" event="cdp.send" method="Runtime.evaluate" timeout=2 params=["awaitPromise", "expression", "generatePreview", "returnByValue", "userGesture"]
2026-10-06T17:03:01.100293+00:00 [Dummy-20] thread="Dummy-20" event="cdp.result" method="Runtime.evaluate" seconds=0.0 keys=["result"]
2026-10-06T17:03:01.108292+00:00 [Dummy-20] thread="Dummy-20" event="cdp.send" method="Runtime.evaluate" timeout=3 params=["awaitPromise", "expression", "generatePreview", "returnByValue", "userGesture"]
2026-10-06T17:03:01.113293+00:00 [Dummy-20] thread="Dummy-20" event="cdp.result" method="Runtime.evaluate" seconds=0.0 keys=["result"]
2026-10-06T17:03:01.226292+00:00 [MainThread] thread="MainThread" event="trace.begin" name="NativeHost.hide_taskbar" args=1 kwargs=0
2026-10-06T17:03:01.264293+00:00 [Dummy-20] thread="Dummy-20" event="cdp.send" method="Runtime.evaluate" timeout=2 params=["awaitPromise", "expression", "generatePreview", "returnByValue", "userGesture"]
2026-10-06T17:03:01.265293+00:00 [Dummy-20] thread="Dummy-20" event="cdp.result" method="Runtime.evaluate" seconds=0.0 keys=["result"]
2026-10-06T17:03:01.275292+00:00 [Dummy-20] thread="Dummy-20" event="cdp.send" method="Runtime.evaluate" timeout=3 params=["awaitPromise", "expression", "generatePreview", "returnByValue", "userGesture"]
2026-10-06T17:03:01.279292+00:00 [Dummy-20] thread="Dummy-20" event="cdp.result" method="Runtime.evaluate" seconds=0.0 keys=["result"]
2026-10-06T17:03:01.380294+00:00 [MainThread] thread="MainThread" event="win32.taskbar_hidden" hwnd=526152 style=true delete_tab=false
2026-10-06T17:03:01.384291+00:00 [MainThread] thread="MainThread" event="trace.end" name="NativeHost.hide_taskbar" seconds=0.156
2026-10-06T17:03:01.385292+00:00 [Thread-28 (_zoom_guard_once)] thread="Thread-28 (_zoom_guard_once)" event="cdp.send" method="Emulation.setLocaleOverride" timeout=4 params=["locale"]
2026-10-06T17:03:01.386294+00:00 [Thread-28 (_zoom_guard_once)] thread="Thread-28 (_zoom_guard_once)" event="cdp.result" method="Emulation.setLocaleOverride" seconds=0.0 keys=[]
2026-10-06T17:03:01.386294+00:00 [ResponsePoll] thread="ResponsePoll" event="cdp.send" method="Runtime.evaluate" timeout=1 params=["awaitPromise", "expression", "generatePreview", "returnByValue", "userGesture"]
2026-10-06T17:03:01.391292+00:00 [ResponsePoll] thread="ResponsePoll" event="cdp.result" method="Runtime.evaluate" seconds=0.0 keys=["result"]
2026-10-06T17:03:01.391292+00:00 [Thread-28 (_zoom_guard_once)] thread="Thread-28 (_zoom_guard_once)" event="cdp.send" method="Emulation.setAutoDarkModeOverride" timeout=4 params=["enabled"]
2026-10-06T17:03:01.392294+00:00 [Thread-28 (_zoom_guard_once)] thread="Thread-28 (_zoom_guard_once)" event="cdp.result" method="Emulation.setAutoDarkModeOverride" seconds=0.0 keys=[]
2026-10-06T17:03:01.392294+00:00 [Thread-28 (_zoom_guard_once)] thread="Thread-28 (_zoom_guard_once)" event="cdp.send" method="Emulation.setEmulatedMedia" timeout=4 params=["features"]
2026-10-06T17:03:01.392294+00:00 [Thread-28 (_zoom_guard_once)] thread="Thread-28 (_zoom_guard_once)" event="cdp.result" method="Emulation.setEmulatedMedia" seconds=0.0 keys=[]
2026-10-06T17:03:01.392294+00:00 [Thread-28 (_zoom_guard_once)] thread="Thread-28 (_zoom_guard_once)" event="cdp.send" method="Runtime.evaluate" timeout=3 params=["awaitPromise", "expression", "generatePreview", "returnByValue", "userGesture"]
2026-10-06T17:03:01.398294+00:00 [Thread-28 (_zoom_guard_once)] thread="Thread-28 (_zoom_guard_once)" event="cdp.result" method="Runtime.evaluate" seconds=0.015 keys=["result"]
2026-10-06T17:03:01.430293+00:00 [Dummy-20] thread="Dummy-20" event="cdp.send" method="Runtime.evaluate" timeout=2 params=["awaitPromise", "expression", "generatePreview", "returnByValue", "userGesture"]
2026-10-06T17:03:01.432293+00:00 [Dummy-20] thread="Dummy-20" event="cdp.result" method="Runtime.evaluate" seconds=0.0 keys=["result"]
2026-10-06T17:03:01.441293+00:00 [Dummy-20] thread="Dummy-20" event="cdp.send" method="Runtime.evaluate" timeout=3 params=["awaitPromise", "expression", "generatePreview", "returnByValue", "userGesture"]
2026-10-06T17:03:01.446292+00:00 [Dummy-20] thread="Dummy-20" event="cdp.result" method="Runtime.evaluate" seconds=0.015 keys=["result"]
2026-10-06T17:03:01.597291+00:00 [Dummy-20] thread="Dummy-20" event="cdp.send" method="Runtime.evaluate" timeout=2 params=["awaitPromise", "expression", "generatePreview", "returnByValue", "userGesture"]
2026-10-06T17:03:01.598292+00:00 [Dummy-20] thread="Dummy-20" event="cdp.result" method="Runtime.evaluate" seconds=0.0 keys=["result"]
2026-10-06T17:03:01.607292+00:00 [Dummy-20] thread="Dummy-20" event="cdp.send" method="Runtime.evaluate" timeout=3 params=["awaitPromise", "expression", "generatePreview", "returnByValue", "userGesture"]
2026-10-06T17:03:01.608291+00:00 [Dummy-20] thread="Dummy-20" event="cdp.result" method="Runtime.evaluate" seconds=0.0 keys=["result"]
2026-10-06T17:03:01.759292+00:00 [Dummy-20] thread="Dummy-20" event="cdp.send" method="Runtime.evaluate" timeout=2 params=["awaitPromise", "expression", "generatePreview", "returnByValue", "userGesture"]
2026-10-06T17:03:01.760292+00:00 [Dummy-20] thread="Dummy-20" event="cdp.result" method="Runtime.evaluate" seconds=0.0 keys=["result"]
2026-10-06T17:03:01.771292+00:00 [Dummy-20] thread="Dummy-20" event="cdp.send" method="Runtime.evaluate" timeout=3 params=["awaitPromise", "expression", "generatePreview", "returnByValue", "userGesture"]
2026-10-06T17:03:01.773293+00:00 [Dummy-20] thread="Dummy-20" event="cdp.result" method="Runtime.evaluate" seconds=0.015 keys=["result"]
2026-10-06T17:03:01.924293+00:00 [Dummy-20] thread="Dummy-20" event="cdp.send" method="Runtime.evaluate" timeout=2 params=["awaitPromise", "expression", "generatePreview", "returnByValue", "userGesture"]
2026-10-06T17:03:01.925293+00:00 [Dummy-20] thread="Dummy-20" event="cdp.result" method="Runtime.evaluate" seconds=0.0 keys=["result"]
2026-10-06T17:03:01.936294+00:00 [Dummy-20] thread="Dummy-20" event="cdp.send" method="Runtime.evaluate" timeout=3 params=["awaitPromise", "expression", "generatePreview", "returnByValue", "userGesture"]
2026-10-06T17:03:01.944293+00:00 [Dummy-20] thread="Dummy-20" event="cdp.result" method="Runtime.evaluate" seconds=0.015 keys=["result"]
2026-10-06T17:03:02.095294+00:00 [Dummy-20] thread="Dummy-20" event="cdp.send" method="Runtime.evaluate" timeout=2 params=["awaitPromise", "expression", "generatePreview", "returnByValue", "userGesture"]
2026-10-06T17:03:02.098294+00:00 [Dummy-20] thread="Dummy-20" event="cdp.result" method="Runtime.evaluate" seconds=0.0 keys=["result"]
2026-10-06T17:03:02.108292+00:00 [Dummy-20] thread="Dummy-20" event="cdp.send" method="Runtime.evaluate" timeout=3 params=["awaitPromise", "expression", "generatePreview", "returnByValue", "userGesture"]
2026-10-06T17:03:02.113292+00:00 [Dummy-20] thread="Dummy-20" event="cdp.result" method="Runtime.evaluate" seconds=0.0 keys=["result"]
2026-10-06T17:03:02.226291+00:00 [ResponsePoll] thread="ResponsePoll" event="cdp.send" method="Runtime.evaluate" timeout=1 params=["awaitPromise", "expression", "generatePreview", "returnByValue", "userGesture"]
2026-10-06T17:03:02.231292+00:00 [ResponsePoll] thread="ResponsePoll" event="cdp.result" method="Runtime.evaluate" seconds=0.0 keys=["result"]
2026-10-06T17:03:02.264295+00:00 [Dummy-20] thread="Dummy-20" event="cdp.send" method="Runtime.evaluate" timeout=2 params=["awaitPromise", "expression", "generatePreview", "returnByValue", "userGesture"]
2026-10-06T17:03:02.266292+00:00 [Dummy-20] thread="Dummy-20" event="cdp.result" method="Runtime.evaluate" seconds=0.0 keys=["result"]
2026-10-06T17:03:02.274291+00:00 [Dummy-20] thread="Dummy-20" event="cdp.send" method="Runtime.evaluate" timeout=3 params=["awaitPromise", "expression", "generatePreview", "returnByValue", "userGesture"]
2026-10-06T17:03:02.279293+00:00 [Dummy-20] thread="Dummy-20" event="cdp.result" method="Runtime.evaluate" seconds=0.0 keys=["result"]
2026-10-06T17:03:02.431294+00:00 [Dummy-20] thread="Dummy-20" event="cdp.send" method="Runtime.evaluate" timeout=2 params=["awaitPromise", "expression", "generatePreview", "returnByValue", "userGesture"]
2026-10-06T17:03:02.473294+00:00 [Dummy-20] thread="Dummy-20" event="cdp.result" method="Runtime.evaluate" seconds=0.031 keys=["result"]
2026-10-06T17:03:02.473294+00:00 [MainThread] thread="MainThread" event="upload.attachments_confirmed" complete=false
2026-10-06T17:03:02.596294+00:00 [Dummy-20] thread="Dummy-20" event="cdp.send" method="Runtime.evaluate" timeout=2 params=["awaitPromise", "expression", "generatePreview", "returnByValue", "userGesture"]
2026-10-06T17:03:02.600291+00:00 [Dummy-20] thread="Dummy-20" event="cdp.result" method="Runtime.evaluate" seconds=0.0 keys=["result"]
2026-10-06T17:03:02.613294+00:00 [Dummy-20] thread="Dummy-20" event="cdp.send" method="Runtime.evaluate" timeout=10 params=["awaitPromise", "expression", "generatePreview", "returnByValue", "userGesture"]
2026-10-06T17:03:02.787292+00:00 [Dummy-20] thread="Dummy-20" event="cdp.result" method="Runtime.evaluate" seconds=0.171 keys=["result"]
2026-10-06T17:03:02.788292+00:00 [Dummy-20] thread="Dummy-20" event="upload.attempt" kind="pdf" injected=true bytes=1900700 ms=203 empty_rounds=1 fails=0 name="Memphis.pdf"
2026-10-06T17:03:02.796293+00:00 [Dummy-20] thread="Dummy-20" event="cdp.send" method="Runtime.evaluate" timeout=3 params=["awaitPromise", "expression", "generatePreview", "returnByValue", "userGesture"]
2026-10-06T17:03:02.881295+00:00 [Dummy-20] thread="Dummy-20" event="cdp.result" method="Runtime.evaluate" seconds=0.078 keys=["result"]
2026-10-06T17:03:03.182291+00:00 [Dummy-20] thread="Dummy-20" event="cdp.send" method="Runtime.evaluate" timeout=2 params=["awaitPromise", "expression", "generatePreview", "returnByValue", "userGesture"]
2026-10-06T17:03:03.183291+00:00 [Dummy-20] thread="Dummy-20" event="cdp.result" method="Runtime.evaluate" seconds=0.0 keys=["result"]
2026-10-06T17:03:03.183291+00:00 [Dummy-20] thread="Dummy-20" event="cdp.send" method="Runtime.evaluate" timeout=10 params=["awaitPromise", "expression", "generatePreview", "returnByValue", "userGesture"]
2026-10-06T17:03:03.207295+00:00 [Dummy-20] thread="Dummy-20" event="cdp.result" method="Runtime.evaluate" seconds=0.015 keys=["result"]
2026-10-06T17:03:03.207295+00:00 [Dummy-20] thread="Dummy-20" event="upload.attempt" kind="template" injected=true bytes=155 ms=15 empty_rounds=1 fails=0 name="Шаблон.txt"
2026-10-06T17:03:03.208292+00:00 [Dummy-20] thread="Dummy-20" event="cdp.send" method="Runtime.evaluate" timeout=3 params=["awaitPromise", "expression", "generatePreview", "returnByValue", "userGesture"]
2026-10-06T17:03:03.212295+00:00 [Dummy-20] thread="Dummy-20" event="cdp.result" method="Runtime.evaluate" seconds=0.016 keys=["result"]
2026-10-06T17:03:03.814291+00:00 [Dummy-20] thread="Dummy-20" event="cdp.send" method="Runtime.evaluate" timeout=2 params=["awaitPromise", "expression", "generatePreview", "returnByValue", "userGesture"]
2026-10-06T17:03:03.815293+00:00 [Dummy-20] thread="Dummy-20" event="cdp.result" method="Runtime.evaluate" seconds=0.0 keys=["result"]
2026-10-06T17:03:03.815293+00:00 [Dummy-20] thread="Dummy-20" event="upload.state" present=2 uploading=false probe_ok=true pdf_exists=true template_exists=true attempts_failed=0
2026-10-06T17:03:03.815293+00:00 [Dummy-20] thread="Dummy-20" event="cdp.send" method="Runtime.evaluate" timeout=2 params=["awaitPromise", "expression", "generatePreview", "returnByValue", "userGesture"]
2026-10-06T17:03:03.816291+00:00 [Dummy-20] thread="Dummy-20" event="cdp.result" method="Runtime.evaluate" seconds=0.0 keys=["result"]
2026-10-06T17:03:03.816291+00:00 [Dummy-20] thread="Dummy-20" event="page.probe" category="google" ready="complete" bodyChildren=75 fileInputs=0 editors=2 frames=0 documentFocused=true activeEditable=true activeReadOnly=false activeDisabled=false
2026-10-06T17:03:03.816291+00:00 [MainThread] thread="MainThread" event="upload.attachments_confirmed" complete=true
2026-10-06T17:03:03.823291+00:00 [Dummy-20] thread="Dummy-20" event="cdp.send" method="Runtime.evaluate" timeout=3 params=["awaitPromise", "expression", "generatePreview", "returnByValue", "userGesture"]
2026-10-06T17:03:03.826292+00:00 [Dummy-20] thread="Dummy-20" event="cdp.result" method="Runtime.evaluate" seconds=0.0 keys=["result"]
2026-10-06T17:03:03.976293+00:00 [MainThread] thread="MainThread" event="main.snapshot" visible=true minimized=false geometry=[2091, 332, 453, 735] dpr=1.0 chrome_hwnd=526152 worker_running=false chromium_exit=null overlay_visible=false page_verdict="ai_mode" native_mode=true chat_ready=true cover_visible=false settling=false
2026-10-06T17:03:03.977293+00:00 [Dummy-20] thread="Dummy-20" event="cdp.send" method="Runtime.evaluate" timeout=2 params=["awaitPromise", "expression", "generatePreview", "returnByValue", "userGesture"]
2026-10-06T17:03:03.979292+00:00 [Dummy-20] thread="Dummy-20" event="cdp.result" method="Runtime.evaluate" seconds=0.0 keys=["result"]
2026-10-06T17:03:03.986292+00:00 [Dummy-20] thread="Dummy-20" event="cdp.send" method="Runtime.evaluate" timeout=3 params=["awaitPromise", "expression", "generatePreview", "returnByValue", "userGesture"]
2026-10-06T17:03:03.987292+00:00 [Dummy-20] thread="Dummy-20" event="cdp.result" method="Runtime.evaluate" seconds=0.0 keys=["result"]
2026-10-06T17:03:04.138297+00:00 [Dummy-20] thread="Dummy-20" event="cdp.send" method="Runtime.evaluate" timeout=2 params=["awaitPromise", "expression", "generatePreview", "returnByValue", "userGesture"]
2026-10-06T17:03:04.139292+00:00 [Dummy-20] thread="Dummy-20" event="cdp.result" method="Runtime.evaluate" seconds=0.0 keys=["result"]
2026-10-06T17:03:04.146293+00:00 [Dummy-20] thread="Dummy-20" event="cdp.send" method="Runtime.evaluate" timeout=3 params=["awaitPromise", "expression", "generatePreview", "returnByValue", "userGesture"]
2026-10-06T17:03:04.147293+00:00 [Dummy-20] thread="Dummy-20" event="cdp.result" method="Runtime.evaluate" seconds=0.0 keys=["result"]
2026-10-06T17:03:04.226292+00:00 [ResponsePoll] thread="ResponsePoll" event="cdp.send" method="Runtime.evaluate" timeout=1 params=["awaitPromise", "expression", "generatePreview", "returnByValue", "userGesture"]
2026-10-06T17:03:04.229293+00:00 [ResponsePoll] thread="ResponsePoll" event="cdp.result" method="Runtime.evaluate" seconds=0.0 keys=["result"]
2026-10-06T17:03:04.299291+00:00 [Dummy-20] thread="Dummy-20" event="cdp.send" method="Runtime.evaluate" timeout=2 params=["awaitPromise", "expression", "generatePreview", "returnByValue", "userGesture"]
2026-10-06T17:03:04.300294+00:00 [Dummy-20] thread="Dummy-20" event="cdp.result" method="Runtime.evaluate" seconds=0.0 keys=["result"]
2026-10-06T17:03:04.307293+00:00 [Dummy-20] thread="Dummy-20" event="cdp.send" method="Runtime.evaluate" timeout=3 params=["awaitPromise", "expression", "generatePreview", "returnByValue", "userGesture"]
2026-10-06T17:03:04.309294+00:00 [Dummy-20] thread="Dummy-20" event="cdp.result" method="Runtime.evaluate" seconds=0.0 keys=["result"]
2026-10-06T17:03:04.460291+00:00 [Dummy-20] thread="Dummy-20" event="cdp.send" method="Runtime.evaluate" timeout=2 params=["awaitPromise", "expression", "generatePreview", "returnByValue", "userGesture"]
2026-10-06T17:03:04.461292+00:00 [Dummy-20] thread="Dummy-20" event="cdp.result" method="Runtime.evaluate" seconds=0.0 keys=["result"]
2026-10-06T17:03:04.468294+00:00 [Dummy-20] thread="Dummy-20" event="cdp.send" method="Runtime.evaluate" timeout=3 params=["awaitPromise", "expression", "generatePreview", "returnByValue", "userGesture"]
2026-10-06T17:03:04.470294+00:00 [Dummy-20] thread="Dummy-20" event="cdp.result" method="Runtime.evaluate" seconds=0.0 keys=["result"]
2026-10-06T17:03:04.620811+00:00 [Dummy-20] thread="Dummy-20" event="cdp.send" method="Runtime.evaluate" timeout=2 params=["awaitPromise", "expression", "generatePreview", "returnByValue", "userGesture"]
2026-10-06T17:03:04.621338+00:00 [Dummy-20] thread="Dummy-20" event="cdp.result" method="Runtime.evaluate" seconds=0.0 keys=["result"]
2026-10-06T17:03:04.630325+00:00 [Dummy-20] thread="Dummy-20" event="cdp.send" method="Runtime.evaluate" timeout=3 params=["awaitPromise", "expression", "generatePreview", "returnByValue", "userGesture"]
2026-10-06T17:03:04.633322+00:00 [Dummy-20] thread="Dummy-20" event="cdp.result" method="Runtime.evaluate" seconds=0.016 keys=["result"]
2026-10-06T17:03:04.784323+00:00 [Dummy-20] thread="Dummy-20" event="cdp.send" method="Runtime.evaluate" timeout=2 params=["awaitPromise", "expression", "generatePreview", "returnByValue", "userGesture"]
2026-10-06T17:03:04.785323+00:00 [Dummy-20] thread="Dummy-20" event="cdp.result" method="Runtime.evaluate" seconds=0.0 keys=["result"]
2026-10-06T17:03:04.792325+00:00 [Dummy-20] thread="Dummy-20" event="cdp.send" method="Runtime.evaluate" timeout=3 params=["awaitPromise", "expression", "generatePreview", "returnByValue", "userGesture"]
2026-10-06T17:03:04.794325+00:00 [Dummy-20] thread="Dummy-20" event="cdp.result" method="Runtime.evaluate" seconds=0.0 keys=["result"]
2026-10-06T17:03:04.945323+00:00 [Dummy-20] thread="Dummy-20" event="cdp.send" method="Runtime.evaluate" timeout=2 params=["awaitPromise", "expression", "generatePreview", "returnByValue", "userGesture"]
2026-10-06T17:03:04.946323+00:00 [Dummy-20] thread="Dummy-20" event="cdp.result" method="Runtime.evaluate" seconds=0.0 keys=["result"]
2026-10-06T17:03:04.954322+00:00 [Dummy-20] thread="Dummy-20" event="cdp.send" method="Runtime.evaluate" timeout=3 params=["awaitPromise", "expression", "generatePreview", "returnByValue", "userGesture"]
2026-10-06T17:03:04.955325+00:00 [Dummy-20] thread="Dummy-20" event="cdp.result" method="Runtime.evaluate" seconds=0.0 keys=["result"]
2026-10-06T17:03:05.106323+00:00 [Dummy-20] thread="Dummy-20" event="cdp.send" method="Runtime.evaluate" timeout=2 params=["awaitPromise", "expression", "generatePreview", "returnByValue", "userGesture"]
2026-10-06T17:03:05.107324+00:00 [Dummy-20] thread="Dummy-20" event="cdp.result" method="Runtime.evaluate" seconds=0.0 keys=["result"]
2026-10-06T17:03:05.116324+00:00 [Dummy-20] thread="Dummy-20" event="cdp.send" method="Runtime.evaluate" timeout=3 params=["awaitPromise", "expression", "generatePreview", "returnByValue", "userGesture"]
2026-10-06T17:03:05.118324+00:00 [Dummy-20] thread="Dummy-20" event="cdp.result" method="Runtime.evaluate" seconds=0.0 keys=["result"]
2026-10-06T17:03:05.226323+00:00 [ResponsePoll] thread="ResponsePoll" event="cdp.send" method="Runtime.evaluate" timeout=1 params=["awaitPromise", "expression", "generatePreview", "returnByValue", "userGesture"]
2026-10-06T17:03:05.228325+00:00 [ResponsePoll] thread="ResponsePoll" event="cdp.result" method="Runtime.evaluate" seconds=0.0 keys=["result"]
2026-10-06T17:03:05.269326+00:00 [Dummy-20] thread="Dummy-20" event="cdp.send" method="Runtime.evaluate" timeout=2 params=["awaitPromise", "expression", "generatePreview", "returnByValue", "userGesture"]
2026-10-06T17:03:05.270323+00:00 [Dummy-20] thread="Dummy-20" event="cdp.result" method="Runtime.evaluate" seconds=0.0 keys=["result"]
2026-10-06T17:03:05.278322+00:00 [Dummy-20] thread="Dummy-20" event="cdp.send" method="Runtime.evaluate" timeout=3 params=["awaitPromise", "expression", "generatePreview", "returnByValue", "userGesture"]
2026-10-06T17:03:05.279322+00:00 [Dummy-20] thread="Dummy-20" event="cdp.result" method="Runtime.evaluate" seconds=0.0 keys=["result"]
2026-10-06T17:03:05.430323+00:00 [Dummy-20] thread="Dummy-20" event="cdp.send" method="Runtime.evaluate" timeout=2 params=["awaitPromise", "expression", "generatePreview", "returnByValue", "userGesture"]
2026-10-06T17:03:05.431323+00:00 [Dummy-20] thread="Dummy-20" event="cdp.result" method="Runtime.evaluate" seconds=0.0 keys=["result"]
2026-10-06T17:03:05.438325+00:00 [Dummy-20] thread="Dummy-20" event="cdp.send" method="Runtime.evaluate" timeout=3 params=["awaitPromise", "expression", "generatePreview", "returnByValue", "userGesture"]
2026-10-06T17:03:05.439324+00:00 [Dummy-20] thread="Dummy-20" event="cdp.result" method="Runtime.evaluate" seconds=0.0 keys=["result"]
2026-10-06T17:03:05.591456+00:00 [Dummy-20] thread="Dummy-20" event="cdp.send" method="Runtime.evaluate" timeout=2 params=["awaitPromise", "expression", "generatePreview", "returnByValue", "userGesture"]
2026-10-06T17:03:05.594445+00:00 [Dummy-20] thread="Dummy-20" event="cdp.result" method="Runtime.evaluate" seconds=0.0 keys=["result"]
2026-10-06T17:03:05.604449+00:00 [Dummy-20] thread="Dummy-20" event="cdp.send" method="Runtime.evaluate" timeout=3 params=["awaitPromise", "expression", "generatePreview", "returnByValue", "userGesture"]
2026-10-06T17:03:05.607444+00:00 [Dummy-20] thread="Dummy-20" event="cdp.result" method="Runtime.evaluate" seconds=0.0 keys=["result"]
2026-10-06T17:03:05.757967+00:00 [Dummy-20] thread="Dummy-20" event="cdp.send" method="Runtime.evaluate" timeout=2 params=["awaitPromise", "expression", "generatePreview", "returnByValue", "userGesture"]
2026-10-06T17:03:05.758957+00:00 [Dummy-20] thread="Dummy-20" event="cdp.result" method="Runtime.evaluate" seconds=0.0 keys=["result"]
2026-10-06T17:03:05.766956+00:00 [Dummy-20] thread="Dummy-20" event="cdp.send" method="Runtime.evaluate" timeout=3 params=["awaitPromise", "expression", "generatePreview", "returnByValue", "userGesture"]
2026-10-06T17:03:05.771959+00:00 [Dummy-20] thread="Dummy-20" event="cdp.result" method="Runtime.evaluate" seconds=0.0 keys=["result"]
2026-10-06T17:03:05.922958+00:00 [Dummy-20] thread="Dummy-20" event="cdp.send" method="Runtime.evaluate" timeout=2 params=["awaitPromise", "expression", "generatePreview", "returnByValue", "userGesture"]
2026-10-06T17:03:05.923957+00:00 [Dummy-20] thread="Dummy-20" event="cdp.result" method="Runtime.evaluate" seconds=0.0 keys=["result"]
2026-10-06T17:03:05.932960+00:00 [Dummy-20] thread="Dummy-20" event="cdp.send" method="Runtime.evaluate" timeout=3 params=["awaitPromise", "expression", "generatePreview", "returnByValue", "userGesture"]
2026-10-06T17:03:05.934957+00:00 [Dummy-20] thread="Dummy-20" event="cdp.result" method="Runtime.evaluate" seconds=0.0 keys=["result"]
2026-10-06T17:03:06.085957+00:00 [Dummy-20] thread="Dummy-20" event="cdp.send" method="Runtime.evaluate" timeout=2 params=["awaitPromise", "expression", "generatePreview", "returnByValue", "userGesture"]
2026-10-06T17:03:06.086957+00:00 [Dummy-20] thread="Dummy-20" event="cdp.result" method="Runtime.evaluate" seconds=0.0 keys=["result"]
2026-10-06T17:03:06.095960+00:00 [Dummy-20] thread="Dummy-20" event="cdp.send" method="Runtime.evaluate" timeout=3 params=["awaitPromise", "expression", "generatePreview", "returnByValue", "userGesture"]
2026-10-06T17:03:06.097958+00:00 [Dummy-20] thread="Dummy-20" event="cdp.result" method="Runtime.evaluate" seconds=0.0 keys=["result"]
2026-10-06T17:03:06.225957+00:00 [MainThread] thread="MainThread" event="trace.begin" name="NativeHost.hide_taskbar" args=1 kwargs=0
2026-10-06T17:03:06.248485+00:00 [Dummy-20] thread="Dummy-20" event="cdp.send" method="Runtime.evaluate" timeout=2 params=["awaitPromise", "expression", "generatePreview", "returnByValue", "userGesture"]
2026-10-06T17:03:06.249482+00:00 [Dummy-20] thread="Dummy-20" event="cdp.result" method="Runtime.evaluate" seconds=0.0 keys=["result"]
2026-10-06T17:03:06.258479+00:00 [Dummy-20] thread="Dummy-20" event="cdp.send" method="Runtime.evaluate" timeout=3 params=["awaitPromise", "expression", "generatePreview", "returnByValue", "userGesture"]
2026-10-06T17:03:06.259479+00:00 [Dummy-20] thread="Dummy-20" event="cdp.result" method="Runtime.evaluate" seconds=0.0 keys=["result"]
2026-10-06T17:03:06.319479+00:00 [MainThread] thread="MainThread" event="win32.taskbar_hidden" hwnd=526152 style=true delete_tab=false
2026-10-06T17:03:06.322478+00:00 [MainThread] thread="MainThread" event="trace.end" name="NativeHost.hide_taskbar" seconds=0.093
2026-10-06T17:03:06.323479+00:00 [Thread-29 (_zoom_guard_once)] thread="Thread-29 (_zoom_guard_once)" event="cdp.send" method="Emulation.setLocaleOverride" timeout=4 params=["locale"]
2026-10-06T17:03:06.325482+00:00 [Thread-29 (_zoom_guard_once)] thread="Thread-29 (_zoom_guard_once)" event="cdp.result" method="Emulation.setLocaleOverride" seconds=0.0 keys=[]
2026-10-06T17:03:06.325482+00:00 [ResponsePoll] thread="ResponsePoll" event="cdp.send" method="Runtime.evaluate" timeout=1 params=["awaitPromise", "expression", "generatePreview", "returnByValue", "userGesture"]
2026-10-06T17:03:06.326481+00:00 [ResponsePoll] thread="ResponsePoll" event="cdp.result" method="Runtime.evaluate" seconds=0.0 keys=["result"]
2026-10-06T17:03:06.326481+00:00 [Thread-29 (_zoom_guard_once)] thread="Thread-29 (_zoom_guard_once)" event="cdp.send" method="Emulation.setAutoDarkModeOverride" timeout=4 params=["enabled"]
2026-10-06T17:03:06.327480+00:00 [Thread-29 (_zoom_guard_once)] thread="Thread-29 (_zoom_guard_once)" event="cdp.result" method="Emulation.setAutoDarkModeOverride" seconds=0.0 keys=[]
2026-10-06T17:03:06.327480+00:00 [Thread-29 (_zoom_guard_once)] thread="Thread-29 (_zoom_guard_once)" event="cdp.send" method="Emulation.setEmulatedMedia" timeout=4 params=["features"]
2026-10-06T17:03:06.328479+00:00 [Thread-29 (_zoom_guard_once)] thread="Thread-29 (_zoom_guard_once)" event="cdp.result" method="Emulation.setEmulatedMedia" seconds=0.0 keys=[]
2026-10-06T17:03:06.328479+00:00 [Thread-29 (_zoom_guard_once)] thread="Thread-29 (_zoom_guard_once)" event="cdp.send" method="Runtime.evaluate" timeout=3 params=["awaitPromise", "expression", "generatePreview", "returnByValue", "userGesture"]
2026-10-06T17:03:06.328479+00:00 [Thread-29 (_zoom_guard_once)] thread="Thread-29 (_zoom_guard_once)" event="cdp.result" method="Runtime.evaluate" seconds=0.0 keys=["result"]
2026-10-06T17:03:06.410479+00:00 [Dummy-20] thread="Dummy-20" event="cdp.send" method="Runtime.evaluate" timeout=2 params=["awaitPromise", "expression", "generatePreview", "returnByValue", "userGesture"]
2026-10-06T17:03:06.411480+00:00 [Dummy-20] thread="Dummy-20" event="cdp.result" method="Runtime.evaluate" seconds=0.0 keys=["result"]
2026-10-06T17:03:06.419479+00:00 [Dummy-20] thread="Dummy-20" event="cdp.send" method="Runtime.evaluate" timeout=3 params=["awaitPromise", "expression", "generatePreview", "returnByValue", "userGesture"]
2026-10-06T17:03:06.421480+00:00 [Dummy-20] thread="Dummy-20" event="cdp.result" method="Runtime.evaluate" seconds=0.0 keys=["result"]
2026-10-06T17:03:06.572005+00:00 [Dummy-20] thread="Dummy-20" event="cdp.send" method="Runtime.evaluate" timeout=2 params=["awaitPromise", "expression", "generatePreview", "returnByValue", "userGesture"]
2026-10-06T17:03:06.572538+00:00 [Dummy-20] thread="Dummy-20" event="cdp.result" method="Runtime.evaluate" seconds=0.0 keys=["result"]
2026-10-06T17:03:06.580522+00:00 [Dummy-20] thread="Dummy-20" event="cdp.send" method="Runtime.evaluate" timeout=3 params=["awaitPromise", "expression", "generatePreview", "returnByValue", "userGesture"]
2026-10-06T17:03:06.584520+00:00 [Dummy-20] thread="Dummy-20" event="cdp.result" method="Runtime.evaluate" seconds=0.0 keys=["result"]
2026-10-06T17:03:06.735047+00:00 [Dummy-20] thread="Dummy-20" event="cdp.send" method="Runtime.evaluate" timeout=2 params=["awaitPromise", "expression", "generatePreview", "returnByValue", "userGesture"]
2026-10-06T17:03:06.736037+00:00 [Dummy-20] thread="Dummy-20" event="cdp.result" method="Runtime.evaluate" seconds=0.0 keys=["result"]
2026-10-06T17:03:06.743036+00:00 [Dummy-20] thread="Dummy-20" event="cdp.send" method="Runtime.evaluate" timeout=3 params=["awaitPromise", "expression", "generatePreview", "returnByValue", "userGesture"]
2026-10-06T17:03:06.744037+00:00 [Dummy-20] thread="Dummy-20" event="cdp.result" method="Runtime.evaluate" seconds=0.0 keys=["result"]
2026-10-06T17:03:06.895034+00:00 [Dummy-20] thread="Dummy-20" event="cdp.send" method="Runtime.evaluate" timeout=2 params=["awaitPromise", "expression", "generatePreview", "returnByValue", "userGesture"]
2026-10-06T17:03:06.896035+00:00 [Dummy-20] thread="Dummy-20" event="cdp.result" method="Runtime.evaluate" seconds=0.0 keys=["result"]
2026-10-06T17:03:06.902548+00:00 [Dummy-20] thread="Dummy-20" event="cdp.send" method="Runtime.evaluate" timeout=3 params=["awaitPromise", "expression", "generatePreview", "returnByValue", "userGesture"]
2026-10-06T17:03:06.903551+00:00 [Dummy-20] thread="Dummy-20" event="cdp.result" method="Runtime.evaluate" seconds=0.0 keys=["result"]
2026-10-06T17:03:07.054550+00:00 [Dummy-20] thread="Dummy-20" event="cdp.send" method="Runtime.evaluate" timeout=2 params=["awaitPromise", "expression", "generatePreview", "returnByValue", "userGesture"]
2026-10-06T17:03:07.055552+00:00 [Dummy-20] thread="Dummy-20" event="cdp.result" method="Runtime.evaluate" seconds=0.0 keys=["result"]
2026-10-06T17:03:07.061549+00:00 [Dummy-20] thread="Dummy-20" event="cdp.send" method="Runtime.evaluate" timeout=3 params=["awaitPromise", "expression", "generatePreview", "returnByValue", "userGesture"]
2026-10-06T17:03:07.064550+00:00 [Dummy-20] thread="Dummy-20" event="cdp.result" method="Runtime.evaluate" seconds=0.0 keys=["result"]
2026-10-06T17:03:07.215548+00:00 [Dummy-20] thread="Dummy-20" event="cdp.send" method="Runtime.evaluate" timeout=2 params=["awaitPromise", "expression", "generatePreview", "returnByValue", "userGesture"]
2026-10-06T17:03:07.216550+00:00 [Dummy-20] thread="Dummy-20" event="cdp.result" method="Runtime.evaluate" seconds=0.0 keys=["result"]
2026-10-06T17:03:07.225549+00:00 [ResponsePoll] thread="ResponsePoll" event="cdp.send" method="Runtime.evaluate" timeout=1 params=["awaitPromise", "expression", "generatePreview", "returnByValue", "userGesture"]
2026-10-06T17:03:07.226549+00:00 [ResponsePoll] thread="ResponsePoll" event="cdp.result" method="Runtime.evaluate" seconds=0.0 keys=["result"]
2026-10-06T17:03:07.226549+00:00 [Dummy-20] thread="Dummy-20" event="cdp.send" method="Runtime.evaluate" timeout=3 params=["awaitPromise", "expression", "generatePreview", "returnByValue", "userGesture"]
2026-10-06T17:03:07.228550+00:00 [Dummy-20] thread="Dummy-20" event="cdp.result" method="Runtime.evaluate" seconds=0.0 keys=["result"]
2026-10-06T17:03:07.379550+00:00 [Dummy-20] thread="Dummy-20" event="cdp.send" method="Runtime.evaluate" timeout=2 params=["awaitPromise", "expression", "generatePreview", "returnByValue", "userGesture"]
2026-10-06T17:03:07.381551+00:00 [Dummy-20] thread="Dummy-20" event="cdp.result" method="Runtime.evaluate" seconds=0.0 keys=["result"]
2026-10-06T17:03:07.388550+00:00 [Dummy-20] thread="Dummy-20" event="cdp.send" method="Runtime.evaluate" timeout=3 params=["awaitPromise", "expression", "generatePreview", "returnByValue", "userGesture"]
2026-10-06T17:03:07.389549+00:00 [Dummy-20] thread="Dummy-20" event="cdp.result" method="Runtime.evaluate" seconds=0.0 keys=["result"]
2026-10-06T17:03:07.540551+00:00 [Dummy-20] thread="Dummy-20" event="cdp.send" method="Runtime.evaluate" timeout=2 params=["awaitPromise", "expression", "generatePreview", "returnByValue", "userGesture"]
2026-10-06T17:03:07.541552+00:00 [Dummy-20] thread="Dummy-20" event="cdp.result" method="Runtime.evaluate" seconds=0.0 keys=["result"]
2026-10-06T17:03:07.549550+00:00 [Dummy-20] thread="Dummy-20" event="cdp.send" method="Runtime.evaluate" timeout=3 params=["awaitPromise", "expression", "generatePreview", "returnByValue", "userGesture"]
2026-10-06T17:03:07.550550+00:00 [Dummy-20] thread="Dummy-20" event="cdp.result" method="Runtime.evaluate" seconds=0.0 keys=["result"]
2026-10-06T17:03:07.701551+00:00 [Dummy-20] thread="Dummy-20" event="cdp.send" method="Runtime.evaluate" timeout=2 params=["awaitPromise", "expression", "generatePreview", "returnByValue", "userGesture"]
2026-10-06T17:03:07.702550+00:00 [Dummy-20] thread="Dummy-20" event="cdp.result" method="Runtime.evaluate" seconds=0.0 keys=["result"]
2026-10-06T17:03:07.711549+00:00 [Dummy-20] thread="Dummy-20" event="cdp.send" method="Runtime.evaluate" timeout=3 params=["awaitPromise", "expression", "generatePreview", "returnByValue", "userGesture"]
2026-10-06T17:03:07.712551+00:00 [Dummy-20] thread="Dummy-20" event="cdp.result" method="Runtime.evaluate" seconds=0.0 keys=["result"]
2026-10-06T17:03:07.863549+00:00 [Dummy-20] thread="Dummy-20" event="cdp.send" method="Runtime.evaluate" timeout=2 params=["awaitPromise", "expression", "generatePreview", "returnByValue", "userGesture"]
2026-10-06T17:03:07.864550+00:00 [Dummy-20] thread="Dummy-20" event="cdp.result" method="Runtime.evaluate" seconds=0.0 keys=["result"]
2026-10-06T17:03:07.872550+00:00 [Dummy-20] thread="Dummy-20" event="cdp.send" method="Runtime.evaluate" timeout=3 params=["awaitPromise", "expression", "generatePreview", "returnByValue", "userGesture"]
2026-10-06T17:03:07.874551+00:00 [Dummy-20] thread="Dummy-20" event="cdp.result" method="Runtime.evaluate" seconds=0.0 keys=["result"]
2026-10-06T17:03:08.025549+00:00 [Dummy-20] thread="Dummy-20" event="cdp.send" method="Runtime.evaluate" timeout=2 params=["awaitPromise", "expression", "generatePreview", "returnByValue", "userGesture"]
2026-10-06T17:03:08.027550+00:00 [Dummy-20] thread="Dummy-20" event="cdp.result" method="Runtime.evaluate" seconds=0.0 keys=["result"]
2026-10-06T17:03:08.035549+00:00 [Dummy-20] thread="Dummy-20" event="cdp.send" method="Runtime.evaluate" timeout=3 params=["awaitPromise", "expression", "generatePreview", "returnByValue", "userGesture"]
2026-10-06T17:03:08.037550+00:00 [Dummy-20] thread="Dummy-20" event="cdp.result" method="Runtime.evaluate" seconds=0.0 keys=["result"]
2026-10-06T17:03:08.188067+00:00 [Dummy-20] thread="Dummy-20" event="cdp.send" method="Runtime.evaluate" timeout=2 params=["awaitPromise", "expression", "generatePreview", "returnByValue", "userGesture"]
2026-10-06T17:03:08.189059+00:00 [Dummy-20] thread="Dummy-20" event="cdp.result" method="Runtime.evaluate" seconds=0.0 keys=["result"]
2026-10-06T17:03:08.199092+00:00 [Dummy-20] thread="Dummy-20" event="cdp.send" method="Runtime.evaluate" timeout=3 params=["awaitPromise", "expression", "generatePreview", "returnByValue", "userGesture"]
2026-10-06T17:03:08.201093+00:00 [Dummy-20] thread="Dummy-20" event="cdp.result" method="Runtime.evaluate" seconds=0.0 keys=["result"]
2026-10-06T17:03:08.226093+00:00 [ResponsePoll] thread="ResponsePoll" event="cdp.send" method="Runtime.evaluate" timeout=1 params=["awaitPromise", "expression", "generatePreview", "returnByValue", "userGesture"]
2026-10-06T17:03:08.229093+00:00 [ResponsePoll] thread="ResponsePoll" event="cdp.result" method="Runtime.evaluate" seconds=0.0 keys=["result"]
2026-10-06T17:03:08.352093+00:00 [Dummy-20] thread="Dummy-20" event="cdp.send" method="Runtime.evaluate" timeout=2 params=["awaitPromise", "expression", "generatePreview", "returnByValue", "userGesture"]
2026-10-06T17:03:08.354092+00:00 [Dummy-20] thread="Dummy-20" event="cdp.result" method="Runtime.evaluate" seconds=0.0 keys=["result"]
2026-10-06T17:03:08.361092+00:00 [Dummy-20] thread="Dummy-20" event="cdp.send" method="Runtime.evaluate" timeout=3 params=["awaitPromise", "expression", "generatePreview", "returnByValue", "userGesture"]
2026-10-06T17:03:08.362092+00:00 [Dummy-20] thread="Dummy-20" event="cdp.result" method="Runtime.evaluate" seconds=0.0 keys=["result"]
2026-10-06T17:03:08.513094+00:00 [Dummy-20] thread="Dummy-20" event="cdp.send" method="Runtime.evaluate" timeout=2 params=["awaitPromise", "expression", "generatePreview", "returnByValue", "userGesture"]
2026-10-06T17:03:08.514092+00:00 [Dummy-20] thread="Dummy-20" event="cdp.result" method="Runtime.evaluate" seconds=0.0 keys=["result"]
2026-10-06T17:03:08.521094+00:00 [Dummy-20] thread="Dummy-20" event="cdp.send" method="Runtime.evaluate" timeout=3 params=["awaitPromise", "expression", "generatePreview", "returnByValue", "userGesture"]
2026-10-06T17:03:08.523092+00:00 [Dummy-20] thread="Dummy-20" event="cdp.result" method="Runtime.evaluate" seconds=0.015 keys=["result"]
2026-10-06T17:03:08.674094+00:00 [Dummy-20] thread="Dummy-20" event="cdp.send" method="Runtime.evaluate" timeout=2 params=["awaitPromise", "expression", "generatePreview", "returnByValue", "userGesture"]
2026-10-06T17:03:08.675095+00:00 [Dummy-20] thread="Dummy-20" event="cdp.result" method="Runtime.evaluate" seconds=0.0 keys=["result"]
2026-10-06T17:03:08.684092+00:00 [Dummy-20] thread="Dummy-20" event="cdp.send" method="Runtime.evaluate" timeout=3 params=["awaitPromise", "expression", "generatePreview", "returnByValue", "userGesture"]
2026-10-06T17:03:08.686093+00:00 [Dummy-20] thread="Dummy-20" event="cdp.result" method="Runtime.evaluate" seconds=0.0 keys=["result"]
2026-10-06T17:03:08.837613+00:00 [Dummy-20] thread="Dummy-20" event="cdp.send" method="Runtime.evaluate" timeout=2 params=["awaitPromise", "expression", "generatePreview", "returnByValue", "userGesture"]
2026-10-06T17:03:08.839606+00:00 [Dummy-20] thread="Dummy-20" event="cdp.result" method="Runtime.evaluate" seconds=0.0 keys=["result"]
2026-10-06T17:03:08.839606+00:00 [Dummy-20] thread="Dummy-20" event="upload.state" present=2 uploading=false probe_ok=true pdf_exists=true template_exists=true attempts_failed=0
2026-10-06T17:03:08.840606+00:00 [Dummy-20] thread="Dummy-20" event="cdp.send" method="Runtime.evaluate" timeout=2 params=["awaitPromise", "expression", "generatePreview", "returnByValue", "userGesture"]
2026-10-06T17:03:08.841606+00:00 [Dummy-20] thread="Dummy-20" event="cdp.result" method="Runtime.evaluate" seconds=0.0 keys=["result"]
2026-10-06T17:03:08.841606+00:00 [Dummy-20] thread="Dummy-20" event="page.probe" category="google" ready="complete" bodyChildren=75 fileInputs=0 editors=2 frames=0 documentFocused=true activeEditable=true activeReadOnly=false activeDisabled=false
2026-10-06T17:03:08.850605+00:00 [Dummy-20] thread="Dummy-20" event="cdp.send" method="Runtime.evaluate" timeout=3 params=["awaitPromise", "expression", "generatePreview", "returnByValue", "userGesture"]
2026-10-06T17:03:08.852606+00:00 [Dummy-20] thread="Dummy-20" event="cdp.result" method="Runtime.evaluate" seconds=0.0 keys=["result"]
2026-10-06T17:03:08.975605+00:00 [MainThread] thread="MainThread" event="main.snapshot" visible=true minimized=false geometry=[2091, 332, 453, 735] dpr=1.0 chrome_hwnd=526152 worker_running=false chromium_exit=null overlay_visible=false page_verdict="ai_mode" native_mode=true chat_ready=true cover_visible=false settling=false
2026-10-06T17:03:09.004605+00:00 [Dummy-20] thread="Dummy-20" event="cdp.send" method="Runtime.evaluate" timeout=2 params=["awaitPromise", "expression", "generatePreview", "returnByValue", "userGesture"]
2026-10-06T17:03:09.006709+00:00 [Dummy-20] thread="Dummy-20" event="cdp.result" method="Runtime.evaluate" seconds=0.016 keys=["result"]
2026-10-06T17:03:09.014694+00:00 [Dummy-20] thread="Dummy-20" event="cdp.send" method="Runtime.evaluate" timeout=3 params=["awaitPromise", "expression", "generatePreview", "returnByValue", "userGesture"]
2026-10-06T17:03:09.015692+00:00 [Dummy-20] thread="Dummy-20" event="cdp.result" method="Runtime.evaluate" seconds=0.0 keys=["result"]
2026-10-06T17:03:09.119694+00:00 [DiagnosticWatchdog] thread="DiagnosticWatchdog" event="gui.heartbeat" age_seconds=0.0
2026-10-06T17:03:09.167695+00:00 [Dummy-20] thread="Dummy-20" event="cdp.send" method="Runtime.evaluate" timeout=2 params=["awaitPromise", "expression", "generatePreview", "returnByValue", "userGesture"]
2026-10-06T17:03:09.168694+00:00 [Dummy-20] thread="Dummy-20" event="cdp.result" method="Runtime.evaluate" seconds=0.0 keys=["result"]
2026-10-06T17:03:09.175694+00:00 [Dummy-20] thread="Dummy-20" event="cdp.send" method="Runtime.evaluate" timeout=3 params=["awaitPromise", "expression", "generatePreview", "returnByValue", "userGesture"]
2026-10-06T17:03:09.176695+00:00 [Dummy-20] thread="Dummy-20" event="cdp.result" method="Runtime.evaluate" seconds=0.0 keys=["result"]
2026-10-06T17:03:09.225694+00:00 [ResponsePoll] thread="ResponsePoll" event="cdp.send" method="Runtime.evaluate" timeout=1 params=["awaitPromise", "expression", "generatePreview", "returnByValue", "userGesture"]
2026-10-06T17:03:09.226693+00:00 [ResponsePoll] thread="ResponsePoll" event="cdp.result" method="Runtime.evaluate" seconds=0.0 keys=["result"]
2026-10-06T17:03:09.327692+00:00 [Dummy-20] thread="Dummy-20" event="cdp.send" method="Runtime.evaluate" timeout=2 params=["awaitPromise", "expression", "generatePreview", "returnByValue", "userGesture"]
2026-10-06T17:03:09.328693+00:00 [Dummy-20] thread="Dummy-20" event="cdp.result" method="Runtime.evaluate" seconds=0.0 keys=["result"]
2026-10-06T17:03:09.334692+00:00 [Dummy-20] thread="Dummy-20" event="cdp.send" method="Runtime.evaluate" timeout=3 params=["awaitPromise", "expression", "generatePreview", "returnByValue", "userGesture"]
2026-10-06T17:03:09.336692+00:00 [Dummy-20] thread="Dummy-20" event="cdp.result" method="Runtime.evaluate" seconds=0.016 keys=["result"]
2026-10-06T17:03:09.487713+00:00 [Dummy-20] thread="Dummy-20" event="cdp.send" method="Runtime.evaluate" timeout=2 params=["awaitPromise", "expression", "generatePreview", "returnByValue", "userGesture"]
2026-10-06T17:03:09.488708+00:00 [Dummy-20] thread="Dummy-20" event="cdp.result" method="Runtime.evaluate" seconds=0.0 keys=["result"]
2026-10-06T17:03:09.497709+00:00 [Dummy-20] thread="Dummy-20" event="cdp.send" method="Runtime.evaluate" timeout=3 params=["awaitPromise", "expression", "generatePreview", "returnByValue", "userGesture"]
2026-10-06T17:03:09.498708+00:00 [Dummy-20] thread="Dummy-20" event="cdp.result" method="Runtime.evaluate" seconds=0.0 keys=["result"]
2026-10-06T17:03:09.649705+00:00 [Dummy-20] thread="Dummy-20" event="cdp.send" method="Runtime.evaluate" timeout=2 params=["awaitPromise", "expression", "generatePreview", "returnByValue", "userGesture"]
2026-10-06T17:03:09.652708+00:00 [Dummy-20] thread="Dummy-20" event="cdp.result" method="Runtime.evaluate" seconds=0.0 keys=["result"]
2026-10-06T17:03:09.659706+00:00 [Dummy-20] thread="Dummy-20" event="cdp.send" method="Runtime.evaluate" timeout=3 params=["awaitPromise", "expression", "generatePreview", "returnByValue", "userGesture"]
2026-10-06T17:03:09.661706+00:00 [Dummy-20] thread="Dummy-20" event="cdp.result" method="Runtime.evaluate" seconds=0.0 keys=["result"]
2026-10-06T17:03:09.812706+00:00 [Dummy-20] thread="Dummy-20" event="cdp.send" method="Runtime.evaluate" timeout=2 params=["awaitPromise", "expression", "generatePreview", "returnByValue", "userGesture"]
2026-10-06T17:03:09.813706+00:00 [Dummy-20] thread="Dummy-20" event="cdp.result" method="Runtime.evaluate" seconds=0.0 keys=["result"]
2026-10-06T17:03:09.819707+00:00 [Dummy-20] thread="Dummy-20" event="cdp.send" method="Runtime.evaluate" timeout=3 params=["awaitPromise", "expression", "generatePreview", "returnByValue", "userGesture"]
2026-10-06T17:03:09.821708+00:00 [Dummy-20] thread="Dummy-20" event="cdp.result" method="Runtime.evaluate" seconds=0.0 keys=["result"]
2026-10-06T17:03:09.972706+00:00 [Dummy-20] thread="Dummy-20" event="cdp.send" method="Runtime.evaluate" timeout=2 params=["awaitPromise", "expression", "generatePreview", "returnByValue", "userGesture"]
2026-10-06T17:03:09.973706+00:00 [Dummy-20] thread="Dummy-20" event="cdp.result" method="Runtime.evaluate" seconds=0.0 keys=["result"]
2026-10-06T17:03:09.980705+00:00 [Dummy-20] thread="Dummy-20" event="cdp.send" method="Runtime.evaluate" timeout=3 params=["awaitPromise", "expression", "generatePreview", "returnByValue", "userGesture"]
2026-10-06T17:03:09.981706+00:00 [Dummy-20] thread="Dummy-20" event="cdp.result" method="Runtime.evaluate" seconds=0.0 keys=["result"]
2026-10-06T17:03:10.132707+00:00 [Dummy-20] thread="Dummy-20" event="cdp.send" method="Runtime.evaluate" timeout=2 params=["awaitPromise", "expression", "generatePreview", "returnByValue", "userGesture"]
2026-10-06T17:03:10.133707+00:00 [Dummy-20] thread="Dummy-20" event="cdp.result" method="Runtime.evaluate" seconds=0.0 keys=["result"]
2026-10-06T17:03:10.142707+00:00 [Dummy-20] thread="Dummy-20" event="cdp.send" method="Runtime.evaluate" timeout=3 params=["awaitPromise", "expression", "generatePreview", "returnByValue", "userGesture"]
2026-10-06T17:03:10.144709+00:00 [Dummy-20] thread="Dummy-20" event="cdp.result" method="Runtime.evaluate" seconds=0.0 keys=["result"]
2026-10-06T17:03:10.225707+00:00 [ResponsePoll] thread="ResponsePoll" event="cdp.send" method="Runtime.evaluate" timeout=1 params=["awaitPromise", "expression", "generatePreview", "returnByValue", "userGesture"]
2026-10-06T17:03:10.226706+00:00 [ResponsePoll] thread="ResponsePoll" event="cdp.result" method="Runtime.evaluate" seconds=0.0 keys=["result"]
2026-10-06T17:03:10.227708+00:00 [MainThread] thread="MainThread" event="stage.begin" name="DecrementWorker.__init__"
2026-10-06T17:03:10.227708+00:00 [MainThread] thread="MainThread" event="stage.end" name="DecrementWorker.__init__" seconds=0.0
2026-10-06T17:03:10.228707+00:00 [Dummy-30] thread="Dummy-30" event="http.begin" method="post" host="legalyzeai.ru" path="/api/client/queries"
2026-10-06T17:03:10.295705+00:00 [Dummy-20] thread="Dummy-20" event="cdp.send" method="Runtime.evaluate" timeout=2 params=["awaitPromise", "expression", "generatePreview", "returnByValue", "userGesture"]
2026-10-06T17:03:10.297708+00:00 [Dummy-20] thread="Dummy-20" event="cdp.result" method="Runtime.evaluate" seconds=0.0 keys=["result"]
2026-10-06T17:03:10.307705+00:00 [Dummy-20] thread="Dummy-20" event="cdp.send" method="Runtime.evaluate" timeout=3 params=["awaitPromise", "expression", "generatePreview", "returnByValue", "userGesture"]
2026-10-06T17:03:10.308706+00:00 [Dummy-20] thread="Dummy-20" event="cdp.result" method="Runtime.evaluate" seconds=0.0 keys=["result"]
2026-10-06T17:03:10.382707+00:00 [MainThread] thread="MainThread" event="trace.begin" name="MainWindow._on_hotkey" args=2 kwargs=0
2026-10-06T17:03:10.382707+00:00 [MainThread] thread="MainThread" event="bt.hotkey.pressed" id=1 visible=true args="{'win_visible': True, 'win_min': False, 'win_geo': [2091, 332, 453, 735], 'dpr': 1.0, 'cover': False, 'settling': False…
2026-10-06T17:03:10.382707+00:00 [MainThread] thread="MainThread" event="stage.begin" name="_toggle_visibility"
2026-10-06T17:03:10.383707+00:00 [MainThread] thread="MainThread" event="bt.hotkey.toggle.begin" action="hide" args="{'win_visible': True, 'win_min': False, 'win_geo': [2091, 332, 453, 735], 'dpr': 1.0, 'cover': False, 'settling': False…
2026-10-06T17:03:10.391708+00:00 [MainThread] thread="MainThread" event="win32.sync" hwnd=526152 wanted=[-10, -24, 453, 735] ok=true error=0 actual={"hwnd": 526152, "pid": 21712, "visible": true, "rect": [2081, 308, 2534, 1043], "style": 1442840576, "exstyle": 128, "p…
2026-10-06T17:03:10.445218+00:00 [MainThread] thread="MainThread" event="bt.window.hide" args="{'win_visible': False, 'win_min': False, 'win_geo': [2091, 332, 453, 735], 'dpr': 1.0, 'cover': False, 'settling': Fals…
2026-10-06T17:03:10.448219+00:00 [BrowserWatch:hide] thread="BrowserWatch:hide" event="cdp.send" method="Runtime.evaluate" timeout=0.6 params=["awaitPromise", "expression", "generatePreview", "returnByValue", "userGesture"]
2026-10-06T17:03:10.450221+00:00 [MainThread] thread="MainThread" event="bt.hotkey.toggle.end" action="hide" args="{'win_visible': False, 'win_min': False, 'win_geo': [2091, 332, 453, 735], 'dpr': 1.0, 'cover': False, 'settling': Fals…
2026-10-06T17:03:10.450221+00:00 [MainThread] thread="MainThread" event="stage.end" name="_toggle_visibility" seconds=0.062
2026-10-06T17:03:10.450221+00:00 [MainThread] thread="MainThread" event="trace.end" name="MainWindow._on_hotkey" seconds=0.062
2026-10-06T17:03:10.451218+00:00 [Thread-31 (task)] thread="Thread-31 (task)" event="win32.sync_now" hwnd=526152 wanted=[-10, -24, 453, 735] ok=true error=0 actual={"hwnd": 526152, "pid": 21712, "visible": false, "rect": [2081, 308, 2534, 1043], "style": 1442840576, "exstyle": 128, "…
2026-10-06T17:03:10.453218+00:00 [MainThread] thread="MainThread" event="win32.sync" hwnd=526152 wanted=[-10, -24, 453, 735] ok=true error=0 actual={"hwnd": 526152, "pid": 21712, "visible": false, "rect": [2081, 308, 2534, 1043], "style": 1442840576, "exstyle": 128, "…
2026-10-06T17:03:10.515218+00:00 [BrowserWatch:hide] thread="BrowserWatch:hide" event="cdp.result" method="Runtime.evaluate" seconds=0.063 keys=["result"]
2026-10-06T17:03:10.515218+00:00 [Dummy-20] thread="Dummy-20" event="cdp.send" method="Runtime.evaluate" timeout=2 params=["awaitPromise", "expression", "generatePreview", "returnByValue", "userGesture"]
2026-10-06T17:03:10.524218+00:00 [Dummy-20] thread="Dummy-20" event="cdp.result" method="Runtime.evaluate" seconds=0.062 keys=["result"]
2026-10-06T17:03:10.534220+00:00 [Dummy-20] thread="Dummy-20" event="cdp.send" method="Runtime.evaluate" timeout=3 params=["awaitPromise", "expression", "generatePreview", "returnByValue", "userGesture"]
2026-10-06T17:03:10.538217+00:00 [Dummy-20] thread="Dummy-20" event="cdp.result" method="Runtime.evaluate" seconds=0.016 keys=["result"]
2026-10-06T17:03:10.668219+00:00 [BrowserWatch:hide] thread="BrowserWatch:hide" event="cdp.send" method="Runtime.evaluate" timeout=0.6 params=["awaitPromise", "expression", "generatePreview", "returnByValue", "userGesture"]
2026-10-06T17:03:10.669219+00:00 [BrowserWatch:hide] thread="BrowserWatch:hide" event="cdp.result" method="Runtime.evaluate" seconds=0.0 keys=["result"]
2026-10-06T17:03:10.690721+00:00 [Dummy-20] thread="Dummy-20" event="cdp.send" method="Runtime.evaluate" timeout=2 params=["awaitPromise", "expression", "generatePreview", "returnByValue", "userGesture"]
2026-10-06T17:03:10.692669+00:00 [Dummy-20] thread="Dummy-20" event="cdp.result" method="Runtime.evaluate" seconds=0.0 keys=["result"]
2026-10-06T17:03:10.702668+00:00 [Dummy-20] thread="Dummy-20" event="cdp.send" method="Runtime.evaluate" timeout=3 params=["awaitPromise", "expression", "generatePreview", "returnByValue", "userGesture"]
2026-10-06T17:03:10.704668+00:00 [Dummy-20] thread="Dummy-20" event="cdp.result" method="Runtime.evaluate" seconds=0.0 keys=["result"]
2026-10-06T17:03:10.781666+00:00 [Dummy-30] thread="Dummy-30" event="http.end" method="post" host="legalyzeai.ru" path="/api/client/queries" status=200 seconds=0.546
2026-10-06T17:03:10.823667+00:00 [BrowserWatch:hide] thread="BrowserWatch:hide" event="cdp.send" method="Runtime.evaluate" timeout=0.6 params=["awaitPromise", "expression", "generatePreview", "returnByValue", "userGesture"]
2026-10-06T17:03:10.825669+00:00 [BrowserWatch:hide] thread="BrowserWatch:hide" event="cdp.result" method="Runtime.evaluate" seconds=0.0 keys=["result"]
2026-10-06T17:03:10.856667+00:00 [Dummy-20] thread="Dummy-20" event="cdp.send" method="Runtime.evaluate" timeout=2 params=["awaitPromise", "expression", "generatePreview", "returnByValue", "userGesture"]
2026-10-06T17:03:10.857666+00:00 [Dummy-20] thread="Dummy-20" event="cdp.result" method="Runtime.evaluate" seconds=0.0 keys=["result"]
2026-10-06T17:03:10.867667+00:00 [Dummy-20] thread="Dummy-20" event="cdp.send" method="Runtime.evaluate" timeout=3 params=["awaitPromise", "expression", "generatePreview", "returnByValue", "userGesture"]
2026-10-06T17:03:10.869667+00:00 [Dummy-20] thread="Dummy-20" event="cdp.result" method="Runtime.evaluate" seconds=0.0 keys=["result"]
2026-10-06T17:03:10.979666+00:00 [BrowserWatch:hide] thread="BrowserWatch:hide" event="cdp.send" method="Runtime.evaluate" timeout=0.6 params=["awaitPromise", "expression", "generatePreview", "returnByValue", "userGesture"]
2026-10-06T17:03:10.980667+00:00 [BrowserWatch:hide] thread="BrowserWatch:hide" event="cdp.result" method="Runtime.evaluate" seconds=0.0 keys=["result"]
2026-10-06T17:03:11.020669+00:00 [Dummy-20] thread="Dummy-20" event="cdp.send" method="Runtime.evaluate" timeout=2 params=["awaitPromise", "expression", "generatePreview", "returnByValue", "userGesture"]
2026-10-06T17:03:11.021668+00:00 [Dummy-20] thread="Dummy-20" event="cdp.result" method="Runtime.evaluate" seconds=0.0 keys=["result"]
2026-10-06T17:03:11.022668+00:00 [MainThread] thread="MainThread" event="trace.begin" name="MainWindow._on_hotkey" args=2 kwargs=0
2026-10-06T17:03:11.022668+00:00 [MainThread] thread="MainThread" event="bt.hotkey.pressed" id=1 visible=false args="{'win_visible': False, 'win_min': False, 'win_geo': [2091, 332, 453, 735], 'dpr': 1.0, 'cover': False, 'settling': Fals…
2026-10-06T17:03:11.022668+00:00 [MainThread] thread="MainThread" event="stage.begin" name="_toggle_visibility"
2026-10-06T17:03:11.022668+00:00 [MainThread] thread="MainThread" event="bt.hotkey.toggle.begin" action="show" args="{'win_visible': False, 'win_min': False, 'win_geo': [2091, 332, 453, 735], 'dpr': 1.0, 'cover': False, 'settling': Fals…
2026-10-06T17:03:11.023667+00:00 [MainThread] thread="MainThread" event="win32.sync" hwnd=526152 wanted=[-10, -24, 453, 735] ok=true error=0 actual={"hwnd": 526152, "pid": 21712, "visible": false, "rect": [2081, 308, 2534, 1043], "style": 1442840576, "exstyle": 128, "…
2026-10-06T17:03:11.024668+00:00 [MainThread] thread="MainThread" event="trace.begin" name="MainWindow._schedule_revive" args=1 kwargs=0
2026-10-06T17:03:11.024668+00:00 [MainThread] thread="MainThread" event="bt.revive.schedule" step_ms="[0, 150, 350, 600, 900, 1300, 1800, 2400]" min_ms=1600 settle_n=3 args="{'win_visible': False, 'win_min': False, 'win_geo': [2091, 332, 453, 735], 'dpr': 1.0, 'cover': False, 'settling': Fals…
2026-10-06T17:03:11.028666+00:00 [MainThread] thread="MainThread" event="trace.end" name="MainWindow._schedule_revive" seconds=0.0
2026-10-06T17:03:11.028666+00:00 [MainThread] thread="MainThread" event="bt.window.show" was_hidden=true args="{'win_visible': False, 'win_min': False, 'win_geo': [2091, 332, 453, 735], 'dpr': 1.0, 'cover': False, 'settling': Fals…
2026-10-06T17:03:11.036667+00:00 [BrowserWatch:show] thread="BrowserWatch:show" event="cdp.send" method="Runtime.evaluate" timeout=0.6 params=["awaitPromise", "expression", "generatePreview", "returnByValue", "userGesture"]
2026-10-06T17:03:11.038668+00:00 [BrowserWatch:show] thread="BrowserWatch:show" event="cdp.result" method="Runtime.evaluate" seconds=0.016 keys=["result"]
2026-10-06T17:03:11.039668+00:00 [Dummy-20] thread="Dummy-20" event="cdp.send" method="Runtime.evaluate" timeout=3 params=["awaitPromise", "expression", "generatePreview", "returnByValue", "userGesture"]
2026-10-06T17:03:11.039668+00:00 [MainThread] thread="MainThread" event="bt.hotkey.toggle.end" action="show" args="{'win_visible': False, 'win_min': False, 'win_geo': [2091, 332, 453, 735], 'dpr': 1.0, 'cover': False, 'settling': Fals…
2026-10-06T17:03:11.039668+00:00 [MainThread] thread="MainThread" event="stage.end" name="_toggle_visibility" seconds=0.016
2026-10-06T17:03:11.039668+00:00 [MainThread] thread="MainThread" event="trace.end" name="MainWindow._on_hotkey" seconds=0.016
2026-10-06T17:03:11.043668+00:00 [Dummy-20] thread="Dummy-20" event="cdp.result" method="Runtime.evaluate" seconds=0.0 keys=["result"]
2026-10-06T17:03:11.049667+00:00 [Thread-32 (task)] thread="Thread-32 (task)" event="cdp.send" method="Runtime.evaluate" timeout=3 params=["awaitPromise", "expression", "generatePreview", "returnByValue", "userGesture"]
2026-10-06T17:03:11.052668+00:00 [Thread-32 (task)] thread="Thread-32 (task)" event="cdp.result" method="Runtime.evaluate" seconds=0.0 keys=["result"]
2026-10-06T17:03:11.052668+00:00 [Thread-32 (task)] thread="Thread-32 (task)" event="browser.revive" step=0 ms=0 settled=1 inset=[-10, -24, 10, 24] signature=[658, 0.667, 439, 728, [-10, -24, 10, 24]] verdict="on_target" dx=0 dy=0 dw=0 dh=0 client=[439, 728] visible=true explain=[]
2026-10-06T17:03:11.052668+00:00 [Thread-32 (task)] thread="Thread-32 (task)" event="bt.revive.on_target" step=0 ms=0 rect="[2081, 308, 453, 735]" target="(2081, 308, 453, 735)" client="[439, 728]" scale=1.0
2026-10-06T17:03:11.148666+00:00 [BrowserWatch:hide] thread="BrowserWatch:hide" event="cdp.send" method="Runtime.evaluate" timeout=0.6 params=["awaitPromise", "expression", "generatePreview", "returnByValue", "userGesture"]
2026-10-06T17:03:11.149667+00:00 [BrowserWatch:hide] thread="BrowserWatch:hide" event="cdp.result" method="Runtime.evaluate" seconds=0.0 keys=["result"]
2026-10-06T17:03:11.179668+00:00 [Thread-33 (task)] thread="Thread-33 (task)" event="cdp.send" method="Runtime.evaluate" timeout=3 params=["awaitPromise", "expression", "generatePreview", "returnByValue", "userGesture"]
2026-10-06T17:03:11.180666+00:00 [Thread-33 (task)] thread="Thread-33 (task)" event="cdp.result" method="Runtime.evaluate" seconds=0.0 keys=["result"]
2026-10-06T17:03:11.180666+00:00 [Thread-33 (task)] thread="Thread-33 (task)" event="browser.revive" step=1 ms=150 settled=2 inset=[-10, -24, 10, 24] signature=[658, 0.667, 439, 728, [-10, -24, 10, 24]] verdict="on_target" dx=0 dy=0 dw=0 dh=0 client=[439, 728] visible=true explain=[]
2026-10-06T17:03:11.183667+00:00 [BrowserWatch:show] thread="BrowserWatch:show" event="cdp.send" method="Runtime.evaluate" timeout=0.6 params=["awaitPromise", "expression", "generatePreview", "returnByValue", "userGesture"]
2026-10-06T17:03:11.183667+00:00 [BrowserWatch:show] thread="BrowserWatch:show" event="cdp.result" method="Runtime.evaluate" seconds=0.0 keys=["result"]
2026-10-06T17:03:11.194666+00:00 [Dummy-20] thread="Dummy-20" event="cdp.send" method="Runtime.evaluate" timeout=2 params=["awaitPromise", "expression", "generatePreview", "returnByValue", "userGesture"]
2026-10-06T17:03:11.196191+00:00 [Dummy-20] thread="Dummy-20" event="cdp.result" method="Runtime.evaluate" seconds=0.0 keys=["result"]
2026-10-06T17:03:11.202182+00:00 [Dummy-20] thread="Dummy-20" event="cdp.send" method="Runtime.evaluate" timeout=3 params=["awaitPromise", "expression", "generatePreview", "returnByValue", "userGesture"]
2026-10-06T17:03:11.204183+00:00 [Dummy-20] thread="Dummy-20" event="cdp.result" method="Runtime.evaluate" seconds=0.0 keys=["result"]
2026-10-06T17:03:11.226182+00:00 [MainThread] thread="MainThread" event="trace.begin" name="NativeHost.hide_taskbar" args=1 kwargs=0
2026-10-06T17:03:11.314183+00:00 [BrowserWatch:hide] thread="BrowserWatch:hide" event="cdp.send" method="Runtime.evaluate" timeout=0.6 params=["awaitPromise", "expression", "generatePreview", "returnByValue", "userGesture"]
2026-10-06T17:03:11.315182+00:00 [BrowserWatch:hide] thread="BrowserWatch:hide" event="cdp.result" method="Runtime.evaluate" seconds=0.0 keys=["result"]
2026-10-06T17:03:11.321183+00:00 [MainThread] thread="MainThread" event="win32.taskbar_hidden" hwnd=526152 style=true delete_tab=false
2026-10-06T17:03:11.324183+00:00 [MainThread] thread="MainThread" event="trace.end" name="NativeHost.hide_taskbar" seconds=0.093
2026-10-06T17:03:11.325184+00:00 [Thread-34 (_zoom_guard_once)] thread="Thread-34 (_zoom_guard_once)" event="cdp.send" method="Emulation.setLocaleOverride" timeout=4 params=["locale"]
2026-10-06T17:03:11.326184+00:00 [Thread-34 (_zoom_guard_once)] thread="Thread-34 (_zoom_guard_once)" event="cdp.result" method="Emulation.setLocaleOverride" seconds=0.0 keys=[]
2026-10-06T17:03:11.326184+00:00 [ResponsePoll] thread="ResponsePoll" event="cdp.send" method="Runtime.evaluate" timeout=1 params=["awaitPromise", "expression", "generatePreview", "returnByValue", "userGesture"]
2026-10-06T17:03:11.328183+00:00 [ResponsePoll] thread="ResponsePoll" event="cdp.result" method="Runtime.evaluate" seconds=0.0 keys=["result"]
2026-10-06T17:03:11.328183+00:00 [Thread-34 (_zoom_guard_once)] thread="Thread-34 (_zoom_guard_once)" event="cdp.send" method="Emulation.setAutoDarkModeOverride" timeout=4 params=["enabled"]
2026-10-06T17:03:11.329183+00:00 [Thread-34 (_zoom_guard_once)] thread="Thread-34 (_zoom_guard_once)" event="cdp.result" method="Emulation.setAutoDarkModeOverride" seconds=0.0 keys=[]
2026-10-06T17:03:11.329183+00:00 [Thread-34 (_zoom_guard_once)] thread="Thread-34 (_zoom_guard_once)" event="cdp.send" method="Emulation.setEmulatedMedia" timeout=4 params=["features"]
2026-10-06T17:03:11.329183+00:00 [Thread-34 (_zoom_guard_once)] thread="Thread-34 (_zoom_guard_once)" event="cdp.result" method="Emulation.setEmulatedMedia" seconds=0.0 keys=[]
2026-10-06T17:03:11.329183+00:00 [Thread-34 (_zoom_guard_once)] thread="Thread-34 (_zoom_guard_once)" event="cdp.send" method="Runtime.evaluate" timeout=3 params=["awaitPromise", "expression", "generatePreview", "returnByValue", "userGesture"]
2026-10-06T17:03:11.330184+00:00 [Thread-34 (_zoom_guard_once)] thread="Thread-34 (_zoom_guard_once)" event="cdp.result" method="Runtime.evaluate" seconds=0.0 keys=["result"]
2026-10-06T17:03:11.349183+00:00 [BrowserWatch:show] thread="BrowserWatch:show" event="cdp.send" method="Runtime.evaluate" timeout=0.6 params=["awaitPromise", "expression", "generatePreview", "returnByValue", "userGesture"]
2026-10-06T17:03:11.350182+00:00 [BrowserWatch:show] thread="BrowserWatch:show" event="cdp.result" method="Runtime.evaluate" seconds=0.0 keys=["result"]
2026-10-06T17:03:11.354710+00:00 [Dummy-20] thread="Dummy-20" event="cdp.send" method="Runtime.evaluate" timeout=2 params=["awaitPromise", "expression", "generatePreview", "returnByValue", "userGesture"]
2026-10-06T17:03:11.355703+00:00 [Dummy-20] thread="Dummy-20" event="cdp.result" method="Runtime.evaluate" seconds=0.0 keys=["result"]
2026-10-06T17:03:11.362701+00:00 [Dummy-20] thread="Dummy-20" event="cdp.send" method="Runtime.evaluate" timeout=3 params=["awaitPromise", "expression", "generatePreview", "returnByValue", "userGesture"]
2026-10-06T17:03:11.364704+00:00 [Dummy-20] thread="Dummy-20" event="cdp.result" method="Runtime.evaluate" seconds=0.0 keys=["result"]
2026-10-06T17:03:11.379702+00:00 [Thread-35 (task)] thread="Thread-35 (task)" event="cdp.send" method="Runtime.evaluate" timeout=3 params=["awaitPromise", "expression", "generatePreview", "returnByValue", "userGesture"]
2026-10-06T17:03:11.381702+00:00 [Thread-35 (task)] thread="Thread-35 (task)" event="cdp.result" method="Runtime.evaluate" seconds=0.016 keys=["result"]
2026-10-06T17:03:11.382703+00:00 [Thread-35 (task)] thread="Thread-35 (task)" event="browser.revive" step=2 ms=350 settled=3 inset=[-10, -24, 10, 24] signature=[658, 0.667, 439, 728, [-10, -24, 10, 24]] verdict="on_target" dx=0 dy=0 dw=0 dh=0 client=[439, 728] visible=true explain=[]
2026-10-06T17:03:11.478703+00:00 [BrowserWatch:hide] thread="BrowserWatch:hide" event="cdp.send" method="Runtime.evaluate" timeout=0.6 params=["awaitPromise", "expression", "generatePreview", "returnByValue", "userGesture"]
2026-10-06T17:03:11.479704+00:00 [BrowserWatch:hide] thread="BrowserWatch:hide" event="cdp.result" method="Runtime.evaluate" seconds=0.0 keys=["result"]
2026-10-06T17:03:11.494702+00:00 [BrowserWatch:show] thread="BrowserWatch:show" event="cdp.send" method="Runtime.evaluate" timeout=0.6 params=["awaitPromise", "expression", "generatePreview", "returnByValue", "userGesture"]
2026-10-06T17:03:11.495701+00:00 [BrowserWatch:show] thread="BrowserWatch:show" event="cdp.result" method="Runtime.evaluate" seconds=0.0 keys=["result"]
2026-10-06T17:03:11.515700+00:00 [Dummy-20] thread="Dummy-20" event="cdp.send" method="Runtime.evaluate" timeout=2 params=["awaitPromise", "expression", "generatePreview", "returnByValue", "userGesture"]
2026-10-06T17:03:11.516702+00:00 [Dummy-20] thread="Dummy-20" event="cdp.result" method="Runtime.evaluate" seconds=0.0 keys=["result"]
2026-10-06T17:03:11.525703+00:00 [Dummy-20] thread="Dummy-20" event="cdp.send" method="Runtime.evaluate" timeout=3 params=["awaitPromise", "expression", "generatePreview", "returnByValue", "userGesture"]
2026-10-06T17:03:11.527702+00:00 [Dummy-20] thread="Dummy-20" event="cdp.result" method="Runtime.evaluate" seconds=0.0 keys=["result"]
2026-10-06T17:03:11.629702+00:00 [Thread-36 (task)] thread="Thread-36 (task)" event="cdp.send" method="Runtime.evaluate" timeout=3 params=["awaitPromise", "expression", "generatePreview", "returnByValue", "userGesture"]
2026-10-06T17:03:11.631703+00:00 [Thread-36 (task)] thread="Thread-36 (task)" event="cdp.result" method="Runtime.evaluate" seconds=0.016 keys=["result"]
2026-10-06T17:03:11.632703+00:00 [Thread-36 (task)] thread="Thread-36 (task)" event="browser.revive" step=3 ms=600 settled=4 inset=[-10, -24, 10, 24] signature=[658, 0.667, 439, 728, [-10, -24, 10, 24]] verdict="on_target" dx=0 dy=0 dw=0 dh=0 client=[439, 728] visible=true explain=[]
2026-10-06T17:03:11.644703+00:00 [BrowserWatch:hide] thread="BrowserWatch:hide" event="cdp.send" method="Runtime.evaluate" timeout=0.6 params=["awaitPromise", "expression", "generatePreview", "returnByValue", "userGesture"]
2026-10-06T17:03:11.645703+00:00 [BrowserWatch:hide] thread="BrowserWatch:hide" event="cdp.result" method="Runtime.evaluate" seconds=0.0 keys=["result"]
2026-10-06T17:03:11.661703+00:00 [BrowserWatch:show] thread="BrowserWatch:show" event="cdp.send" method="Runtime.evaluate" timeout=0.6 params=["awaitPromise", "expression", "generatePreview", "returnByValue", "userGesture"]
2026-10-06T17:03:11.662703+00:00 [BrowserWatch:show] thread="BrowserWatch:show" event="cdp.result" method="Runtime.evaluate" seconds=0.0 keys=["result"]
2026-10-06T17:03:11.678222+00:00 [Dummy-20] thread="Dummy-20" event="cdp.send" method="Runtime.evaluate" timeout=2 params=["awaitPromise", "expression", "generatePreview", "returnByValue", "userGesture"]
2026-10-06T17:03:11.679215+00:00 [Dummy-20] thread="Dummy-20" event="cdp.result" method="Runtime.evaluate" seconds=0.016 keys=["result"]
2026-10-06T17:03:11.686214+00:00 [Dummy-20] thread="Dummy-20" event="cdp.send" method="Runtime.evaluate" timeout=3 params=["awaitPromise", "expression", "generatePreview", "returnByValue", "userGesture"]
2026-10-06T17:03:11.688213+00:00 [Dummy-20] thread="Dummy-20" event="cdp.result" method="Runtime.evaluate" seconds=0.0 keys=["result"]
2026-10-06T17:03:11.790216+00:00 [BrowserWatch:hide] thread="BrowserWatch:hide" event="cdp.send" method="Runtime.evaluate" timeout=0.6 params=["awaitPromise", "expression", "generatePreview", "returnByValue", "userGesture"]
2026-10-06T17:03:11.791214+00:00 [BrowserWatch:hide] thread="BrowserWatch:hide" event="cdp.result" method="Runtime.evaluate" seconds=0.0 keys=["result"]
2026-10-06T17:03:11.807215+00:00 [BrowserWatch:show] thread="BrowserWatch:show" event="cdp.send" method="Runtime.evaluate" timeout=0.6 params=["awaitPromise", "expression", "generatePreview", "returnByValue", "userGesture"]
2026-10-06T17:03:11.808214+00:00 [BrowserWatch:show] thread="BrowserWatch:show" event="cdp.result" method="Runtime.evaluate" seconds=0.0 keys=["result"]
2026-10-06T17:03:11.839214+00:00 [Dummy-20] thread="Dummy-20" event="cdp.send" method="Runtime.evaluate" timeout=2 params=["awaitPromise", "expression", "generatePreview", "returnByValue", "userGesture"]
2026-10-06T17:03:11.840214+00:00 [Dummy-20] thread="Dummy-20" event="cdp.result" method="Runtime.evaluate" seconds=0.0 keys=["result"]
2026-10-06T17:03:11.847213+00:00 [Dummy-20] thread="Dummy-20" event="cdp.send" method="Runtime.evaluate" timeout=3 params=["awaitPromise", "expression", "generatePreview", "returnByValue", "userGesture"]
2026-10-06T17:03:11.849214+00:00 [Dummy-20] thread="Dummy-20" event="cdp.result" method="Runtime.evaluate" seconds=0.0 keys=["result"]
2026-10-06T17:03:11.932216+00:00 [Thread-37 (task)] thread="Thread-37 (task)" event="cdp.send" method="Runtime.evaluate" timeout=3 params=["awaitPromise", "expression", "generatePreview", "returnByValue", "userGesture"]
2026-10-06T17:03:11.933214+00:00 [Thread-37 (task)] thread="Thread-37 (task)" event="cdp.result" method="Runtime.evaluate" seconds=0.0 keys=["result"]
2026-10-06T17:03:11.934215+00:00 [Thread-37 (task)] thread="Thread-37 (task)" event="browser.revive" step=4 ms=900 settled=5 inset=[-10, -24, 10, 24] signature=[658, 0.667, 439, 728, [-10, -24, 10, 24]] verdict="on_target" dx=0 dy=0 dw=0 dh=0 client=[439, 728] visible=true explain=[]
2026-10-06T17:03:11.957215+00:00 [BrowserWatch:hide] thread="BrowserWatch:hide" event="cdp.send" method="Runtime.evaluate" timeout=0.6 params=["awaitPromise", "expression", "generatePreview", "returnByValue", "userGesture"]
2026-10-06T17:03:11.958215+00:00 [BrowserWatch:hide] thread="BrowserWatch:hide" event="cdp.result" method="Runtime.evaluate" seconds=0.0 keys=["result"]
2026-10-06T17:03:11.973214+00:00 [BrowserWatch:show] thread="BrowserWatch:show" event="cdp.send" method="Runtime.evaluate" timeout=0.6 params=["awaitPromise", "expression", "generatePreview", "returnByValue", "userGesture"]
2026-10-06T17:03:11.974216+00:00 [BrowserWatch:show] thread="BrowserWatch:show" event="cdp.result" method="Runtime.evaluate" seconds=0.0 keys=["result"]
2026-10-06T17:03:12.000217+00:00 [Dummy-20] thread="Dummy-20" event="cdp.send" method="Runtime.evaluate" timeout=2 params=["awaitPromise", "expression", "generatePreview", "returnByValue", "userGesture"]
2026-10-06T17:03:12.001215+00:00 [Dummy-20] thread="Dummy-20" event="cdp.result" method="Runtime.evaluate" seconds=0.0 keys=["result"]
2026-10-06T17:03:12.009216+00:00 [Dummy-20] thread="Dummy-20" event="cdp.send" method="Runtime.evaluate" timeout=3 params=["awaitPromise", "expression", "generatePreview", "returnByValue", "userGesture"]
2026-10-06T17:03:12.011214+00:00 [Dummy-20] thread="Dummy-20" event="cdp.result" method="Runtime.evaluate" seconds=0.0 keys=["result"]
2026-10-06T17:03:12.119214+00:00 [BrowserWatch:show] thread="BrowserWatch:show" event="cdp.send" method="Runtime.evaluate" timeout=0.6 params=["awaitPromise", "expression", "generatePreview", "returnByValue", "userGesture"]
2026-10-06T17:03:12.120214+00:00 [BrowserWatch:show] thread="BrowserWatch:show" event="cdp.result" method="Runtime.evaluate" seconds=0.0 keys=["result"]
2026-10-06T17:03:12.162213+00:00 [Dummy-20] thread="Dummy-20" event="cdp.send" method="Runtime.evaluate" timeout=2 params=["awaitPromise", "expression", "generatePreview", "returnByValue", "userGesture"]
2026-10-06T17:03:12.163214+00:00 [Dummy-20] thread="Dummy-20" event="cdp.result" method="Runtime.evaluate" seconds=0.016 keys=["result"]
2026-10-06T17:03:12.171214+00:00 [Dummy-20] thread="Dummy-20" event="cdp.send" method="Runtime.evaluate" timeout=3 params=["awaitPromise", "expression", "generatePreview", "returnByValue", "userGesture"]
2026-10-06T17:03:12.172214+00:00 [Dummy-20] thread="Dummy-20" event="cdp.result" method="Runtime.evaluate" seconds=0.0 keys=["result"]
2026-10-06T17:03:12.209213+00:00 [BrowserWatch:hide] thread="BrowserWatch:hide" event="cdp.send" method="Runtime.evaluate" timeout=0.6 params=["awaitPromise", "expression", "generatePreview", "returnByValue", "userGesture"]
2026-10-06T17:03:12.210213+00:00 [BrowserWatch:hide] thread="BrowserWatch:hide" event="cdp.result" method="Runtime.evaluate" seconds=0.016 keys=["result"]
2026-10-06T17:03:12.226214+00:00 [ResponsePoll] thread="ResponsePoll" event="cdp.send" method="Runtime.evaluate" timeout=1 params=["awaitPromise", "expression", "generatePreview", "returnByValue", "userGesture"]
2026-10-06T17:03:12.227217+00:00 [ResponsePoll] thread="ResponsePoll" event="cdp.result" method="Runtime.evaluate" seconds=0.0 keys=["result"]
2026-10-06T17:03:12.284213+00:00 [BrowserWatch:show] thread="BrowserWatch:show" event="cdp.send" method="Runtime.evaluate" timeout=0.6 params=["awaitPromise", "expression", "generatePreview", "returnByValue", "userGesture"]
2026-10-06T17:03:12.285214+00:00 [BrowserWatch:show] thread="BrowserWatch:show" event="cdp.result" method="Runtime.evaluate" seconds=0.0 keys=["result"]
2026-10-06T17:03:12.323213+00:00 [Dummy-20] thread="Dummy-20" event="cdp.send" method="Runtime.evaluate" timeout=2 params=["awaitPromise", "expression", "generatePreview", "returnByValue", "userGesture"]
2026-10-06T17:03:12.325221+00:00 [Dummy-20] thread="Dummy-20" event="cdp.result" method="Runtime.evaluate" seconds=0.0 keys=["result"]
2026-10-06T17:03:12.329216+00:00 [Thread-38 (task)] thread="Thread-38 (task)" event="cdp.send" method="Runtime.evaluate" timeout=3 params=["awaitPromise", "expression", "generatePreview", "returnByValue", "userGesture"]
2026-10-06T17:03:12.330215+00:00 [Thread-38 (task)] thread="Thread-38 (task)" event="cdp.result" method="Runtime.evaluate" seconds=0.0 keys=["result"]
2026-10-06T17:03:12.331216+00:00 [Thread-38 (task)] thread="Thread-38 (task)" event="browser.revive" step=5 ms=1300 settled=6 inset=[-10, -24, 10, 24] signature=[658, 0.667, 439, 728, [-10, -24, 10, 24]] verdict="on_target" dx=0 dy=0 dw=0 dh=0 client=[439, 728] visible=true explain=[]
2026-10-06T17:03:12.332214+00:00 [Dummy-20] thread="Dummy-20" event="cdp.send" method="Runtime.evaluate" timeout=3 params=["awaitPromise", "expression", "generatePreview", "returnByValue", "userGesture"]
2026-10-06T17:03:12.334214+00:00 [Dummy-20] thread="Dummy-20" event="cdp.result" method="Runtime.evaluate" seconds=0.0 keys=["result"]
2026-10-06T17:03:12.430216+00:00 [BrowserWatch:show] thread="BrowserWatch:show" event="cdp.send" method="Runtime.evaluate" timeout=0.6 params=["awaitPromise", "expression", "generatePreview", "returnByValue", "userGesture"]
2026-10-06T17:03:12.431216+00:00 [BrowserWatch:show] thread="BrowserWatch:show" event="cdp.result" method="Runtime.evaluate" seconds=0.0 keys=["result"]
2026-10-06T17:03:12.461213+00:00 [BrowserWatch:hide] thread="BrowserWatch:hide" event="cdp.send" method="Runtime.evaluate" timeout=0.6 params=["awaitPromise", "expression", "generatePreview", "returnByValue", "userGesture"]
2026-10-06T17:03:12.462214+00:00 [BrowserWatch:hide] thread="BrowserWatch:hide" event="cdp.result" method="Runtime.evaluate" seconds=0.0 keys=["result"]
2026-10-06T17:03:12.485213+00:00 [Dummy-20] thread="Dummy-20" event="cdp.send" method="Runtime.evaluate" timeout=2 params=["awaitPromise", "expression", "generatePreview", "returnByValue", "userGesture"]
2026-10-06T17:03:12.486215+00:00 [Dummy-20] thread="Dummy-20" event="cdp.result" method="Runtime.evaluate" seconds=0.0 keys=["result"]
2026-10-06T17:03:12.492214+00:00 [Dummy-20] thread="Dummy-20" event="cdp.send" method="Runtime.evaluate" timeout=3 params=["awaitPromise", "expression", "generatePreview", "returnByValue", "userGesture"]
2026-10-06T17:03:12.494216+00:00 [Dummy-20] thread="Dummy-20" event="cdp.result" method="Runtime.evaluate" seconds=0.0 keys=["result"]
2026-10-06T17:03:12.595216+00:00 [BrowserWatch:show] thread="BrowserWatch:show" event="cdp.send" method="Runtime.evaluate" timeout=0.6 params=["awaitPromise", "expression", "generatePreview", "returnByValue", "userGesture"]
2026-10-06T17:03:12.597216+00:00 [BrowserWatch:show] thread="BrowserWatch:show" event="cdp.result" method="Runtime.evaluate" seconds=0.0 keys=["result"]
2026-10-06T17:03:12.645213+00:00 [Dummy-20] thread="Dummy-20" event="cdp.send" method="Runtime.evaluate" timeout=2 params=["awaitPromise", "expression", "generatePreview", "returnByValue", "userGesture"]
2026-10-06T17:03:12.646213+00:00 [Dummy-20] thread="Dummy-20" event="cdp.result" method="Runtime.evaluate" seconds=0.0 keys=["result"]
2026-10-06T17:03:12.653216+00:00 [Dummy-20] thread="Dummy-20" event="cdp.send" method="Runtime.evaluate" timeout=3 params=["awaitPromise", "expression", "generatePreview", "returnByValue", "userGesture"]
2026-10-06T17:03:12.654214+00:00 [Dummy-20] thread="Dummy-20" event="cdp.result" method="Runtime.evaluate" seconds=0.0 keys=["result"]
2026-10-06T17:03:12.712214+00:00 [BrowserWatch:hide] thread="BrowserWatch:hide" event="cdp.send" method="Runtime.evaluate" timeout=0.6 params=["awaitPromise", "expression", "generatePreview", "returnByValue", "userGesture"]
2026-10-06T17:03:12.713214+00:00 [BrowserWatch:hide] thread="BrowserWatch:hide" event="cdp.result" method="Runtime.evaluate" seconds=0.0 keys=["result"]
2026-10-06T17:03:12.741214+00:00 [BrowserWatch:show] thread="BrowserWatch:show" event="cdp.send" method="Runtime.evaluate" timeout=0.6 params=["awaitPromise", "expression", "generatePreview", "returnByValue", "userGesture"]
2026-10-06T17:03:12.742214+00:00 [BrowserWatch:show] thread="BrowserWatch:show" event="cdp.result" method="Runtime.evaluate" seconds=0.0 keys=["result"]
2026-10-06T17:03:12.805214+00:00 [Dummy-20] thread="Dummy-20" event="cdp.send" method="Runtime.evaluate" timeout=2 params=["awaitPromise", "expression", "generatePreview", "returnByValue", "userGesture"]
2026-10-06T17:03:12.807216+00:00 [Dummy-20] thread="Dummy-20" event="cdp.result" method="Runtime.evaluate" seconds=0.0 keys=["result"]
2026-10-06T17:03:12.814213+00:00 [Dummy-20] thread="Dummy-20" event="cdp.send" method="Runtime.evaluate" timeout=3 params=["awaitPromise", "expression", "generatePreview", "returnByValue", "userGesture"]
2026-10-06T17:03:12.815214+00:00 [Dummy-20] thread="Dummy-20" event="cdp.result" method="Runtime.evaluate" seconds=0.0 keys=["result"]
2026-10-06T17:03:12.829212+00:00 [Thread-39 (task)] thread="Thread-39 (task)" event="cdp.send" method="Runtime.evaluate" timeout=3 params=["awaitPromise", "expression", "generatePreview", "returnByValue", "userGesture"]
2026-10-06T17:03:12.830214+00:00 [Thread-39 (task)] thread="Thread-39 (task)" event="cdp.result" method="Runtime.evaluate" seconds=0.0 keys=["result"]
2026-10-06T17:03:12.831216+00:00 [Thread-39 (task)] thread="Thread-39 (task)" event="browser.revive" step=6 ms=1800 settled=7 inset=[-10, -24, 10, 24] signature=[658, 0.667, 439, 728, [-10, -24, 10, 24]] verdict="on_target" dx=0 dy=0 dw=0 dh=0 client=[439, 728] visible=true explain=[]
2026-10-06T17:03:12.831216+00:00 [Thread-39 (task)] thread="Thread-39 (task)" event="trace.begin" name="MainWindow._finalize_and_reveal" args=1 kwargs=0
2026-10-06T17:03:12.831216+00:00 [Thread-39 (task)] thread="Thread-39 (task)" event="trace.end" name="MainWindow._finalize_and_reveal" seconds=0.0
2026-10-06T17:03:12.832216+00:00 [Thread-40 (task)] thread="Thread-40 (task)" event="win32.sync_now" hwnd=526152 wanted=[-10, -24, 453, 735] ok=true error=0 actual={"hwnd": 526152, "pid": 21712, "visible": true, "rect": [2081, 308, 2534, 1043], "style": 1442840576, "exstyle": 128, "p…
2026-10-06T17:03:12.833214+00:00 [Thread-40 (task)] thread="Thread-40 (task)" event="win32.show_window" hwnd=526152 was_visible=true visible=true error=0
2026-10-06T17:03:12.833214+00:00 [Thread-40 (task)] thread="Thread-40 (task)" event="bt.revive.reveal" verdict="on_target" dx=0 dy=0 dw=0 dh=0 client="[439, 728]" reasons="[]"
2026-10-06T17:03:12.834215+00:00 [Thread-40 (task)] thread="Thread-40 (task)" event="cdp.send" method="Page.bringToFront" timeout=3 params=[]
2026-10-06T17:03:12.835216+00:00 [Thread-40 (task)] thread="Thread-40 (task)" event="cdp.result" method="Page.bringToFront" seconds=0.016 keys=[]
2026-10-06T17:03:12.835216+00:00 [Thread-40 (task)] thread="Thread-40 (task)" event="cdp.send" method="Runtime.evaluate" timeout=3 params=["awaitPromise", "expression", "generatePreview", "returnByValue", "userGesture"]
2026-10-06T17:03:12.838215+00:00 [Thread-40 (task)] thread="Thread-40 (task)" event="cdp.result" method="Runtime.evaluate" seconds=0.0 keys=["result"]
2026-10-06T17:03:12.838215+00:00 [Thread-40 (task)] thread="Thread-40 (task)" event="cdp.send" method="Emulation.setLocaleOverride" timeout=4 params=["locale"]
2026-10-06T17:03:12.839216+00:00 [Thread-40 (task)] thread="Thread-40 (task)" event="cdp.result" method="Emulation.setLocaleOverride" seconds=0.0 keys=[]
2026-10-06T17:03:12.839216+00:00 [Thread-40 (task)] thread="Thread-40 (task)" event="cdp.send" method="Emulation.setAutoDarkModeOverride" timeout=4 params=["enabled"]
2026-10-06T17:03:12.840216+00:00 [Thread-40 (task)] thread="Thread-40 (task)" event="cdp.result" method="Emulation.setAutoDarkModeOverride" seconds=0.0 keys=[]
2026-10-06T17:03:12.840216+00:00 [Thread-40 (task)] thread="Thread-40 (task)" event="cdp.send" method="Emulation.setEmulatedMedia" timeout=4 params=["features"]
2026-10-06T17:03:12.841215+00:00 [Thread-40 (task)] thread="Thread-40 (task)" event="cdp.result" method="Emulation.setEmulatedMedia" seconds=0.0 keys=[]
2026-10-06T17:03:12.841215+00:00 [Thread-40 (task)] thread="Thread-40 (task)" event="cdp.send" method="Runtime.evaluate" timeout=3 params=["awaitPromise", "expression", "generatePreview", "returnByValue", "userGesture"]
2026-10-06T17:03:12.842215+00:00 [Thread-40 (task)] thread="Thread-40 (task)" event="cdp.result" method="Runtime.evaluate" seconds=0.0 keys=["result"]
2026-10-06T17:03:12.842215+00:00 [Thread-40 (task)] thread="Thread-40 (task)" event="cdp.send" method="Runtime.evaluate" timeout=3 params=["awaitPromise", "expression", "generatePreview", "returnByValue", "userGesture"]
2026-10-06T17:03:12.842215+00:00 [Thread-40 (task)] thread="Thread-40 (task)" event="cdp.result" method="Runtime.evaluate" seconds=0.0 keys=["result"]
2026-10-06T17:03:12.843216+00:00 [Thread-40 (task)] thread="Thread-40 (task)" event="cdp.send" method="Emulation.setDeviceMetricsOverride" timeout=5 params=["deviceScaleFactor", "fitWindow", "height", "mobile", "width"]
2026-10-06T17:03:12.848214+00:00 [Thread-40 (task)] thread="Thread-40 (task)" event="cdp.result" method="Emulation.setDeviceMetricsOverride" seconds=0.0 keys=[]
2026-10-06T17:03:12.908215+00:00 [BrowserWatch:show] thread="BrowserWatch:show" event="cdp.send" method="Runtime.evaluate" timeout=0.6 params=["awaitPromise", "expression", "generatePreview", "returnByValue", "userGesture"]
2026-10-06T17:03:12.909214+00:00 [BrowserWatch:show] thread="BrowserWatch:show" event="cdp.result" method="Runtime.evaluate" seconds=0.0 keys=["result"]
2026-10-06T17:03:12.909214+00:00 [Thread-40 (task)] thread="Thread-40 (task)" event="cdp.send" method="Emulation.setDeviceMetricsOverride" timeout=5 params=["deviceScaleFactor", "fitWindow", "height", "mobile", "width"]
2026-10-06T17:03:12.914213+00:00 [Thread-40 (task)] thread="Thread-40 (task)" event="cdp.result" method="Emulation.setDeviceMetricsOverride" seconds=0.016 keys=[]
2026-10-06T17:03:12.914213+00:00 [Thread-40 (task)] thread="Thread-40 (task)" event="cdp.send" method="Runtime.evaluate" timeout=3 params=["awaitPromise", "expression", "generatePreview", "returnByValue", "userGesture"]
2026-10-06T17:03:12.918216+00:00 [Thread-40 (task)] thread="Thread-40 (task)" event="cdp.result" method="Runtime.evaluate" seconds=0.0 keys=["result"]
2026-10-06T17:03:12.918216+00:00 [Thread-40 (task)] thread="Thread-40 (task)" event="browser.metrics_nudged" css=[658, 1091] window=[439, 728] innerWidth=658 dpr=0.6667 restored=true
2026-10-06T17:03:12.965215+00:00 [BrowserWatch:hide] thread="BrowserWatch:hide" event="cdp.send" method="Runtime.evaluate" timeout=0.6 params=["awaitPromise", "expression", "generatePreview", "returnByValue", "userGesture"]
2026-10-06T17:03:12.966214+00:00 [BrowserWatch:hide] thread="BrowserWatch:hide" event="cdp.result" method="Runtime.evaluate" seconds=0.0 keys=["result"]
2026-10-06T17:03:12.967214+00:00 [Dummy-20] thread="Dummy-20" event="cdp.send" method="Runtime.evaluate" timeout=2 params=["awaitPromise", "expression", "generatePreview", "returnByValue", "userGesture"]
2026-10-06T17:03:12.968215+00:00 [Dummy-20] thread="Dummy-20" event="cdp.result" method="Runtime.evaluate" seconds=0.0 keys=["result"]
2026-10-06T17:03:12.975212+00:00 [Dummy-20] thread="Dummy-20" event="cdp.send" method="Runtime.evaluate" timeout=3 params=["awaitPromise", "expression", "generatePreview", "returnByValue", "userGesture"]
2026-10-06T17:03:12.977214+00:00 [Dummy-20] thread="Dummy-20" event="cdp.result" method="Runtime.evaluate" seconds=0.016 keys=["result"]
2026-10-06T17:03:13.054213+00:00 [BrowserWatch:show] thread="BrowserWatch:show" event="cdp.send" method="Runtime.evaluate" timeout=0.6 params=["awaitPromise", "expression", "generatePreview", "returnByValue", "userGesture"]
2026-10-06T17:03:13.055214+00:00 [BrowserWatch:show] thread="BrowserWatch:show" event="cdp.result" method="Runtime.evaluate" seconds=0.0 keys=["result"]
2026-10-06T17:03:13.099214+00:00 [Thread-40 (task)] thread="Thread-40 (task)" event="cdp.send" method="Runtime.evaluate" timeout=2 params=["awaitPromise", "expression", "generatePreview", "returnByValue", "userGesture"]
2026-10-06T17:03:13.100215+00:00 [Thread-40 (task)] thread="Thread-40 (task)" event="cdp.result" method="Runtime.evaluate" seconds=0.0 keys=["result"]
2026-10-06T17:03:13.100215+00:00 [Thread-40 (task)] thread="Thread-40 (task)" event="browser.reveal_gate" ready=true
2026-10-06T17:03:13.101215+00:00 [Thread-40 (task)] thread="Thread-40 (task)" event="cdp.send" method="Runtime.evaluate" timeout=3 params=["awaitPromise", "expression", "generatePreview", "returnByValue", "userGesture"]
2026-10-06T17:03:13.101215+00:00 [Thread-40 (task)] thread="Thread-40 (task)" event="cdp.result" method="Runtime.evaluate" seconds=0.0 keys=["result"]
2026-10-06T17:03:13.127744+00:00 [Dummy-20] thread="Dummy-20" event="cdp.send" method="Runtime.evaluate" timeout=2 params=["awaitPromise", "expression", "generatePreview", "returnByValue", "userGesture"]
2026-10-06T17:03:13.128734+00:00 [Dummy-20] thread="Dummy-20" event="cdp.result" method="Runtime.evaluate" seconds=0.0 keys=["result"]
2026-10-06T17:03:13.136257+00:00 [Dummy-20] thread="Dummy-20" event="cdp.send" method="Runtime.evaluate" timeout=3 params=["awaitPromise", "expression", "generatePreview", "returnByValue", "userGesture"]
2026-10-06T17:03:13.139249+00:00 [Dummy-20] thread="Dummy-20" event="cdp.result" method="Runtime.evaluate" seconds=0.0 keys=["result"]
2026-10-06T17:03:13.202248+00:00 [Thread-40 (task)] thread="Thread-40 (task)" event="cdp.send" method="Runtime.evaluate" timeout=3 params=["awaitPromise", "expression", "generatePreview", "returnByValue", "userGesture"]
2026-10-06T17:03:13.202248+00:00 [Thread-40 (task)] thread="Thread-40 (task)" event="cdp.result" method="Runtime.evaluate" seconds=0.0 keys=["result"]
2026-10-06T17:03:13.202248+00:00 [Thread-40 (task)] thread="Thread-40 (task)" event="browser.layout_watch" reason="revive-hold" ok=true fixed=0 good=2 ms=93 innerWidth=658 dpr=0.667
2026-10-06T17:03:13.204249+00:00 [MainThread] thread="MainThread" event="browser.revealed" stable=true settling=false
2026-10-06T17:03:13.204249+00:00 [SurfaceProbe] thread="SurfaceProbe" event="cdp.send" method="Runtime.evaluate" timeout=3 params=["awaitPromise", "expression", "generatePreview", "returnByValue", "userGesture"]
2026-10-06T17:03:13.207249+00:00 [SurfaceProbe] thread="SurfaceProbe" event="cdp.result" method="Runtime.evaluate" seconds=0.0 keys=["result"]
2026-10-06T17:03:13.208248+00:00 [SurfaceProbe] thread="SurfaceProbe" event="page.surface_after_restore" verdict="ai_mode" ready="complete" composer=6 files=0 chips=2 dark=false bg="rgb(255, 255, 255)" account=false pending=162 host="www.google.com"
2026-10-06T17:03:13.208248+00:00 [LayoutWatchdog] thread="LayoutWatchdog" event="cdp.send" method="Runtime.evaluate" timeout=3 params=["awaitPromise", "expression", "generatePreview", "returnByValue", "userGesture"]
2026-10-06T17:03:13.209248+00:00 [LayoutWatchdog] thread="LayoutWatchdog" event="cdp.result" method="Runtime.evaluate" seconds=0.0 keys=["result"]
2026-10-06T17:03:13.217249+00:00 [BrowserWatch:hide] thread="BrowserWatch:hide" event="cdp.send" method="Runtime.evaluate" timeout=0.6 params=["awaitPromise", "expression", "generatePreview", "returnByValue", "userGesture"]
2026-10-06T17:03:13.218248+00:00 [BrowserWatch:hide] thread="BrowserWatch:hide" event="cdp.result" method="Runtime.evaluate" seconds=0.0 keys=["result"]
2026-10-06T17:03:13.221248+00:00 [BrowserWatch:show] thread="BrowserWatch:show" event="cdp.send" method="Runtime.evaluate" timeout=0.6 params=["awaitPromise", "expression", "generatePreview", "returnByValue", "userGesture"]
2026-10-06T17:03:13.222248+00:00 [BrowserWatch:show] thread="BrowserWatch:show" event="cdp.result" method="Runtime.evaluate" seconds=0.0 keys=["result"]
2026-10-06T17:03:13.237247+00:00 [ResponsePoll] thread="ResponsePoll" event="cdp.send" method="Runtime.evaluate" timeout=1 params=["awaitPromise", "expression", "generatePreview", "returnByValue", "userGesture"]
2026-10-06T17:03:13.238250+00:00 [ResponsePoll] thread="ResponsePoll" event="cdp.result" method="Runtime.evaluate" seconds=0.0 keys=["result"]
2026-10-06T17:03:13.290249+00:00 [Dummy-20] thread="Dummy-20" event="cdp.send" method="Runtime.evaluate" timeout=2 params=["awaitPromise", "expression", "generatePreview", "returnByValue", "userGesture"]
2026-10-06T17:03:13.291248+00:00 [Dummy-20] thread="Dummy-20" event="cdp.result" method="Runtime.evaluate" seconds=0.0 keys=["result"]
2026-10-06T17:03:13.297251+00:00 [Dummy-20] thread="Dummy-20" event="cdp.send" method="Runtime.evaluate" timeout=3 params=["awaitPromise", "expression", "generatePreview", "returnByValue", "userGesture"]
2026-10-06T17:03:13.299249+00:00 [Dummy-20] thread="Dummy-20" event="cdp.result" method="Runtime.evaluate" seconds=0.0 keys=["result"]
2026-10-06T17:03:13.330247+00:00 [LayoutWatchdog] thread="LayoutWatchdog" event="cdp.send" method="Runtime.evaluate" timeout=3 params=["awaitPromise", "expression", "generatePreview", "returnByValue", "userGesture"]
2026-10-06T17:03:13.331249+00:00 [LayoutWatchdog] thread="LayoutWatchdog" event="cdp.result" method="Runtime.evaluate" seconds=0.0 keys=["result"]
2026-10-06T17:03:13.331249+00:00 [LayoutWatchdog] thread="LayoutWatchdog" event="browser.layout_watch" reason="post-reveal" ok=true fixed=0 good=2 ms=125 innerWidth=658 dpr=0.667
2026-10-06T17:03:13.379249+00:00 [BrowserWatch:show] thread="BrowserWatch:show" event="cdp.send" method="Runtime.evaluate" timeout=0.6 params=["awaitPromise", "expression", "generatePreview", "returnByValue", "userGesture"]
2026-10-06T17:03:13.380250+00:00 [BrowserWatch:show] thread="BrowserWatch:show" event="cdp.result" method="Runtime.evaluate" seconds=0.0 keys=["result"]
2026-10-06T17:03:13.450124+00:00 [Dummy-20] thread="Dummy-20" event="cdp.send" method="Runtime.evaluate" timeout=2 params=["awaitPromise", "expression", "generatePreview", "returnByValue", "userGesture"]
2026-10-06T17:03:13.451124+00:00 [Dummy-20] thread="Dummy-20" event="cdp.result" method="Runtime.evaluate" seconds=0.0 keys=["result"]
2026-10-06T17:03:13.458125+00:00 [Dummy-20] thread="Dummy-20" event="cdp.send" method="Runtime.evaluate" timeout=3 params=["awaitPromise", "expression", "generatePreview", "returnByValue", "userGesture"]
2026-10-06T17:03:13.460125+00:00 [Dummy-20] thread="Dummy-20" event="cdp.result" method="Runtime.evaluate" seconds=0.016 keys=["result"]
2026-10-06T17:03:13.473124+00:00 [BrowserWatch:hide] thread="BrowserWatch:hide" event="cdp.send" method="Runtime.evaluate" timeout=0.6 params=["awaitPromise", "expression", "generatePreview", "returnByValue", "userGesture"]
2026-10-06T17:03:13.474125+00:00 [BrowserWatch:hide] thread="BrowserWatch:hide" event="cdp.result" method="Runtime.evaluate" seconds=0.0 keys=["result"]
2026-10-06T17:03:13.536160+00:00 [BrowserWatch:show] thread="BrowserWatch:show" event="cdp.send" method="Runtime.evaluate" timeout=0.6 params=["awaitPromise", "expression", "generatePreview", "returnByValue", "userGesture"]
2026-10-06T17:03:13.537129+00:00 [BrowserWatch:show] thread="BrowserWatch:show" event="cdp.result" method="Runtime.evaluate" seconds=0.0 keys=["result"]
2026-10-06T17:03:13.611130+00:00 [Dummy-20] thread="Dummy-20" event="cdp.send" method="Runtime.evaluate" timeout=2 params=["awaitPromise", "expression", "generatePreview", "returnByValue", "userGesture"]
2026-10-06T17:03:13.612132+00:00 [Dummy-20] thread="Dummy-20" event="cdp.result" method="Runtime.evaluate" seconds=0.0 keys=["result"]
2026-10-06T17:03:13.620129+00:00 [Dummy-20] thread="Dummy-20" event="cdp.send" method="Runtime.evaluate" timeout=3 params=["awaitPromise", "expression", "generatePreview", "returnByValue", "userGesture"]
2026-10-06T17:03:13.621129+00:00 [Dummy-20] thread="Dummy-20" event="cdp.result" method="Runtime.evaluate" seconds=0.0 keys=["result"]
2026-10-06T17:03:13.691128+00:00 [BrowserWatch:show] thread="BrowserWatch:show" event="cdp.send" method="Runtime.evaluate" timeout=0.6 params=["awaitPromise", "expression", "generatePreview", "returnByValue", "userGesture"]
2026-10-06T17:03:13.692130+00:00 [BrowserWatch:show] thread="BrowserWatch:show" event="cdp.result" method="Runtime.evaluate" seconds=0.0 keys=["result"]
2026-10-06T17:03:13.736128+00:00 [BrowserWatch:hide] thread="BrowserWatch:hide" event="cdp.send" method="Runtime.evaluate" timeout=0.6 params=["awaitPromise", "expression", "generatePreview", "returnByValue", "userGesture"]
2026-10-06T17:03:13.737130+00:00 [BrowserWatch:hide] thread="BrowserWatch:hide" event="cdp.result" method="Runtime.evaluate" seconds=0.0 keys=["result"]
2026-10-06T17:03:13.772128+00:00 [Dummy-20] thread="Dummy-20" event="cdp.send" method="Runtime.evaluate" timeout=2 params=["awaitPromise", "expression", "generatePreview", "returnByValue", "userGesture"]
2026-10-06T17:03:13.773129+00:00 [Dummy-20] thread="Dummy-20" event="cdp.result" method="Runtime.evaluate" seconds=0.015 keys=["result"]
2026-10-06T17:03:13.779128+00:00 [Dummy-20] thread="Dummy-20" event="cdp.send" method="Runtime.evaluate" timeout=3 params=["awaitPromise", "expression", "generatePreview", "returnByValue", "userGesture"]
2026-10-06T17:03:13.781130+00:00 [Dummy-20] thread="Dummy-20" event="cdp.result" method="Runtime.evaluate" seconds=0.0 keys=["result"]
2026-10-06T17:03:13.844130+00:00 [BrowserWatch:show] thread="BrowserWatch:show" event="cdp.send" method="Runtime.evaluate" timeout=0.6 params=["awaitPromise", "expression", "generatePreview", "returnByValue", "userGesture"]
2026-10-06T17:03:13.845131+00:00 [BrowserWatch:show] thread="BrowserWatch:show" event="cdp.result" method="Runtime.evaluate" seconds=0.0 keys=["result"]
2026-10-06T17:03:13.932129+00:00 [Dummy-20] thread="Dummy-20" event="cdp.send" method="Runtime.evaluate" timeout=2 params=["awaitPromise", "expression", "generatePreview", "returnByValue", "userGesture"]
2026-10-06T17:03:13.934131+00:00 [Dummy-20] thread="Dummy-20" event="cdp.result" method="Runtime.evaluate" seconds=0.0 keys=["result"]
2026-10-06T17:03:13.934131+00:00 [Dummy-20] thread="Dummy-20" event="upload.state" present=2 uploading=false probe_ok=true pdf_exists=true template_exists=true attempts_failed=0
2026-10-06T17:03:13.935129+00:00 [Dummy-20] thread="Dummy-20" event="cdp.send" method="Runtime.evaluate" timeout=2 params=["awaitPromise", "expression", "generatePreview", "returnByValue", "userGesture"]
2026-10-06T17:03:13.941133+00:00 [Dummy-20] thread="Dummy-20" event="cdp.result" method="Runtime.evaluate" seconds=0.0 keys=["result"]
2026-10-06T17:03:13.941133+00:00 [Dummy-20] thread="Dummy-20" event="page.probe" category="google" ready="complete" bodyChildren=75 fileInputs=0 editors=3 frames=0 documentFocused=true activeEditable=true activeReadOnly=false activeDisabled=false
2026-10-06T17:03:13.949130+00:00 [Dummy-20] thread="Dummy-20" event="cdp.send" method="Runtime.evaluate" timeout=3 params=["awaitPromise", "expression", "generatePreview", "returnByValue", "userGesture"]
2026-10-06T17:03:13.951129+00:00 [Dummy-20] thread="Dummy-20" event="cdp.result" method="Runtime.evaluate" seconds=0.0 keys=["result"]
2026-10-06T17:03:13.986129+00:00 [MainThread] thread="MainThread" event="main.snapshot" visible=true minimized=false geometry=[2091, 332, 453, 735] dpr=1.0 chrome_hwnd=526152 worker_running=false chromium_exit=null overlay_visible=false page_verdict="ai_mode" native_mode=true chat_ready=true cover_visible=false settling=false
2026-10-06T17:03:14.001130+00:00 [BrowserWatch:hide] thread="BrowserWatch:hide" event="cdp.send" method="Runtime.evaluate" timeout=0.6 params=["awaitPromise", "expression", "generatePreview", "returnByValue", "userGesture"]
2026-10-06T17:03:14.002131+00:00 [BrowserWatch:hide] thread="BrowserWatch:hide" event="cdp.result" method="Runtime.evaluate" seconds=0.0 keys=["result"]
2026-10-06T17:03:14.002131+00:00 [BrowserWatch:show] thread="BrowserWatch:show" event="cdp.send" method="Runtime.evaluate" timeout=0.6 params=["awaitPromise", "expression", "generatePreview", "returnByValue", "userGesture"]
2026-10-06T17:03:14.003129+00:00 [BrowserWatch:show] thread="BrowserWatch:show" event="cdp.result" method="Runtime.evaluate" seconds=0.0 keys=["result"]
2026-10-06T17:03:14.102130+00:00 [Dummy-20] thread="Dummy-20" event="cdp.send" method="Runtime.evaluate" timeout=2 params=["awaitPromise", "expression", "generatePreview", "returnByValue", "userGesture"]
2026-10-06T17:03:14.103129+00:00 [Dummy-20] thread="Dummy-20" event="cdp.result" method="Runtime.evaluate" seconds=0.0 keys=["result"]
2026-10-06T17:03:14.110129+00:00 [Dummy-20] thread="Dummy-20" event="cdp.send" method="Runtime.evaluate" timeout=3 params=["awaitPromise", "expression", "generatePreview", "returnByValue", "userGesture"]
2026-10-06T17:03:14.113129+00:00 [Dummy-20] thread="Dummy-20" event="cdp.result" method="Runtime.evaluate" seconds=0.0 keys=["result"]
2026-10-06T17:03:14.158130+00:00 [BrowserWatch:show] thread="BrowserWatch:show" event="cdp.send" method="Runtime.evaluate" timeout=0.6 params=["awaitPromise", "expression", "generatePreview", "returnByValue", "userGesture"]
2026-10-06T17:03:14.159130+00:00 [BrowserWatch:show] thread="BrowserWatch:show" event="cdp.result" method="Runtime.evaluate" seconds=0.0 keys=["result"]
2026-10-06T17:03:14.235128+00:00 [ResponsePoll] thread="ResponsePoll" event="cdp.send" method="Runtime.evaluate" timeout=1 params=["awaitPromise", "expression", "generatePreview", "returnByValue", "userGesture"]
2026-10-06T17:03:14.238132+00:00 [ResponsePoll] thread="ResponsePoll" event="cdp.result" method="Runtime.evaluate" seconds=0.0 keys=["result"]
2026-10-06T17:03:14.264129+00:00 [Dummy-20] thread="Dummy-20" event="cdp.send" method="Runtime.evaluate" timeout=2 params=["awaitPromise", "expression", "generatePreview", "returnByValue", "userGesture"]
2026-10-06T17:03:14.265130+00:00 [Dummy-20] thread="Dummy-20" event="cdp.result" method="Runtime.evaluate" seconds=0.0 keys=["result"]
2026-10-06T17:03:14.267131+00:00 [BrowserWatch:hide] thread="BrowserWatch:hide" event="cdp.send" method="Runtime.evaluate" timeout=0.6 params=["awaitPromise", "expression", "generatePreview", "returnByValue", "userGesture"]
2026-10-06T17:03:14.269130+00:00 [BrowserWatch:hide] thread="BrowserWatch:hide" event="cdp.result" method="Runtime.evaluate" seconds=0.0 keys=["result"]
2026-10-06T17:03:14.275130+00:00 [Dummy-20] thread="Dummy-20" event="cdp.send" method="Runtime.evaluate" timeout=3 params=["awaitPromise", "expression", "generatePreview", "returnByValue", "userGesture"]
2026-10-06T17:03:14.277130+00:00 [Dummy-20] thread="Dummy-20" event="cdp.result" method="Runtime.evaluate" seconds=0.0 keys=["result"]
2026-10-06T17:03:14.313129+00:00 [BrowserWatch:show] thread="BrowserWatch:show" event="cdp.send" method="Runtime.evaluate" timeout=0.6 params=["awaitPromise", "expression", "generatePreview", "returnByValue", "userGesture"]
2026-10-06T17:03:14.314131+00:00 [BrowserWatch:show] thread="BrowserWatch:show" event="cdp.result" method="Runtime.evaluate" seconds=0.0 keys=["result"]
2026-10-06T17:03:14.427648+00:00 [Dummy-20] thread="Dummy-20" event="cdp.send" method="Runtime.evaluate" timeout=2 params=["awaitPromise", "expression", "generatePreview", "returnByValue", "userGesture"]
2026-10-06T17:03:14.428644+00:00 [Dummy-20] thread="Dummy-20" event="cdp.result" method="Runtime.evaluate" seconds=0.016 keys=["result"]
2026-10-06T17:03:14.435644+00:00 [Dummy-20] thread="Dummy-20" event="cdp.send" method="Runtime.evaluate" timeout=3 params=["awaitPromise", "expression", "generatePreview", "returnByValue", "userGesture"]
2026-10-06T17:03:14.437644+00:00 [Dummy-20] thread="Dummy-20" event="cdp.result" method="Runtime.evaluate" seconds=0.0 keys=["result"]
2026-10-06T17:03:14.472643+00:00 [BrowserWatch:show] thread="BrowserWatch:show" event="cdp.send" method="Runtime.evaluate" timeout=0.6 params=["awaitPromise", "expression", "generatePreview", "returnByValue", "userGesture"]
2026-10-06T17:03:14.473644+00:00 [BrowserWatch:show] thread="BrowserWatch:show" event="cdp.result" method="Runtime.evaluate" seconds=0.0 keys=["result"]
2026-10-06T17:03:14.588643+00:00 [Dummy-20] thread="Dummy-20" event="cdp.send" method="Runtime.evaluate" timeout=2 params=["awaitPromise", "expression", "generatePreview", "returnByValue", "userGesture"]
2026-10-06T17:03:14.589646+00:00 [Dummy-20] thread="Dummy-20" event="cdp.result" method="Runtime.evaluate" seconds=0.0 keys=["result"]
2026-10-06T17:03:14.595645+00:00 [Dummy-20] thread="Dummy-20" event="cdp.send" method="Runtime.evaluate" timeout=3 params=["awaitPromise", "expression", "generatePreview", "returnByValue", "userGesture"]
2026-10-06T17:03:14.597644+00:00 [Dummy-20] thread="Dummy-20" event="cdp.result" method="Runtime.evaluate" seconds=0.0 keys=["result"]
2026-10-06T17:03:14.628643+00:00 [BrowserWatch:show] thread="BrowserWatch:show" event="cdp.send" method="Runtime.evaluate" timeout=0.6 params=["awaitPromise", "expression", "generatePreview", "returnByValue", "userGesture"]
2026-10-06T17:03:14.629643+00:00 [BrowserWatch:show] thread="BrowserWatch:show" event="cdp.result" method="Runtime.evaluate" seconds=0.0 keys=["result"]
2026-10-06T17:03:14.684643+00:00 [MainThread] thread="MainThread" event="stage.begin" name="_close_app"
2026-10-06T17:03:14.684643+00:00 [MainThread] thread="MainThread" event="stage.begin" name="MainWindow._cleanup"
2026-10-06T17:03:14.749642+00:00 [Dummy-20] thread="Dummy-20" event="cdp.send" method="Runtime.evaluate" timeout=2 params=["awaitPromise", "expression", "generatePreview", "returnByValue", "userGesture"]
2026-10-06T17:03:14.750643+00:00 [Dummy-20] thread="Dummy-20" event="cdp.result" method="Runtime.evaluate" seconds=0.0 keys=["result"]
2026-10-06T17:03:14.759641+00:00 [Dummy-20] thread="Dummy-20" event="cdp.send" method="Runtime.evaluate" timeout=3 params=["awaitPromise", "expression", "generatePreview", "returnByValue", "userGesture"]
2026-10-06T17:03:14.761642+00:00 [Dummy-20] thread="Dummy-20" event="cdp.result" method="Runtime.evaluate" seconds=0.0 keys=["result"]
2026-10-06T17:03:14.783643+00:00 [MainThread] thread="MainThread" event="win32.tree_killed" pids=[7524, 11068, 14800, 17232, 20976, 21712, 24308, 26012, 26284, 26292]
2026-10-06T17:03:14.783643+00:00 [MainThread] thread="MainThread" event="browser.closed" port=32142
2026-10-06T17:03:15.056642+00:00 [MainThread] thread="MainThread" event="selfcheck.summary" checks=6 failed=[]
2026-10-06T17:03:15.107644+00:00 [MainThread] thread="MainThread" event="bt.trace.finish" events=539 unknown="{'selfcheck.hotkeys.ok': 1, 'win32.call': 77, 'win32.call.interesting': 34, 'reason.off_target': 1, 'selfcheck.engine.o…
2026-10-06T17:03:15.668158+00:00 [MainThread] thread="MainThread" event="stage.end" name="MainWindow._cleanup" seconds=0.984
2026-10-06T17:03:15.668158+00:00 [MainThread] thread="MainThread" event="stage.begin" name="_close_app"
2026-10-06T17:03:15.668158+00:00 [MainThread] thread="MainThread" event="stage.end" name="_close_app" seconds=0.0
2026-10-06T17:03:15.676157+00:00 [MainThread] thread="MainThread" event="bt.window.hide" args="{'win_visible': True, 'win_min': False, 'win_geo': [2091, 332, 453, 735], 'dpr': 1.0, 'cover': False, 'settling': False…
2026-10-06T17:03:15.676157+00:00 [MainThread] thread="MainThread" event="bt.watch.skip" tag="hide" reason="no-native-window"
2026-10-06T17:03:15.705157+00:00 [MainThread] thread="MainThread" event="qt.lastWindowClosed"
2026-10-06T17:03:15.706156+00:00 [MainThread] thread="MainThread" event="qt.aboutToQuit"
2026-10-06T17:03:15.706156+00:00 [MainThread] thread="MainThread" event="session.qt_exit" reason="close or restart"
2026-10-06T17:03:15.707158+00:00 [MainThread] thread="MainThread" event="stage.end" name="_close_app" seconds=1.015
2026-10-06T17:03:15.712156+00:00 [MainThread] thread="MainThread" event="stage.exit" name="main" code=0
2026-10-06T17:03:15.788158+00:00 [MainThread] thread="MainThread" event="session.atexit"
