2026-10-06T17:01:26.763021+00:00 [MainThread] thread="MainThread" event="session.start" platform="Windows-10-10.0.19045-SP0" python="3.12.6 (tags/v3.12.6:a4a2d2b, Sep  6 2024, 20:11:23) [MSC v.1940 64 bit (AMD64)]" bitness=64 executable="C:\\Users\\79528\\PycharmProjects\\PythonProject1\\.venv\\Scripts\\python.exe" cwd="C:\\Users\\79528\\PycharmProjects\\PythonProject1\\Legalyze\\test2\\TestLegalUniversal_v23" frozen=false nuitka_compiled=false release_revision="universal-embedded-v23" packages={"PyQt6": "6.11.0", "PyQt6-Qt6": "6.11.1", "requests": "2.34.2", "websocket-client": "1.9.0", "cryptography": "50.0.0", … windows_build="sys.getwindowsversion(major=10, minor=0, build=19045, platform=2, service_pack='')" modes={"LEGALYZE_DISABLE_GPU": null, "LEGALYZE_EXTERNAL_BROWSER": null, "LEGALYZE_FRESH_PROFILE": null, "LEGALYZE_LOG_OFF": nu…
2026-10-06T17:01:26.764022+00:00 [SystemInventory] thread="SystemInventory" event="windows.privilege" elevated=true remote_session=false proxy_variables_present=[]
2026-10-06T17:01:27.483545+00:00 [MainThread] thread="MainThread" event="bt.trace.installed" dir="C:\\Users\\79528\\AppData\\Roaming\\Legalyze\\logs\\20261006-200126-24152-255898" version="browser-trace-1" python="3.12.6" platform="win32"
2026-10-06T17:01:27.493545+00:00 [MainThread] thread="MainThread" event="stage.begin" name="main"
2026-10-06T17:01:27.497543+00:00 [MainThread] thread="MainThread" event="storage.paths" app_dir="C:\\Users\\79528\\AppData\\Roaming\\Legalyze" data_dir="C:\\Users\\79528\\AppData\\Roaming\\Legalyze\\data" profile="C:\\Users\\79528\\AppData\\Roaming\\Legalyze\\qtwebengine-profile" logs="C:\\Users\\79528\\AppData\\Roaming\\Legalyze\\logs\\20261006-200126-24152-255898"
2026-10-06T17:01:27.497543+00:00 [MainThread] thread="MainThread" event="stage.begin" name="load_config"
2026-10-06T17:01:27.497543+00:00 [MainThread] thread="MainThread" event="stage.begin" name="ensure_dirs"
2026-10-06T17:01:27.498543+00:00 [MainThread] thread="MainThread" event="stage.end" name="ensure_dirs" seconds=0.0
2026-10-06T17:01:27.499544+00:00 [MainThread] thread="MainThread" event="stage.end" name="load_config" seconds=0.0
2026-10-06T17:01:27.499544+00:00 [MainThread] thread="MainThread" event="stage.begin" name="ensure_dirs"
2026-10-06T17:01:27.499544+00:00 [MainThread] thread="MainThread" event="stage.end" name="ensure_dirs" seconds=0.0
2026-10-06T17:01:27.531546+00:00 [MainThread] thread="MainThread" event="qt.start" qt="6.11.0" pyqt="6.11.0" platform="windows" style="windowsvista"
2026-10-06T17:01:27.531546+00:00 [MainThread] thread="MainThread" event="qt.screen_count" screens=1 primary="HDMI"
2026-10-06T17:01:27.531546+00:00 [MainThread] thread="MainThread" event="qt.screen" geometry=[0, 0, 2560, 1440] available=[0, 0, 2560, 1400] dpi=96.0 dpr=1.0
2026-10-06T17:01:27.533547+00:00 [MainThread] thread="MainThread" event="stage.begin" name="LoginWindow.__init__"
2026-10-06T17:01:27.723543+00:00 [SystemInventory] thread="SystemInventory" event="windows.inventory" data="{\r\n    \"GPU\":  [\r\n                {\r\n                    \"Name\":  \"Parsec Virtual Display Adapter\",\r\n    …
2026-10-06T17:01:27.723543+00:00 [MainThread] thread="MainThread" event="stage.begin" name="generate_hwid"
2026-10-06T17:01:27.723543+00:00 [MainThread] thread="MainThread" event="hwid.command.begin" executable="wmic"
2026-10-06T17:01:27.819545+00:00 [MainThread] thread="MainThread" event="hwid.command.end" executable="wmic" returncode=0 has_output=true
2026-10-06T17:01:27.819545+00:00 [MainThread] thread="MainThread" event="hwid.command.begin" executable="wmic"
2026-10-06T17:01:28.041545+00:00 [MainThread] thread="MainThread" event="hwid.command.end" executable="wmic" returncode=0 has_output=true
2026-10-06T17:01:28.041545+00:00 [MainThread] thread="MainThread" event="stage.end" name="generate_hwid" seconds=0.328
2026-10-06T17:01:28.142543+00:00 [MainThread] thread="MainThread" event="stage.end" name="LoginWindow.__init__" seconds=0.61
2026-10-06T17:01:29.299545+00:00 [MainThread] thread="MainThread" event="stage.begin" name="LoginWindow._do_login"
2026-10-06T17:01:29.300546+00:00 [MainThread] thread="MainThread" event="stage.begin" name="AuthWorker.__init__"
2026-10-06T17:01:29.300546+00:00 [MainThread] thread="MainThread" event="stage.end" name="AuthWorker.__init__" seconds=0.0
2026-10-06T17:01:29.300546+00:00 [MainThread] thread="MainThread" event="stage.end" name="LoginWindow._do_login" seconds=0.0
2026-10-06T17:01:29.301546+00:00 [Dummy-7] thread="Dummy-7" event="http.begin" method="post" host="legalyzeai.ru" path="/api/client/auth"
2026-10-06T17:01:30.191544+00:00 [Dummy-7] thread="Dummy-7" event="http.end" method="post" host="legalyzeai.ru" path="/api/client/auth" status=200 seconds=0.891
2026-10-06T17:01:30.192545+00:00 [MainThread] thread="MainThread" event="stage.begin" name="LoginWindow._on_auth"
2026-10-06T17:01:30.192545+00:00 [MainThread] thread="MainThread" event="auth.result" success=true
2026-10-06T17:01:30.192545+00:00 [MainThread] thread="MainThread" event="stage.begin" name="generate_hwid"
2026-10-06T17:01:30.192545+00:00 [MainThread] thread="MainThread" event="hwid.command.begin" executable="wmic"
2026-10-06T17:01:30.276546+00:00 [MainThread] thread="MainThread" event="hwid.command.end" executable="wmic" returncode=0 has_output=true
2026-10-06T17:01:30.276546+00:00 [MainThread] thread="MainThread" event="hwid.command.begin" executable="wmic"
2026-10-06T17:01:30.438546+00:00 [MainThread] thread="MainThread" event="hwid.command.end" executable="wmic" returncode=0 has_output=true
2026-10-06T17:01:30.438546+00:00 [MainThread] thread="MainThread" event="stage.end" name="generate_hwid" seconds=0.25
2026-10-06T17:01:30.533543+00:00 [MainThread] thread="MainThread" event="stage.begin" name="ensure_dirs"
2026-10-06T17:01:30.534543+00:00 [MainThread] thread="MainThread" event="stage.end" name="ensure_dirs" seconds=0.0
2026-10-06T17:01:30.539543+00:00 [MainThread] thread="MainThread" event="stage.begin" name="ensure_dirs"
2026-10-06T17:01:30.540546+00:00 [MainThread] thread="MainThread" event="stage.end" name="ensure_dirs" seconds=0.0
2026-10-06T17:01:30.547544+00:00 [MainThread] thread="MainThread" event="stage.end" name="LoginWindow._on_auth" seconds=0.359
2026-10-06T17:01:30.547544+00:00 [MainThread] thread="MainThread" event="auth.accepted"
2026-10-06T17:01:30.547544+00:00 [MainThread] thread="MainThread" event="stage.begin" name="_enforce_latest_version"
2026-10-06T17:01:30.547544+00:00 [MainThread] thread="MainThread" event="stage.begin" name="check_for_update"
2026-10-06T17:01:30.547544+00:00 [MainThread] thread="MainThread" event="http.begin" method="get" host="legalyzeai.ru" path="/api/client/update"
2026-10-06T17:01:30.938544+00:00 [MainThread] thread="MainThread" event="http.end" method="get" host="legalyzeai.ru" path="/api/client/update" status=200 seconds=0.391
2026-10-06T17:01:30.939543+00:00 [MainThread] thread="MainThread" event="stage.end" name="check_for_update" seconds=0.391
2026-10-06T17:01:30.939543+00:00 [MainThread] thread="MainThread" event="stage.end" name="_enforce_latest_version" seconds=0.391
2026-10-06T17:01:30.940542+00:00 [MainThread] thread="MainThread" event="stage.begin" name="MainWindow.__init__"
2026-10-06T17:01:30.942545+00:00 [MainThread] thread="MainThread" event="stage.begin" name="HotkeyChip.__init__"
2026-10-06T17:01:30.943544+00:00 [MainThread] thread="MainThread" event="stage.end" name="HotkeyChip.__init__" seconds=0.0
2026-10-06T17:01:30.944546+00:00 [MainThread] thread="MainThread" event="stage.begin" name="HotkeyChip.__init__"
2026-10-06T17:01:30.944546+00:00 [MainThread] thread="MainThread" event="stage.end" name="HotkeyChip.__init__" seconds=0.0
2026-10-06T17:01:30.946544+00:00 [MainThread] thread="MainThread" event="stage.begin" name="LoadingOverlay.__init__"
2026-10-06T17:01:30.946544+00:00 [MainThread] thread="MainThread" event="stage.end" name="LoadingOverlay.__init__" seconds=0.0
2026-10-06T17:01:30.952563+00:00 [MainThread] thread="MainThread" event="stage.begin" name="MainWindow._register_hotkeys"
2026-10-06T17:01:31.108543+00:00 [MainThread] thread="MainThread" event="hotkeys.configured" toggle="Num-" mic="Num+" suppressed=true
2026-10-06T17:01:31.109543+00:00 [MainThread] thread="MainThread" event="stage.end" name="MainWindow._register_hotkeys" seconds=0.157
2026-10-06T17:01:31.109543+00:00 [MainThread] thread="MainThread" event="stage.begin" name="BalanceWorker.__init__"
2026-10-06T17:01:31.109543+00:00 [MainThread] thread="MainThread" event="stage.end" name="BalanceWorker.__init__" seconds=0.0
2026-10-06T17:01:31.109543+00:00 [MainThread] thread="MainThread" event="stage.end" name="MainWindow.__init__" seconds=0.172
2026-10-06T17:01:31.109543+00:00 [MainThread] thread="MainThread" event="main.geometry" geometry=[2091, 332, 453, 735] available=[0, 0, 2560, 1400] dpr=1.0 visible=false hwnd=329442 screens=1
2026-10-06T17:01:31.515543+00:00 [MainThread] thread="MainThread" event="bt.window.show" was_hidden=false args="{'win_visible': True, 'win_min': False, 'win_geo': [2091, 332, 453, 735], 'dpr': 1.0, 'cover': False, 'settling': False…
2026-10-06T17:01:31.515543+00:00 [MainThread] thread="MainThread" event="bt.watch.skip" tag="show" reason="no-native-window"
2026-10-06T17:01:31.520543+00:00 [Dummy-12] thread="Dummy-12" event="http.begin" method="get" host="legalyzeai.ru" path="/api/client/queries"
2026-10-06T17:01:31.520543+00:00 [MainThread] thread="MainThread" event="main.snapshot" visible=true minimized=false geometry=[2091, 332, 453, 735] dpr=1.0 chrome_hwnd=null worker_running=false chromium_exit=null overlay_visible=true page_verdict=null native_mode=false chat_ready=false cover_visible=false settling=false
2026-10-06T17:01:31.520543+00:00 [MainThread] thread="MainThread" event="main.shown" visible=true geometry=[2091, 332, 453, 735]
2026-10-06T17:01:31.521544+00:00 [MainThread] thread="MainThread" event="stage.begin" name="MainWindow._sync_template_from_server"
2026-10-06T17:01:31.521544+00:00 [MainThread] thread="MainThread" event="stage.begin" name="TemplateSyncWorker.__init__"
2026-10-06T17:01:31.521544+00:00 [MainThread] thread="MainThread" event="stage.end" name="TemplateSyncWorker.__init__" seconds=0.0
2026-10-06T17:01:31.522542+00:00 [MainThread] thread="MainThread" event="stage.end" name="MainWindow._sync_template_from_server" seconds=0.015
2026-10-06T17:01:31.522542+00:00 [Dummy-13] thread="Dummy-13" event="http.begin" method="get" host="legalyzeai.ru" path="/api/client/template"
2026-10-06T17:01:31.984545+00:00 [Dummy-12] thread="Dummy-12" event="http.end" method="get" host="legalyzeai.ru" path="/api/client/queries" status=200 seconds=0.469
2026-10-06T17:01:31.984545+00:00 [MainThread] thread="MainThread" event="stage.begin" name="MainWindow._on_balance"
2026-10-06T17:01:31.984545+00:00 [MainThread] thread="MainThread" event="balance.result" success=true allowed=true
2026-10-06T17:01:31.984545+00:00 [MainThread] thread="MainThread" event="stage.end" name="MainWindow._on_balance" seconds=0.0
2026-10-06T17:01:31.997545+00:00 [Dummy-13] thread="Dummy-13" event="http.end" method="get" host="legalyzeai.ru" path="/api/client/template" status=200 seconds=0.469
2026-10-06T17:01:32.041544+00:00 [MainThread] thread="MainThread" event="stage.begin" name="MainWindow._start_chrome"
2026-10-06T17:01:32.044544+00:00 [MainThread] thread="MainThread" event="browser.discovered" count=2 candidates=[{"name": "chrome", "kind": "chrome", "path": "C:\\Program Files\\Google\\Chrome\\Application\\chrome.exe", "rank": 2}, …
2026-10-06T17:01:32.049545+00:00 [MainThread] thread="MainThread" event="browser.discovered" count=2 candidates=[{"name": "chrome", "kind": "chrome", "path": "C:\\Program Files\\Google\\Chrome\\Application\\chrome.exe", "rank": 2}, …
2026-10-06T17:01:32.049545+00:00 [MainThread] thread="MainThread" event="browser.try" name="chrome" kind="chrome" attempt=1 gpu=true
2026-10-06T17:01:32.056543+00:00 [MainThread] thread="MainThread" event="browser.zoom_prefs" level=-2.223901 files=["C:\\Users\\79528\\AppData\\Roaming\\Legalyze\\browser-profile\\Default\\Preferences", "C:\\Users\\79528\\AppData\\Roam…
2026-10-06T17:01:32.061545+00:00 [MainThread] thread="MainThread" event="browser.permissions" files=["C:\\Users\\79528\\AppData\\Roaming\\Legalyze\\browser-profile\\Default\\Preferences", "C:\\Users\\79528\\AppData\\Roam…
2026-10-06T17:01:32.066544+00:00 [MainThread] thread="MainThread" event="browser.locale_prefs" lang="ru-RU" accept="ru-RU,ru;q=0.9,en-US;q=0.8,en;q=0.7" files=["C:\\Users\\79528\\AppData\\Roaming\\Legalyze\\browser-profile\\Default\\Preferences", "C:\\Users\\79528\\AppData\\Roam…
2026-10-06T17:01:32.066544+00:00 [MainThread] thread="MainThread" event="env.contract" release="universal-embedded-v23" exe="C:\\Program Files\\Google\\Chrome\\Application\\chrome.exe" exe_bytes=4496024 exe_mtime=1790821002.9 kind="chrome" port=32006 profile="C:\\Users\\79528\\AppData\\Roaming\\Legalyze\\browser-profile" url="https://google.com/ai" attempt=0 gpu=true width=453 height=735 lang="ru-RU" light_theme=true zoom=0.666667 zoom_level=-2.223901086 switches=["--remote-debugging-port=32006", "--remote-debugging-address=127.0.0.1", "--user-data-dir=C:\\Users\\79528\\AppData\\Ro… switches_count=24 disabled_features=["SystemTitlebar", "CaptionButtons", "Translate", "OptimizationHints", "MediaRouter", "GlobalMediaControls", "DialMediaR… force_light_features=["WebContentsForceDark", "DarkMode"]
2026-10-06T17:01:32.067546+00:00 [MainThread] thread="MainThread" event="browser.binary" path="C:\\Program Files\\Google\\Chrome\\Application\\chrome.exe" bytes=4496024 mtime=1790821002.9
2026-10-06T17:01:32.068545+00:00 [MainThread] thread="MainThread" event="browser.prefs_verified" file="C:\\Users\\79528\\AppData\\Roaming\\Legalyze\\browser-profile\\Default\\Preferences" drift=[] zoom_level=-2.223901 accept_languages="ru-RU,ru;q=0.9,en-US;q=0.8,en;q=0.7" mic_hosts=15
2026-10-06T17:01:32.068545+00:00 [MainThread] thread="MainThread" event="browser.prefs_verified" file="C:\\Users\\79528\\AppData\\Roaming\\Legalyze\\browser-profile\\Preferences" drift=[] zoom_level=-2.223901 accept_languages="ru-RU,ru;q=0.9,en-US;q=0.8,en;q=0.7" mic_hosts=15
2026-10-06T17:01:32.068545+00:00 [MainThread] thread="MainThread" event="browser.launch" exe="C:\\Program Files\\Google\\Chrome\\Application\\chrome.exe" kind="chrome" port=32006 profile="C:\\Users\\79528\\AppData\\Roaming\\Legalyze\\browser-profile" gpu=true width=453 height=735 attempt=0
2026-10-06T17:01:32.074546+00:00 [MainThread] thread="MainThread" event="browser.spawned" port=32006
2026-10-06T17:01:32.075543+00:00 [MainThread] thread="MainThread" event="stage.end" name="MainWindow._start_chrome" seconds=0.031
2026-10-06T17:01:32.346543+00:00 [MainThread] thread="MainThread" event="browser.retry" reason="browser-exited" index=0 attempt=1 gpu=true
2026-10-06T17:01:32.399546+00:00 [MainThread] thread="MainThread" event="win32.tree_killed" pids=[9416, 13288]
2026-10-06T17:01:32.399546+00:00 [MainThread] thread="MainThread" event="browser.closed" port=32006
2026-10-06T17:01:32.399546+00:00 [MainThread] thread="MainThread" event="browser.try" name="chrome" kind="chrome" attempt=2 gpu=true
2026-10-06T17:01:32.406544+00:00 [MainThread] thread="MainThread" event="browser.zoom_prefs" level=-2.223901 files=["C:\\Users\\79528\\AppData\\Roaming\\Legalyze\\browser-profile-retry1\\Default\\Preferences", "C:\\Users\\79528\\AppDat…
2026-10-06T17:01:32.411544+00:00 [MainThread] thread="MainThread" event="browser.permissions" files=["C:\\Users\\79528\\AppData\\Roaming\\Legalyze\\browser-profile-retry1\\Default\\Preferences", "C:\\Users\\79528\\AppDat…
2026-10-06T17:01:32.417545+00:00 [MainThread] thread="MainThread" event="browser.locale_prefs" lang="ru-RU" accept="ru-RU,ru;q=0.9,en-US;q=0.8,en;q=0.7" files=["C:\\Users\\79528\\AppData\\Roaming\\Legalyze\\browser-profile-retry1\\Default\\Preferences", "C:\\Users\\79528\\AppDat…
2026-10-06T17:01:32.417545+00:00 [MainThread] thread="MainThread" event="env.contract" release="universal-embedded-v23" exe="C:\\Program Files\\Google\\Chrome\\Application\\chrome.exe" exe_bytes=4496024 exe_mtime=1790821002.9 kind="chrome" port=32007 profile="C:\\Users\\79528\\AppData\\Roaming\\Legalyze\\browser-profile-retry1" url="https://google.com/ai" attempt=1 gpu=true width=453 height=735 lang="ru-RU" light_theme=true zoom=0.666667 zoom_level=-2.223901086 switches=["--remote-debugging-port=32007", "--remote-debugging-address=127.0.0.1", "--user-data-dir=C:\\Users\\79528\\AppData\\Ro… switches_count=24 disabled_features=["SystemTitlebar", "CaptionButtons", "Translate", "OptimizationHints", "MediaRouter", "GlobalMediaControls", "DialMediaR… force_light_features=["WebContentsForceDark", "DarkMode"]
2026-10-06T17:01:32.418544+00:00 [MainThread] thread="MainThread" event="browser.binary" path="C:\\Program Files\\Google\\Chrome\\Application\\chrome.exe" bytes=4496024 mtime=1790821002.9
2026-10-06T17:01:32.419544+00:00 [MainThread] thread="MainThread" event="browser.prefs_verified" file="C:\\Users\\79528\\AppData\\Roaming\\Legalyze\\browser-profile-retry1\\Default\\Preferences" drift=[] zoom_level=-2.223901 accept_languages="ru-RU,ru;q=0.9,en-US;q=0.8,en;q=0.7" mic_hosts=15
2026-10-06T17:01:32.419544+00:00 [MainThread] thread="MainThread" event="browser.prefs_verified" file="C:\\Users\\79528\\AppData\\Roaming\\Legalyze\\browser-profile-retry1\\Preferences" drift=[] zoom_level=-2.223901 accept_languages="ru-RU,ru;q=0.9,en-US;q=0.8,en;q=0.7" mic_hosts=15
2026-10-06T17:01:32.419544+00:00 [MainThread] thread="MainThread" event="browser.launch" exe="C:\\Program Files\\Google\\Chrome\\Application\\chrome.exe" kind="chrome" port=32007 profile="C:\\Users\\79528\\AppData\\Roaming\\Legalyze\\browser-profile-retry1" gpu=true width=453 height=735 attempt=1
2026-10-06T17:01:32.425544+00:00 [MainThread] thread="MainThread" event="browser.spawned" port=32007
2026-10-06T17:01:32.663544+00:00 [MainThread] thread="MainThread" event="browser.retry" reason="browser-exited" index=0 attempt=2 gpu=true
2026-10-06T17:01:32.685544+00:00 [MainThread] thread="MainThread" event="win32.tree_killed" pids=[5060, 20284]
2026-10-06T17:01:32.685544+00:00 [MainThread] thread="MainThread" event="browser.closed" port=32007
2026-10-06T17:01:32.685544+00:00 [MainThread] thread="MainThread" event="browser.try" name="chrome" kind="chrome" attempt=3 gpu=false
2026-10-06T17:01:32.691545+00:00 [MainThread] thread="MainThread" event="browser.zoom_prefs" level=-2.223901 files=["C:\\Users\\79528\\AppData\\Roaming\\Legalyze\\browser-profile-retry2\\Default\\Preferences", "C:\\Users\\79528\\AppDat…
2026-10-06T17:01:32.696542+00:00 [MainThread] thread="MainThread" event="browser.permissions" files=["C:\\Users\\79528\\AppData\\Roaming\\Legalyze\\browser-profile-retry2\\Default\\Preferences", "C:\\Users\\79528\\AppDat…
2026-10-06T17:01:32.702545+00:00 [MainThread] thread="MainThread" event="browser.locale_prefs" lang="ru-RU" accept="ru-RU,ru;q=0.9,en-US;q=0.8,en;q=0.7" files=["C:\\Users\\79528\\AppData\\Roaming\\Legalyze\\browser-profile-retry2\\Default\\Preferences", "C:\\Users\\79528\\AppDat…
2026-10-06T17:01:32.702545+00:00 [MainThread] thread="MainThread" event="env.contract" release="universal-embedded-v23" exe="C:\\Program Files\\Google\\Chrome\\Application\\chrome.exe" exe_bytes=4496024 exe_mtime=1790821002.9 kind="chrome" port=32008 profile="C:\\Users\\79528\\AppData\\Roaming\\Legalyze\\browser-profile-retry2" url="https://google.com/ai" attempt=2 gpu=false width=453 height=735 lang="ru-RU" light_theme=true zoom=0.666667 zoom_level=-2.223901086 switches=["--remote-debugging-port=32008", "--remote-debugging-address=127.0.0.1", "--user-data-dir=C:\\Users\\79528\\AppData\\Ro… switches_count=27 disabled_features=["SystemTitlebar", "CaptionButtons", "Translate", "OptimizationHints", "MediaRouter", "GlobalMediaControls", "DialMediaR… force_light_features=["WebContentsForceDark", "DarkMode"]
2026-10-06T17:01:32.702545+00:00 [MainThread] thread="MainThread" event="browser.binary" path="C:\\Program Files\\Google\\Chrome\\Application\\chrome.exe" bytes=4496024 mtime=1790821002.9
2026-10-06T17:01:32.703545+00:00 [MainThread] thread="MainThread" event="browser.prefs_verified" file="C:\\Users\\79528\\AppData\\Roaming\\Legalyze\\browser-profile-retry2\\Default\\Preferences" drift=[] zoom_level=-2.223901 accept_languages="ru-RU,ru;q=0.9,en-US;q=0.8,en;q=0.7" mic_hosts=15
2026-10-06T17:01:32.703545+00:00 [MainThread] thread="MainThread" event="browser.prefs_verified" file="C:\\Users\\79528\\AppData\\Roaming\\Legalyze\\browser-profile-retry2\\Preferences" drift=[] zoom_level=-2.223901 accept_languages="ru-RU,ru;q=0.9,en-US;q=0.8,en;q=0.7" mic_hosts=15
2026-10-06T17:01:32.703545+00:00 [MainThread] thread="MainThread" event="browser.launch" exe="C:\\Program Files\\Google\\Chrome\\Application\\chrome.exe" kind="chrome" port=32008 profile="C:\\Users\\79528\\AppData\\Roaming\\Legalyze\\browser-profile-retry2" gpu=false width=453 height=735 attempt=2
2026-10-06T17:01:32.709542+00:00 [MainThread] thread="MainThread" event="browser.spawned" port=32008
2026-10-06T17:01:33.137059+00:00 [MainThread] thread="MainThread" event="browser.target_chosen" pages=["https://google.com/ai"] chosen="https://google.com/ai" wall_only=false
2026-10-06T17:01:33.138061+00:00 [MainThread] thread="MainThread" event="browser.devtools" browser="Chrome/154.0.8037.97" url="https://google.com/ai"
2026-10-06T17:01:33.268060+00:00 [MainThread] thread="MainThread" event="win32.find_window" wanted=[1056, 1748, 8532, 9676, 10988, 11328, 15324, 18712] found=132878 windows=[{"hwnd": 132878, "pid": 18712, "visible": true, "rect": [-8192, -8192, -7739, -7457], "style": 382664704, "exstyle": 25…
2026-10-06T17:01:33.268060+00:00 [MainThread] thread="MainThread" event="trace.begin" name="NativeHost._embed" args=2 kwargs=0
2026-10-06T17:01:33.272060+00:00 [MainThread] thread="MainThread" event="win32.hide_window" hwnd=132878 was_visible=true visible=false error=0
2026-10-06T17:01:33.272060+00:00 [MainThread] thread="MainThread" event="embed.before" child={"hwnd": 132878, "pid": 18712, "visible": false, "rect": [-8192, -8192, -7739, -7457], "style": 114229248, "exstyle": 25… host={"hwnd": 460418, "pid": 24152, "visible": true, "rect": [2091, 332, 2544, 1067], "style": 1442840576, "exstyle": 0, "par…
2026-10-06T17:01:33.274060+00:00 [MainThread] thread="MainThread" event="win32.style" hwnd=132878 index=-16 previous=114229248 new=1442840576 error=0
2026-10-06T17:01:33.280058+00:00 [MainThread] thread="MainThread" event="embed.SetParent" error=0 actual=460418 expected=460418
2026-10-06T17:01:33.280058+00:00 [MainThread] thread="MainThread" event="win32.style" hwnd=132878 index=-20 previous=0 new=128 error=0
2026-10-06T17:01:33.283059+00:00 [MainThread] thread="MainThread" event="win32.sync" hwnd=132878 wanted=[-10, -24, 453, 735] ok=true error=0 actual={"hwnd": 132878, "pid": 18712, "visible": true, "rect": [2081, 308, 2534, 1043], "style": 1442840576, "exstyle": 128, "p…
2026-10-06T17:01:33.284059+00:00 [MainThread] thread="MainThread" event="embed.after" child={"hwnd": 132878, "pid": 18712, "visible": true, "rect": [2081, 308, 2534, 1043], "style": 1442840576, "exstyle": 128, "p… cover=460524
2026-10-06T17:01:33.285061+00:00 [MainThread] thread="MainThread" event="win32.sync" hwnd=132878 wanted=[-10, -24, 453, 735] ok=true error=0 actual={"hwnd": 132878, "pid": 18712, "visible": true, "rect": [2081, 308, 2534, 1043], "style": 1442840576, "exstyle": 128, "p…
2026-10-06T17:01:33.285061+00:00 [MainThread] thread="MainThread" event="trace.begin" name="NativeHost.hide_taskbar" args=1 kwargs=0
2026-10-06T17:01:33.338060+00:00 [MainThread] thread="MainThread" event="win32.taskbar_hidden" hwnd=132878 style=true delete_tab=false
2026-10-06T17:01:33.340061+00:00 [MainThread] thread="MainThread" event="trace.end" name="NativeHost.hide_taskbar" seconds=0.063
2026-10-06T17:01:33.340061+00:00 [MainThread] thread="MainThread" event="browser.embedded" hwnd=132878 parent=460418 port=32008 exe="C:\\Program Files\\Google\\Chrome\\Application\\chrome.exe" kind="chrome" inset=[-10, -24, 10, 24]
2026-10-06T17:01:33.340061+00:00 [MainThread] thread="MainThread" event="stage.begin" name="MainWindow._on_browser_ready"
2026-10-06T17:01:33.340061+00:00 [MainThread] thread="MainThread" event="trace.begin" name="MainWindow._on_browser_ready" args=2 kwargs=0
2026-10-06T17:01:33.340061+00:00 [MainThread] thread="MainThread" event="browser.ready" port=32008 hwnd=132878
2026-10-06T17:01:33.341060+00:00 [MainThread] thread="MainThread" event="browser.mode" engine="external_chrome" exe="C:\\Program Files\\Google\\Chrome\\Application\\chrome.exe" kind="chrome" port=32008 hwnd=132878 zoom=0.667 inset=[-10, -24, 10, 24] dx=-10 dy=-24 light_theme=true lang="ru-RU" placeholder=[453, 735] dpr=1.0 screens=1 url="https://google.com/ai"
2026-10-06T17:01:33.342060+00:00 [MainThread] thread="MainThread" event="state.set" key="browser.mode" value="external_chrome"
2026-10-06T17:01:33.343058+00:00 [Dummy-14] thread="Dummy-14" event="trace.begin" name="ChromeWorker.run" args=1 kwargs=0
2026-10-06T17:01:33.343058+00:00 [Dummy-14] thread="Dummy-14" event="stage.begin" name="attach_chrome"
2026-10-06T17:01:33.344061+00:00 [MainThread] thread="MainThread" event="win32.sync" hwnd=132878 wanted=[-10, -24, 453, 735] ok=true error=0 actual={"hwnd": 132878, "pid": 18712, "visible": true, "rect": [2081, 308, 2534, 1043], "style": 1442840576, "exstyle": 128, "p…
2026-10-06T17:01:33.368061+00:00 [MainThread] thread="MainThread" event="trace.end" name="MainWindow._on_browser_ready" seconds=0.031
2026-10-06T17:01:33.368061+00:00 [MainThread] thread="MainThread" event="stage.end" name="MainWindow._on_browser_ready" seconds=0.031
2026-10-06T17:01:33.368061+00:00 [MainThread] thread="MainThread" event="trace.end" name="NativeHost._embed" seconds=0.109
2026-10-06T17:01:33.439060+00:00 [Dummy-14] thread="Dummy-14" event="browser.target_chosen" pages=["https://google.com/ai"] chosen="https://google.com/ai" wall_only=false
2026-10-06T17:01:33.439060+00:00 [Dummy-14] thread="Dummy-14" event="cdp.discovered" browser="Chrome/154.0.8037.97" protocol="1.3" pages=1
2026-10-06T17:01:33.439060+00:00 [Dummy-14] thread="Dummy-14" event="stage.begin" name="CDP.__init__"
2026-10-06T17:01:33.441061+00:00 [Dummy-14] thread="Dummy-14" event="stage.end" name="CDP.__init__" seconds=0.0
2026-10-06T17:01:33.441061+00:00 [Dummy-14] thread="Dummy-14" event="stage.begin" name="CDP.__init__"
2026-10-06T17:01:33.443060+00:00 [Dummy-14] thread="Dummy-14" event="stage.end" name="CDP.__init__" seconds=0.0
2026-10-06T17:01:33.443060+00:00 [Dummy-14] thread="Dummy-14" event="stage.end" name="attach_chrome" seconds=0.094
2026-10-06T17:01:33.443060+00:00 [Dummy-14] thread="Dummy-14" event="cdp.send" method="Page.enable" timeout=5 params=[]
2026-10-06T17:01:33.444060+00:00 [Dummy-14] thread="Dummy-14" event="cdp.result" method="Page.enable" seconds=0.0 keys=[]
2026-10-06T17:01:33.444060+00:00 [Dummy-14] thread="Dummy-14" event="cdp.send" method="Page.addScriptToEvaluateOnNewDocument" timeout=5 params=["source"]
2026-10-06T17:01:33.444060+00:00 [Dummy-14] thread="Dummy-14" event="cdp.result" method="Page.addScriptToEvaluateOnNewDocument" seconds=0.0 keys=["identifier"]
2026-10-06T17:01:33.444060+00:00 [Dummy-14] thread="Dummy-14" event="cdp.send" method="Runtime.evaluate" timeout=5 params=["awaitPromise", "expression", "generatePreview", "returnByValue", "userGesture"]
2026-10-06T17:01:33.447060+00:00 [Dummy-14] thread="Dummy-14" event="cdp.result" method="Runtime.evaluate" seconds=0.015 keys=["result"]
2026-10-06T17:01:33.447060+00:00 [Dummy-14] thread="Dummy-14" event="browser.consent_installed"
2026-10-06T17:01:33.447060+00:00 [Dummy-14] thread="Dummy-14" event="cdp.send" method="Runtime.evaluate" timeout=5 params=["awaitPromise", "expression", "generatePreview", "returnByValue", "userGesture"]
2026-10-06T17:01:33.448060+00:00 [Dummy-14] thread="Dummy-14" event="cdp.result" method="Runtime.evaluate" seconds=0.0 keys=["result"]
2026-10-06T17:01:33.448060+00:00 [Dummy-14] thread="Dummy-14" event="cdp.send" method="Target.getBrowserContexts" timeout=5 params=[]
2026-10-06T17:01:33.448060+00:00 [Dummy-14] thread="Dummy-14" event="cdp.result" method="Target.getBrowserContexts" seconds=0.0 keys=["browserContextIds", "defaultBrowserContextId"]
2026-10-06T17:01:33.448060+00:00 [Dummy-14] thread="Dummy-14" event="cdp.send" method="Browser.grantPermissions" timeout=5 params=["origin", "permissions"]
2026-10-06T17:01:33.449059+00:00 [Dummy-14] thread="Dummy-14" event="cdp.result" method="Browser.grantPermissions" seconds=0.0 keys=[]
2026-10-06T17:01:33.449059+00:00 [Dummy-14] thread="Dummy-14" event="cdp.send" method="Browser.grantPermissions" timeout=5 params=["origin", "permissions"]
2026-10-06T17:01:33.449059+00:00 [Dummy-14] thread="Dummy-14" event="cdp.result" method="Browser.grantPermissions" seconds=0.0 keys=[]
2026-10-06T17:01:33.449059+00:00 [Dummy-14] thread="Dummy-14" event="cdp.send" method="Browser.grantPermissions" timeout=5 params=["origin", "permissions"]
2026-10-06T17:01:33.450057+00:00 [Dummy-14] thread="Dummy-14" event="cdp.result" method="Browser.grantPermissions" seconds=0.0 keys=[]
2026-10-06T17:01:33.450057+00:00 [Dummy-14] thread="Dummy-14" event="cdp.send" method="Browser.grantPermissions" timeout=5 params=["origin", "permissions"]
2026-10-06T17:01:33.450057+00:00 [Dummy-14] thread="Dummy-14" event="cdp.result" method="Browser.grantPermissions" seconds=0.0 keys=[]
2026-10-06T17:01:33.450057+00:00 [Dummy-14] thread="Dummy-14" event="cdp.send" method="Runtime.evaluate" timeout=3 params=["awaitPromise", "expression", "generatePreview", "returnByValue", "userGesture"]
2026-10-06T17:01:33.451057+00:00 [Dummy-14] thread="Dummy-14" event="cdp.result" method="Runtime.evaluate" seconds=0.0 keys=["result"]
2026-10-06T17:01:33.452057+00:00 [Dummy-14] thread="Dummy-14" event="page.surface" verdict="blank" ready="complete" composer=0 files=0 chips=0 dark=false bg="rgba(0, 0, 0, 0)" scheme="normal" account=false pending=0 bodyChildren=0 lang="ru-RU" host="" path="<other>"
2026-10-06T17:01:33.452057+00:00 [Dummy-14] thread="Dummy-14" event="page.theme_probe" bg="rgba(0, 0, 0, 0)" scheme="normal" dark=true verdict="blank"
2026-10-06T17:01:33.452057+00:00 [Dummy-14] thread="Dummy-14" event="warn.dark_theme_measured" repair=1 bg="rgba(0, 0, 0, 0)"
2026-10-06T17:01:33.452057+00:00 [Dummy-14] thread="Dummy-14" event="cdp.send" method="Emulation.setLocaleOverride" timeout=4 params=["locale"]
2026-10-06T17:01:33.452057+00:00 [Dummy-14] thread="Dummy-14" event="cdp.result" method="Emulation.setLocaleOverride" seconds=0.0 keys=[]
2026-10-06T17:01:33.452057+00:00 [Dummy-14] thread="Dummy-14" event="cdp.send" method="Emulation.setAutoDarkModeOverride" timeout=4 params=["enabled"]
2026-10-06T17:01:33.453058+00:00 [Dummy-14] thread="Dummy-14" event="cdp.result" method="Emulation.setAutoDarkModeOverride" seconds=0.0 keys=[]
2026-10-06T17:01:33.453058+00:00 [Dummy-14] thread="Dummy-14" event="cdp.send" method="Emulation.setEmulatedMedia" timeout=4 params=["features"]
2026-10-06T17:01:33.453058+00:00 [Dummy-14] thread="Dummy-14" event="cdp.result" method="Emulation.setEmulatedMedia" seconds=0.0 keys=[]
2026-10-06T17:01:33.453058+00:00 [Dummy-14] thread="Dummy-14" event="cdp.send" method="Emulation.setAutoDarkModeOverride" timeout=4 params=["enabled"]
2026-10-06T17:01:33.454057+00:00 [Dummy-14] thread="Dummy-14" event="cdp.result" method="Emulation.setAutoDarkModeOverride" seconds=0.0 keys=[]
2026-10-06T17:01:33.454057+00:00 [Dummy-14] thread="Dummy-14" event="cdp.send" method="Runtime.evaluate" timeout=5 params=["awaitPromise", "expression", "generatePreview", "returnByValue", "userGesture"]
2026-10-06T17:01:33.454057+00:00 [Dummy-14] thread="Dummy-14" event="cdp.result" method="Runtime.evaluate" seconds=0.0 keys=["result"]
2026-10-06T17:01:33.454057+00:00 [Dummy-14] thread="Dummy-14" event="cdp.send" method="Runtime.evaluate" timeout=3 params=["awaitPromise", "expression", "generatePreview", "returnByValue", "userGesture"]
2026-10-06T17:01:33.455059+00:00 [Dummy-14] thread="Dummy-14" event="cdp.result" method="Runtime.evaluate" seconds=0.0 keys=["result"]
2026-10-06T17:01:33.455059+00:00 [Dummy-14] thread="Dummy-14" event="page.surface" verdict="blank" ready="complete" composer=0 files=0 chips=0 dark=false bg="rgba(0, 0, 0, 0)" scheme="light" account=false pending=0 bodyChildren=0 lang="ru-RU" host="" path="<other>"
2026-10-06T17:01:33.455059+00:00 [Dummy-14] thread="Dummy-14" event="page.theme_probe" bg="rgba(0, 0, 0, 0)" scheme="light" dark=true verdict="blank"
2026-10-06T17:01:33.455059+00:00 [Dummy-14] thread="Dummy-14" event="warn.dark_theme_measured" repair=2 bg="rgba(0, 0, 0, 0)"
2026-10-06T17:01:33.455059+00:00 [Dummy-14] thread="Dummy-14" event="cdp.send" method="Emulation.setLocaleOverride" timeout=4 params=["locale"]
2026-10-06T17:01:33.456061+00:00 [Dummy-14] thread="Dummy-14" event="cdp.result" method="Emulation.setLocaleOverride" seconds=0.0 keys=[]
2026-10-06T17:01:33.456061+00:00 [Dummy-14] thread="Dummy-14" event="cdp.send" method="Emulation.setAutoDarkModeOverride" timeout=4 params=["enabled"]
2026-10-06T17:01:33.456061+00:00 [Dummy-14] thread="Dummy-14" event="cdp.result" method="Emulation.setAutoDarkModeOverride" seconds=0.0 keys=[]
2026-10-06T17:01:33.456061+00:00 [Dummy-14] thread="Dummy-14" event="cdp.send" method="Emulation.setEmulatedMedia" timeout=4 params=["features"]
2026-10-06T17:01:33.457059+00:00 [Dummy-14] thread="Dummy-14" event="cdp.result" method="Emulation.setEmulatedMedia" seconds=0.0 keys=[]
2026-10-06T17:01:33.457059+00:00 [Dummy-14] thread="Dummy-14" event="cdp.send" method="Emulation.setAutoDarkModeOverride" timeout=4 params=["enabled"]
2026-10-06T17:01:33.457059+00:00 [Dummy-14] thread="Dummy-14" event="cdp.result" method="Emulation.setAutoDarkModeOverride" seconds=0.0 keys=[]
2026-10-06T17:01:33.457059+00:00 [Dummy-14] thread="Dummy-14" event="cdp.send" method="Runtime.evaluate" timeout=5 params=["awaitPromise", "expression", "generatePreview", "returnByValue", "userGesture"]
2026-10-06T17:01:33.458057+00:00 [Dummy-14] thread="Dummy-14" event="cdp.result" method="Runtime.evaluate" seconds=0.0 keys=["result"]
2026-10-06T17:01:33.458057+00:00 [Dummy-14] thread="Dummy-14" event="cdp.send" method="Runtime.evaluate" timeout=3 params=["awaitPromise", "expression", "generatePreview", "returnByValue", "userGesture"]
2026-10-06T17:01:33.458057+00:00 [Dummy-14] thread="Dummy-14" event="cdp.result" method="Runtime.evaluate" seconds=0.0 keys=["result"]
2026-10-06T17:01:33.458057+00:00 [Dummy-14] thread="Dummy-14" event="page.surface" verdict="blank" ready="complete" composer=0 files=0 chips=0 dark=false bg="rgba(0, 0, 0, 0)" scheme="light" account=false pending=0 bodyChildren=0 lang="ru-RU" host="" path="<other>"
2026-10-06T17:01:33.458057+00:00 [Dummy-14] thread="Dummy-14" event="page.theme_probe" bg="rgba(0, 0, 0, 0)" scheme="light" dark=true verdict="blank"
2026-10-06T17:01:33.458057+00:00 [Dummy-14] thread="Dummy-14" event="warn.dark_theme_measured" repair=3 bg="rgba(0, 0, 0, 0)"
2026-10-06T17:01:33.458057+00:00 [Dummy-14] thread="Dummy-14" event="cdp.send" method="Emulation.setLocaleOverride" timeout=4 params=["locale"]
2026-10-06T17:01:33.459059+00:00 [Dummy-14] thread="Dummy-14" event="cdp.result" method="Emulation.setLocaleOverride" seconds=0.0 keys=[]
2026-10-06T17:01:33.459059+00:00 [Dummy-14] thread="Dummy-14" event="cdp.send" method="Emulation.setAutoDarkModeOverride" timeout=4 params=["enabled"]
2026-10-06T17:01:33.459059+00:00 [Dummy-14] thread="Dummy-14" event="cdp.result" method="Emulation.setAutoDarkModeOverride" seconds=0.0 keys=[]
2026-10-06T17:01:33.459059+00:00 [Dummy-14] thread="Dummy-14" event="cdp.send" method="Emulation.setEmulatedMedia" timeout=4 params=["features"]
2026-10-06T17:01:33.460058+00:00 [Dummy-14] thread="Dummy-14" event="cdp.result" method="Emulation.setEmulatedMedia" seconds=0.016 keys=[]
2026-10-06T17:01:33.460058+00:00 [Dummy-14] thread="Dummy-14" event="cdp.send" method="Emulation.setAutoDarkModeOverride" timeout=4 params=["enabled"]
2026-10-06T17:01:33.460058+00:00 [Dummy-14] thread="Dummy-14" event="cdp.result" method="Emulation.setAutoDarkModeOverride" seconds=0.0 keys=[]
2026-10-06T17:01:33.460058+00:00 [Dummy-14] thread="Dummy-14" event="cdp.send" method="Runtime.evaluate" timeout=5 params=["awaitPromise", "expression", "generatePreview", "returnByValue", "userGesture"]
2026-10-06T17:01:33.461059+00:00 [Dummy-14] thread="Dummy-14" event="cdp.result" method="Runtime.evaluate" seconds=0.0 keys=["result"]
2026-10-06T17:01:33.461059+00:00 [Dummy-14] thread="Dummy-14" event="cdp.send" method="Runtime.evaluate" timeout=3 params=["awaitPromise", "expression", "generatePreview", "returnByValue", "userGesture"]
2026-10-06T17:01:33.461059+00:00 [Dummy-14] thread="Dummy-14" event="cdp.result" method="Runtime.evaluate" seconds=0.0 keys=["result"]
2026-10-06T17:01:33.461059+00:00 [Dummy-14] thread="Dummy-14" event="page.surface" verdict="blank" ready="complete" composer=0 files=0 chips=0 dark=false bg="rgba(0, 0, 0, 0)" scheme="light" account=false pending=0 bodyChildren=0 lang="ru-RU" host="" path="<other>"
2026-10-06T17:01:33.461059+00:00 [Dummy-14] thread="Dummy-14" event="page.theme_probe" bg="rgba(0, 0, 0, 0)" scheme="light" dark=true verdict="blank"
2026-10-06T17:01:33.461059+00:00 [Dummy-14] thread="Dummy-14" event="warn.dark_theme_measured" repair=4 bg="rgba(0, 0, 0, 0)"
2026-10-06T17:01:33.461059+00:00 [Dummy-14] thread="Dummy-14" event="cdp.send" method="Emulation.setLocaleOverride" timeout=4 params=["locale"]
2026-10-06T17:01:33.462059+00:00 [Dummy-14] thread="Dummy-14" event="cdp.result" method="Emulation.setLocaleOverride" seconds=0.0 keys=[]
2026-10-06T17:01:33.462059+00:00 [Dummy-14] thread="Dummy-14" event="cdp.send" method="Emulation.setAutoDarkModeOverride" timeout=4 params=["enabled"]
2026-10-06T17:01:33.462059+00:00 [Dummy-14] thread="Dummy-14" event="cdp.result" method="Emulation.setAutoDarkModeOverride" seconds=0.0 keys=[]
2026-10-06T17:01:33.462059+00:00 [Dummy-14] thread="Dummy-14" event="cdp.send" method="Emulation.setEmulatedMedia" timeout=4 params=["features"]
2026-10-06T17:01:33.463060+00:00 [Dummy-14] thread="Dummy-14" event="cdp.result" method="Emulation.setEmulatedMedia" seconds=0.0 keys=[]
2026-10-06T17:01:33.463060+00:00 [Dummy-14] thread="Dummy-14" event="cdp.send" method="Emulation.setAutoDarkModeOverride" timeout=4 params=["enabled"]
2026-10-06T17:01:33.463060+00:00 [Dummy-14] thread="Dummy-14" event="cdp.result" method="Emulation.setAutoDarkModeOverride" seconds=0.0 keys=[]
2026-10-06T17:01:33.463060+00:00 [Dummy-14] thread="Dummy-14" event="cdp.send" method="Runtime.evaluate" timeout=5 params=["awaitPromise", "expression", "generatePreview", "returnByValue", "userGesture"]
2026-10-06T17:01:33.463060+00:00 [Dummy-14] thread="Dummy-14" event="cdp.result" method="Runtime.evaluate" seconds=0.0 keys=["result"]
2026-10-06T17:01:33.463060+00:00 [Dummy-14] thread="Dummy-14" event="cdp.send" method="Runtime.evaluate" timeout=3 params=["awaitPromise", "expression", "generatePreview", "returnByValue", "userGesture"]
2026-10-06T17:01:33.464057+00:00 [Dummy-14] thread="Dummy-14" event="cdp.result" method="Runtime.evaluate" seconds=0.0 keys=["result"]
2026-10-06T17:01:33.464057+00:00 [Dummy-14] thread="Dummy-14" event="page.surface" verdict="blank" ready="complete" composer=0 files=0 chips=0 dark=false bg="rgba(0, 0, 0, 0)" scheme="light" account=false pending=0 bodyChildren=0 lang="ru-RU" host="" path="<other>"
2026-10-06T17:01:33.464057+00:00 [Dummy-14] thread="Dummy-14" event="page.wait" round=5 left=90.0 verdict="blank" ready="complete" composer=0 stable=0 pending=0
2026-10-06T17:01:33.641060+00:00 [MainThread] thread="MainThread" event="trace.begin" name="NativeHost.hide_taskbar" args=1 kwargs=0
2026-10-06T17:01:33.691060+00:00 [MainThread] thread="MainThread" event="win32.taskbar_hidden" hwnd=132878 style=true delete_tab=false
2026-10-06T17:01:33.693058+00:00 [MainThread] thread="MainThread" event="trace.end" name="NativeHost.hide_taskbar" seconds=0.047
2026-10-06T17:01:33.844059+00:00 [MainThread] thread="MainThread" event="win32.sync" hwnd=132878 wanted=[-10, -24, 453, 735] ok=true error=0 actual={"hwnd": 132878, "pid": 18712, "visible": true, "rect": [2081, 308, 2534, 1043], "style": 1442840576, "exstyle": 128, "p…
2026-10-06T17:01:33.965060+00:00 [Dummy-14] thread="Dummy-14" event="cdp.send" method="Runtime.evaluate" timeout=3 params=["awaitPromise", "expression", "generatePreview", "returnByValue", "userGesture"]
2026-10-06T17:01:33.966060+00:00 [Dummy-14] thread="Dummy-14" event="cdp.result" method="Runtime.evaluate" seconds=0.0 keys=["result"]
2026-10-06T17:01:33.966060+00:00 [Dummy-14] thread="Dummy-14" event="page.surface" verdict="ai_mode" ready="loading" composer=4 files=0 chips=0 dark=false bg="rgb(255, 255, 255)" scheme="normal" account=false pending=2 bodyChildren=9 lang="ru-RU" host="www.google.com" path="/search"
2026-10-06T17:01:34.141059+00:00 [MainThread] thread="MainThread" event="trace.begin" name="NativeHost.hide_taskbar" args=1 kwargs=0
2026-10-06T17:01:34.206058+00:00 [MainThread] thread="MainThread" event="win32.taskbar_hidden" hwnd=132878 style=true delete_tab=false
2026-10-06T17:01:34.207059+00:00 [MainThread] thread="MainThread" event="trace.end" name="NativeHost.hide_taskbar" seconds=0.062
2026-10-06T17:01:34.467058+00:00 [Dummy-14] thread="Dummy-14" event="cdp.send" method="Runtime.evaluate" timeout=3 params=["awaitPromise", "expression", "generatePreview", "returnByValue", "userGesture"]
2026-10-06T17:01:34.472059+00:00 [Dummy-14] thread="Dummy-14" event="cdp.result" method="Runtime.evaluate" seconds=0.0 keys=["result"]
2026-10-06T17:01:34.472059+00:00 [Dummy-14] thread="Dummy-14" event="page.surface" verdict="ai_mode" ready="interactive" composer=4 files=0 chips=0 dark=false bg="rgb(255, 255, 255)" scheme="normal" account=false pending=22 bodyChildren=38 lang="ru-RU" host="www.google.com" path="/search"
2026-10-06T17:01:34.472059+00:00 [Dummy-14] thread="Dummy-14" event="page.wait" round=7 left=89.0 verdict="ai_mode" ready="interactive" composer=4 stable=0 pending=22
2026-10-06T17:01:34.541061+00:00 [MainThread] thread="MainThread" event="trace.begin" name="NativeHost.hide_taskbar" args=1 kwargs=0
2026-10-06T17:01:34.618060+00:00 [MainThread] thread="MainThread" event="win32.taskbar_hidden" hwnd=132878 style=true delete_tab=false
2026-10-06T17:01:34.621060+00:00 [MainThread] thread="MainThread" event="trace.end" name="NativeHost.hide_taskbar" seconds=0.078
2026-10-06T17:01:34.637059+00:00 [MainThread] thread="MainThread" event="win32.sync" hwnd=132878 wanted=[-10, -24, 453, 735] ok=true error=0 actual={"hwnd": 132878, "pid": 18712, "visible": true, "rect": [2081, 308, 2534, 1043], "style": 1442840576, "exstyle": 128, "p…
2026-10-06T17:01:34.841059+00:00 [MainThread] thread="MainThread" event="trace.begin" name="NativeHost.hide_taskbar" args=1 kwargs=0
2026-10-06T17:01:34.899060+00:00 [MainThread] thread="MainThread" event="win32.taskbar_hidden" hwnd=132878 style=true delete_tab=false
2026-10-06T17:01:34.900058+00:00 [MainThread] thread="MainThread" event="trace.end" name="NativeHost.hide_taskbar" seconds=0.062
2026-10-06T17:01:34.964062+00:00 [MainThread] thread="MainThread" event="win32.sync" hwnd=132878 wanted=[-10, -24, 453, 735] ok=true error=0 actual={"hwnd": 132878, "pid": 18712, "visible": true, "rect": [1975, 341, 2428, 1076], "style": 1442840576, "exstyle": 128, "p…
2026-10-06T17:01:34.973059+00:00 [Dummy-14] thread="Dummy-14" event="cdp.send" method="Runtime.evaluate" timeout=3 params=["awaitPromise", "expression", "generatePreview", "returnByValue", "userGesture"]
2026-10-06T17:01:34.979061+00:00 [Dummy-14] thread="Dummy-14" event="cdp.result" method="Runtime.evaluate" seconds=0.016 keys=["result"]
2026-10-06T17:01:34.979061+00:00 [Dummy-14] thread="Dummy-14" event="page.surface" verdict="ai_mode" ready="complete" composer=4 files=0 chips=0 dark=false bg="rgb(255, 255, 255)" scheme="normal" account=false pending=44 bodyChildren=56 lang="ru-RU" host="www.google.com" path="/search"
2026-10-06T17:01:35.480057+00:00 [Dummy-14] thread="Dummy-14" event="cdp.send" method="Runtime.evaluate" timeout=3 params=["awaitPromise", "expression", "generatePreview", "returnByValue", "userGesture"]
2026-10-06T17:01:35.481058+00:00 [Dummy-14] thread="Dummy-14" event="cdp.result" method="Runtime.evaluate" seconds=0.0 keys=["result"]
2026-10-06T17:01:35.481058+00:00 [Dummy-14] thread="Dummy-14" event="page.ready" rounds=9 verdict="ai_mode" theme_repairs=4
2026-10-06T17:01:35.481058+00:00 [Dummy-14] thread="Dummy-14" event="state.set" key="page.verdict" value="ai_mode"
2026-10-06T17:01:35.481058+00:00 [Dummy-14] thread="Dummy-14" event="state.set" key="page.ready" value=true
2026-10-06T17:01:35.481058+00:00 [Dummy-14] thread="Dummy-14" event="state.set" key="page.blocked" value=""
2026-10-06T17:01:35.481058+00:00 [Dummy-14] thread="Dummy-14" event="cdp.send" method="Page.addScriptToEvaluateOnNewDocument" timeout=5 params=["source"]
2026-10-06T17:01:35.481058+00:00 [Dummy-14] thread="Dummy-14" event="cdp.result" method="Page.addScriptToEvaluateOnNewDocument" seconds=0.0 keys=["identifier"]
2026-10-06T17:01:35.481058+00:00 [Dummy-14] thread="Dummy-14" event="cdp.send" method="Page.addScriptToEvaluateOnNewDocument" timeout=5 params=["source"]
2026-10-06T17:01:35.482061+00:00 [Dummy-14] thread="Dummy-14" event="cdp.result" method="Page.addScriptToEvaluateOnNewDocument" seconds=0.0 keys=["identifier"]
2026-10-06T17:01:35.482061+00:00 [Dummy-14] thread="Dummy-14" event="cdp.send" method="Page.addScriptToEvaluateOnNewDocument" timeout=5 params=["source"]
2026-10-06T17:01:35.482061+00:00 [Dummy-14] thread="Dummy-14" event="cdp.result" method="Page.addScriptToEvaluateOnNewDocument" seconds=0.0 keys=["identifier"]
2026-10-06T17:01:35.482061+00:00 [Dummy-14] thread="Dummy-14" event="cdp.send" method="Page.addScriptToEvaluateOnNewDocument" timeout=5 params=["source"]
2026-10-06T17:01:35.483061+00:00 [Dummy-14] thread="Dummy-14" event="cdp.result" method="Page.addScriptToEvaluateOnNewDocument" seconds=0.0 keys=["identifier"]
2026-10-06T17:01:35.483061+00:00 [Dummy-14] thread="Dummy-14" event="cdp.send" method="Page.addScriptToEvaluateOnNewDocument" timeout=5 params=["source"]
2026-10-06T17:01:35.483061+00:00 [Dummy-14] thread="Dummy-14" event="cdp.result" method="Page.addScriptToEvaluateOnNewDocument" seconds=0.0 keys=["identifier"]
2026-10-06T17:01:35.483061+00:00 [Dummy-14] thread="Dummy-14" event="cdp.send" method="Page.enable" timeout=5 params=[]
2026-10-06T17:01:35.484063+00:00 [Dummy-14] thread="Dummy-14" event="cdp.result" method="Page.enable" seconds=0.0 keys=[]
2026-10-06T17:01:35.484063+00:00 [Dummy-14] thread="Dummy-14" event="cdp.send" method="Emulation.setLocaleOverride" timeout=4 params=["locale"]
2026-10-06T17:01:35.485059+00:00 [Dummy-14] thread="Dummy-14" event="cdp.result" method="Emulation.setLocaleOverride" seconds=0.0 keys=[]
2026-10-06T17:01:35.485059+00:00 [Dummy-14] thread="Dummy-14" event="cdp.send" method="Emulation.setAutoDarkModeOverride" timeout=4 params=["enabled"]
2026-10-06T17:01:35.485059+00:00 [Dummy-14] thread="Dummy-14" event="cdp.result" method="Emulation.setAutoDarkModeOverride" seconds=0.0 keys=[]
2026-10-06T17:01:35.485059+00:00 [Dummy-14] thread="Dummy-14" event="cdp.send" method="Emulation.setEmulatedMedia" timeout=4 params=["features"]
2026-10-06T17:01:35.486062+00:00 [Dummy-14] thread="Dummy-14" event="cdp.result" method="Emulation.setEmulatedMedia" seconds=0.0 keys=[]
2026-10-06T17:01:35.486062+00:00 [Dummy-14] thread="Dummy-14" event="page.language_theme" locale="ru-RU" auto_dark=false color_scheme="light"
2026-10-06T17:01:35.486062+00:00 [Dummy-14] thread="Dummy-14" event="cdp.send" method="Runtime.evaluate" timeout=5 params=["awaitPromise", "expression", "generatePreview", "returnByValue", "userGesture"]
2026-10-06T17:01:35.486062+00:00 [Dummy-14] thread="Dummy-14" event="cdp.result" method="Runtime.evaluate" seconds=0.0 keys=["result"]
2026-10-06T17:01:35.486062+00:00 [Dummy-14] thread="Dummy-14" event="cdp.send" method="Runtime.evaluate" timeout=5 params=["awaitPromise", "expression", "generatePreview", "returnByValue", "userGesture"]
2026-10-06T17:01:35.487062+00:00 [Dummy-14] thread="Dummy-14" event="cdp.result" method="Runtime.evaluate" seconds=0.0 keys=["result"]
2026-10-06T17:01:35.487062+00:00 [Dummy-14] thread="Dummy-14" event="cdp.send" method="Runtime.evaluate" timeout=5 params=["awaitPromise", "expression", "generatePreview", "returnByValue", "userGesture"]
2026-10-06T17:01:35.488061+00:00 [Dummy-14] thread="Dummy-14" event="cdp.result" method="Runtime.evaluate" seconds=0.0 keys=["result"]
2026-10-06T17:01:35.488061+00:00 [Dummy-14] thread="Dummy-14" event="cdp.send" method="Runtime.evaluate" timeout=5 params=["awaitPromise", "expression", "generatePreview", "returnByValue", "userGesture"]
2026-10-06T17:01:35.488061+00:00 [Dummy-14] thread="Dummy-14" event="cdp.result" method="Runtime.evaluate" seconds=0.0 keys=["result"]
2026-10-06T17:01:35.489062+00:00 [Dummy-14] thread="Dummy-14" event="cdp.send" method="Runtime.evaluate" timeout=5 params=["awaitPromise", "expression", "generatePreview", "returnByValue", "userGesture"]
2026-10-06T17:01:35.491062+00:00 [Dummy-14] thread="Dummy-14" event="cdp.result" method="Runtime.evaluate" seconds=0.015 keys=["result"]
2026-10-06T17:01:35.491062+00:00 [Dummy-14] thread="Dummy-14" event="cdp.send" method="Runtime.evaluate" timeout=3 params=["awaitPromise", "expression", "generatePreview", "returnByValue", "userGesture"]
2026-10-06T17:01:35.497058+00:00 [Dummy-14] thread="Dummy-14" event="cdp.result" method="Runtime.evaluate" seconds=0.0 keys=["result"]
2026-10-06T17:01:35.497058+00:00 [Dummy-14] thread="Dummy-14" event="browser.zoom" source="native" ok=true css=[658, 1091] logical=[439, 728] physical=[439, 728] zoom=0.6672 overflow=0 innerWidth=658 innerHeight=1047 dpr=0.6666666865348816 scrollWidth=636
2026-10-06T17:01:35.498059+00:00 [Dummy-14] thread="Dummy-14" event="webengine.zoom_applied" source="native" logical=[439, 728] physical=[439, 728]
2026-10-06T17:01:35.498059+00:00 [Dummy-14] thread="Dummy-14" event="cdp.send" method="Runtime.evaluate" timeout=5 params=["awaitPromise", "expression", "generatePreview", "returnByValue", "userGesture"]
2026-10-06T17:01:35.499060+00:00 [Dummy-14] thread="Dummy-14" event="cdp.result" method="Runtime.evaluate" seconds=0.0 keys=["result"]
2026-10-06T17:01:35.499060+00:00 [Dummy-14] thread="Dummy-14" event="cdp.send" method="Target.getBrowserContexts" timeout=5 params=[]
2026-10-06T17:01:35.499060+00:00 [Dummy-14] thread="Dummy-14" event="cdp.result" method="Target.getBrowserContexts" seconds=0.0 keys=["browserContextIds", "defaultBrowserContextId"]
2026-10-06T17:01:35.499060+00:00 [Dummy-14] thread="Dummy-14" event="cdp.send" method="Browser.grantPermissions" timeout=5 params=["origin", "permissions"]
2026-10-06T17:01:35.500058+00:00 [Dummy-14] thread="Dummy-14" event="cdp.result" method="Browser.grantPermissions" seconds=0.0 keys=[]
2026-10-06T17:01:35.500058+00:00 [Dummy-14] thread="Dummy-14" event="cdp.send" method="Browser.grantPermissions" timeout=5 params=["origin", "permissions"]
2026-10-06T17:01:35.500058+00:00 [Dummy-14] thread="Dummy-14" event="cdp.result" method="Browser.grantPermissions" seconds=0.0 keys=[]
2026-10-06T17:01:35.500058+00:00 [Dummy-14] thread="Dummy-14" event="cdp.send" method="Browser.grantPermissions" timeout=5 params=["origin", "permissions"]
2026-10-06T17:01:35.501059+00:00 [Dummy-14] thread="Dummy-14" event="cdp.result" method="Browser.grantPermissions" seconds=0.0 keys=[]
2026-10-06T17:01:35.501059+00:00 [Dummy-14] thread="Dummy-14" event="cdp.send" method="Browser.grantPermissions" timeout=5 params=["origin", "permissions"]
2026-10-06T17:01:35.501059+00:00 [Dummy-14] thread="Dummy-14" event="cdp.result" method="Browser.grantPermissions" seconds=0.0 keys=[]
2026-10-06T17:01:35.501059+00:00 [Dummy-14] thread="Dummy-14" event="cdp.send" method="Browser.setPermission" timeout=5 params=["origin", "permission", "setting"]
2026-10-06T17:01:35.502057+00:00 [Dummy-14] thread="Dummy-14" event="cdp.protocol_error" method="Browser.setPermission" code=-32602 text="Invalid PermissionDescriptor name: audioCapture" params=["origin", "permission", "setting"]
2026-10-06T17:01:35.504061+00:00 [Dummy-14] thread="Dummy-14" event="exception" where="CDP.send:Browser.setPermission" occurrence=1 type="RuntimeError" errno=null winerror=null frames=[{"file": "main.py", "line": 661, "function": "send"}]
2026-10-06T17:01:35.504061+00:00 [Dummy-14] thread="Dummy-14" event="browser.set_permission_unsupported"
2026-10-06T17:01:35.505060+00:00 [Dummy-14] thread="Dummy-14" event="exception" where="native_browser.set_permission" occurrence=1 type="RuntimeError" errno=null winerror=null frames=[{"file": "native_browser.py", "line": 1198, "function": "grant_microphone"}, {"file": "main.py", "line": 661, "function…
2026-10-06T17:01:35.505060+00:00 [Dummy-14] thread="Dummy-14" event="cdp.send" method="Runtime.evaluate" timeout=5 params=["awaitPromise", "expression", "generatePreview", "returnByValue", "userGesture"]
2026-10-06T17:01:35.506061+00:00 [Dummy-14] thread="Dummy-14" event="cdp.result" method="Runtime.evaluate" seconds=0.0 keys=["result"]
2026-10-06T17:01:35.506061+00:00 [Dummy-14] thread="Dummy-14" event="browser.mic_granted" origins=["https://www.google.com", "https://gemini.google.com", "https://aistudio.google.com", "https://google.com"] context=false state="granted" set_permission_used=false
2026-10-06T17:01:35.506061+00:00 [Dummy-14] thread="Dummy-14" event="webengine.chat_ready" ready=true verdict="ai_mode" blocked="" rounds=9 theme_repairs=4
2026-10-06T17:01:35.506061+00:00 [Dummy-14] thread="Dummy-14" event="trace.end" name="ChromeWorker.run" seconds=2.156
2026-10-06T17:01:35.506061+00:00 [MainThread] thread="MainThread" event="stage.begin" name="MainWindow._on_hwnd"
2026-10-06T17:01:35.506061+00:00 [MainThread] thread="MainThread" event="trace.begin" name="MainWindow._on_hwnd" args=2 kwargs=0
2026-10-06T17:01:35.506061+00:00 [MainThread] thread="MainThread" event="cdp.send" method="Runtime.evaluate" timeout=5 params=["awaitPromise", "expression", "generatePreview", "returnByValue", "userGesture"]
2026-10-06T17:01:35.507061+00:00 [MainThread] thread="MainThread" event="cdp.result" method="Runtime.evaluate" seconds=0.016 keys=["result"]
2026-10-06T17:01:35.507061+00:00 [MainThread] thread="MainThread" event="browser.speech_surface" sr=true gum=true perm=true lang="ru-RU" langs="ru-RU,ru;q=0.9,en-US;q=0.8,en;q=0.7"
2026-10-06T17:01:35.508060+00:00 [MainThread] thread="MainThread" event="bt.chat.ready" verdict="ai_mode" blocked="" args="{'win_visible': True, 'win_min': False, 'win_geo': [1985, 365, 453, 735], 'dpr': 1.0, 'cover': True, 'settling': False,…
2026-10-06T17:01:35.508060+00:00 [PageSnapshot] thread="PageSnapshot" event="cdp.send" method="Runtime.evaluate" timeout=3 params=["awaitPromise", "expression", "generatePreview", "returnByValue", "userGesture"]
2026-10-06T17:01:35.510058+00:00 [MainThread] thread="MainThread" event="stage.begin" name="PromptLoaderWorker.__init__"
2026-10-06T17:01:35.510058+00:00 [MainThread] thread="MainThread" event="stage.end" name="PromptLoaderWorker.__init__" seconds=0.0
2026-10-06T17:01:35.511060+00:00 [MainThread] thread="MainThread" event="trace.end" name="MainWindow._on_hwnd" seconds=0.016
2026-10-06T17:01:35.511060+00:00 [MainThread] thread="MainThread" event="stage.end" name="MainWindow._on_hwnd" seconds=0.016
2026-10-06T17:01:35.514062+00:00 [Dummy-15] thread="Dummy-15" event="http.begin" method="head" host="legalyzeai.ru" path="/api/client/prompts"
2026-10-06T17:01:35.525059+00:00 [PageSnapshot] thread="PageSnapshot" event="cdp.result" method="Runtime.evaluate" seconds=0.015 keys=["result"]
2026-10-06T17:01:35.528058+00:00 [PageSnapshot] thread="PageSnapshot" event="cdp.send" method="Runtime.evaluate" timeout=4 params=["awaitPromise", "expression", "generatePreview", "returnByValue", "userGesture"]
2026-10-06T17:01:35.567061+00:00 [PageSnapshot] thread="PageSnapshot" event="cdp.result" method="Runtime.evaluate" seconds=0.032 keys=["result"]
2026-10-06T17:01:35.578061+00:00 [PageSnapshot] thread="PageSnapshot" event="cdp.send" method="Runtime.evaluate" timeout=0.6 params=["awaitPromise", "expression", "generatePreview", "returnByValue", "userGesture"]
2026-10-06T17:01:35.579059+00:00 [PageSnapshot] thread="PageSnapshot" event="cdp.result" method="Runtime.evaluate" seconds=0.0 keys=["result"]
2026-10-06T17:01:35.579059+00:00 [PageSnapshot] thread="PageSnapshot" event="cdp.send" method="Runtime.evaluate" timeout=5 params=["awaitPromise", "expression", "generatePreview", "returnByValue", "userGesture"]
2026-10-06T17:01:35.596062+00:00 [PageSnapshot] thread="PageSnapshot" event="cdp.result" method="Runtime.evaluate" seconds=0.016 keys=["result"]
2026-10-06T17:01:35.707058+00:00 [MainThread] thread="MainThread" event="win32.sync" hwnd=132878 wanted=[-10, -24, 453, 735] ok=true error=0 actual={"hwnd": 132878, "pid": 18712, "visible": true, "rect": [1975, 341, 2428, 1076], "style": 1442840576, "exstyle": 128, "p…
2026-10-06T17:01:35.844060+00:00 [MainThread] thread="MainThread" event="trace.begin" name="NativeHost.hide_taskbar" args=1 kwargs=0
2026-10-06T17:01:35.907062+00:00 [MainThread] thread="MainThread" event="win32.taskbar_hidden" hwnd=132878 style=true delete_tab=false
2026-10-06T17:01:35.909061+00:00 [MainThread] thread="MainThread" event="trace.end" name="NativeHost.hide_taskbar" seconds=0.062
2026-10-06T17:01:35.952058+00:00 [Dummy-15] thread="Dummy-15" event="http.end" method="head" host="legalyzeai.ru" path="/api/client/prompts" status=200 seconds=0.437
2026-10-06T17:01:35.960060+00:00 [Dummy-15] thread="Dummy-15" event="stage.begin" name="generate_hwid"
2026-10-06T17:01:35.960060+00:00 [Dummy-15] thread="Dummy-15" event="hwid.command.begin" executable="wmic"
2026-10-06T17:01:36.044060+00:00 [Dummy-15] thread="Dummy-15" event="hwid.command.end" executable="wmic" returncode=0 has_output=true
2026-10-06T17:01:36.044060+00:00 [Dummy-15] thread="Dummy-15" event="hwid.command.begin" executable="wmic"
2026-10-06T17:01:36.108057+00:00 [MainThread] thread="MainThread" event="win32.sync" hwnd=132878 wanted=[-10, -24, 453, 735] ok=true error=0 actual={"hwnd": 132878, "pid": 18712, "visible": true, "rect": [1975, 341, 2428, 1076], "style": 1442840576, "exstyle": 128, "p…
2026-10-06T17:01:36.188060+00:00 [Dummy-15] thread="Dummy-15" event="hwid.command.end" executable="wmic" returncode=0 has_output=true
2026-10-06T17:01:36.188060+00:00 [Dummy-15] thread="Dummy-15" event="stage.end" name="generate_hwid" seconds=0.219
2026-10-06T17:01:36.292061+00:00 [MainThread] thread="MainThread" event="prompt.prepared" success=true
2026-10-06T17:01:36.292061+00:00 [MainThread] thread="MainThread" event="stage.begin" name="UploadThread.__init__"
2026-10-06T17:01:36.292061+00:00 [MainThread] thread="MainThread" event="stage.end" name="UploadThread.__init__" seconds=0.0
2026-10-06T17:01:36.293061+00:00 [Dummy-20] thread="Dummy-20" event="cdp.send" method="Runtime.evaluate" timeout=2 params=["awaitPromise", "expression", "generatePreview", "returnByValue", "userGesture"]
2026-10-06T17:01:36.294060+00:00 [Dummy-20] thread="Dummy-20" event="cdp.result" method="Runtime.evaluate" seconds=0.0 keys=["result"]
2026-10-06T17:01:36.294060+00:00 [Dummy-20] thread="Dummy-20" event="upload.state" present=0 uploading=false probe_ok=true pdf_exists=true template_exists=true attempts_failed=0
2026-10-06T17:01:36.294060+00:00 [Dummy-20] thread="Dummy-20" event="cdp.send" method="Runtime.evaluate" timeout=2 params=["awaitPromise", "expression", "generatePreview", "returnByValue", "userGesture"]
2026-10-06T17:01:36.295061+00:00 [Dummy-20] thread="Dummy-20" event="cdp.result" method="Runtime.evaluate" seconds=0.0 keys=["result"]
2026-10-06T17:01:36.295061+00:00 [Dummy-20] thread="Dummy-20" event="page.probe" category="google" ready="complete" bodyChildren=55 fileInputs=0 editors=2 frames=0 documentFocused=true activeEditable=true activeReadOnly=false activeDisabled=false
2026-10-06T17:01:36.368060+00:00 [Dummy-20] thread="Dummy-20" event="cdp.send" method="Runtime.evaluate" timeout=2 params=["awaitPromise", "expression", "generatePreview", "returnByValue", "userGesture"]
2026-10-06T17:01:36.369061+00:00 [Dummy-20] thread="Dummy-20" event="cdp.result" method="Runtime.evaluate" seconds=0.0 keys=["result"]
2026-10-06T17:01:36.378059+00:00 [Dummy-20] thread="Dummy-20" event="cdp.send" method="Runtime.evaluate" timeout=10 params=["awaitPromise", "expression", "generatePreview", "returnByValue", "userGesture"]
2026-10-06T17:01:36.501061+00:00 [Dummy-20] thread="Dummy-20" event="cdp.result" method="Runtime.evaluate" seconds=0.125 keys=["result"]
2026-10-06T17:01:36.502058+00:00 [Dummy-20] thread="Dummy-20" event="upload.attempt" kind="pdf" injected=true bytes=1900700 ms=125 empty_rounds=1 fails=0 name="Memphis.pdf"
2026-10-06T17:01:36.507058+00:00 [Dummy-20] thread="Dummy-20" event="cdp.send" method="Runtime.evaluate" timeout=3 params=["awaitPromise", "expression", "generatePreview", "returnByValue", "userGesture"]
2026-10-06T17:01:36.531059+00:00 [MainThread] thread="MainThread" event="main.snapshot" visible=true minimized=false geometry=[1985, 365, 453, 735] dpr=1.0 chrome_hwnd=132878 worker_running=false chromium_exit=null overlay_visible=false page_verdict="ai_mode" native_mode=true chat_ready=true cover_visible=false settling=false
2026-10-06T17:01:36.550060+00:00 [Dummy-20] thread="Dummy-20" event="cdp.result" method="Runtime.evaluate" seconds=0.031 keys=["result"]
2026-10-06T17:01:36.852062+00:00 [Dummy-20] thread="Dummy-20" event="cdp.send" method="Runtime.evaluate" timeout=2 params=["awaitPromise", "expression", "generatePreview", "returnByValue", "userGesture"]
2026-10-06T17:01:36.853061+00:00 [Dummy-20] thread="Dummy-20" event="cdp.result" method="Runtime.evaluate" seconds=0.0 keys=["result"]
2026-10-06T17:01:36.854060+00:00 [Dummy-20] thread="Dummy-20" event="cdp.send" method="Runtime.evaluate" timeout=10 params=["awaitPromise", "expression", "generatePreview", "returnByValue", "userGesture"]
2026-10-06T17:01:36.867059+00:00 [Dummy-20] thread="Dummy-20" event="cdp.result" method="Runtime.evaluate" seconds=0.015 keys=["result"]
2026-10-06T17:01:36.867059+00:00 [Dummy-20] thread="Dummy-20" event="upload.attempt" kind="template" injected=true bytes=155 ms=15 empty_rounds=1 fails=0 name="Шаблон.txt"
2026-10-06T17:01:36.867059+00:00 [Dummy-20] thread="Dummy-20" event="cdp.send" method="Runtime.evaluate" timeout=3 params=["awaitPromise", "expression", "generatePreview", "returnByValue", "userGesture"]
2026-10-06T17:01:36.869058+00:00 [Dummy-20] thread="Dummy-20" event="cdp.result" method="Runtime.evaluate" seconds=0.0 keys=["result"]
2026-10-06T17:01:37.023059+00:00 [MainThread] thread="MainThread" event="trace.begin" name="MainWindow._on_hotkey" args=2 kwargs=0
2026-10-06T17:01:37.023059+00:00 [MainThread] thread="MainThread" event="bt.hotkey.pressed" id=1 visible=true args="{'win_visible': True, 'win_min': False, 'win_geo': [1985, 365, 453, 735], 'dpr': 1.0, 'cover': False, 'settling': False…
2026-10-06T17:01:37.023059+00:00 [MainThread] thread="MainThread" event="stage.begin" name="MainWindow._toggle_visibility"
2026-10-06T17:01:37.023059+00:00 [MainThread] thread="MainThread" event="bt.hotkey.toggle.begin" action="hide" args="{'win_visible': True, 'win_min': False, 'win_geo': [1985, 365, 453, 735], 'dpr': 1.0, 'cover': False, 'settling': False…
2026-10-06T17:01:37.024059+00:00 [MainThread] thread="MainThread" event="win32.sync" hwnd=132878 wanted=[-10, -24, 453, 735] ok=true error=0 actual={"hwnd": 132878, "pid": 18712, "visible": true, "rect": [1975, 341, 2428, 1076], "style": 1442840576, "exstyle": 128, "p…
2026-10-06T17:01:37.071070+00:00 [MainThread] thread="MainThread" event="bt.window.hide" args="{'win_visible': False, 'win_min': False, 'win_geo': [1985, 365, 453, 735], 'dpr': 1.0, 'cover': False, 'settling': Fals…
2026-10-06T17:01:37.072146+00:00 [BrowserWatch:hide] thread="BrowserWatch:hide" event="cdp.send" method="Runtime.evaluate" timeout=0.6 params=["awaitPromise", "expression", "generatePreview", "returnByValue", "userGesture"]
2026-10-06T17:01:37.073072+00:00 [MainThread] thread="MainThread" event="bt.hotkey.toggle.end" action="hide" args="{'win_visible': False, 'win_min': False, 'win_geo': [1985, 365, 453, 735], 'dpr': 1.0, 'cover': False, 'settling': Fals…
2026-10-06T17:01:37.073072+00:00 [MainThread] thread="MainThread" event="stage.end" name="MainWindow._toggle_visibility" seconds=0.047
2026-10-06T17:01:37.073072+00:00 [MainThread] thread="MainThread" event="trace.end" name="MainWindow._on_hotkey" seconds=0.047
2026-10-06T17:01:37.074071+00:00 [BrowserWatch:hide] thread="BrowserWatch:hide" event="cdp.result" method="Runtime.evaluate" seconds=0.0 keys=["result"]
2026-10-06T17:01:37.074071+00:00 [Thread-21 (task)] thread="Thread-21 (task)" event="win32.sync_now" hwnd=132878 wanted=[-10, -24, 453, 735] ok=true error=0 actual={"hwnd": 132878, "pid": 18712, "visible": false, "rect": [1975, 341, 2428, 1076], "style": 1442840576, "exstyle": 128, "…
2026-10-06T17:01:37.093074+00:00 [MainThread] thread="MainThread" event="win32.sync" hwnd=132878 wanted=[-10, -24, 453, 735] ok=true error=0 actual={"hwnd": 132878, "pid": 18712, "visible": false, "rect": [1975, 341, 2428, 1076], "style": 1442840576, "exstyle": 128, "…
2026-10-06T17:01:37.230071+00:00 [BrowserWatch:hide] thread="BrowserWatch:hide" event="cdp.send" method="Runtime.evaluate" timeout=0.6 params=["awaitPromise", "expression", "generatePreview", "returnByValue", "userGesture"]
2026-10-06T17:01:37.231072+00:00 [BrowserWatch:hide] thread="BrowserWatch:hide" event="cdp.result" method="Runtime.evaluate" seconds=0.0 keys=["result"]
2026-10-06T17:01:37.339072+00:00 [MainThread] thread="MainThread" event="trace.begin" name="NativeHost.hide_taskbar" args=1 kwargs=0
2026-10-06T17:01:37.386072+00:00 [BrowserWatch:hide] thread="BrowserWatch:hide" event="cdp.send" method="Runtime.evaluate" timeout=0.6 params=["awaitPromise", "expression", "generatePreview", "returnByValue", "userGesture"]
2026-10-06T17:01:37.387071+00:00 [BrowserWatch:hide] thread="BrowserWatch:hide" event="cdp.result" method="Runtime.evaluate" seconds=0.0 keys=["result"]
2026-10-06T17:01:37.403070+00:00 [MainThread] thread="MainThread" event="win32.taskbar_hidden" hwnd=132878 style=true delete_tab=false
2026-10-06T17:01:37.405069+00:00 [MainThread] thread="MainThread" event="trace.end" name="NativeHost.hide_taskbar" seconds=0.062
2026-10-06T17:01:37.405069+00:00 [MainThread] thread="MainThread" event="trace.begin" name="NativeHost.hide_taskbar" args=1 kwargs=0
2026-10-06T17:01:37.470979+00:00 [Dummy-20] thread="Dummy-20" event="cdp.send" method="Runtime.evaluate" timeout=2 params=["awaitPromise", "expression", "generatePreview", "returnByValue", "userGesture"]
2026-10-06T17:01:37.471973+00:00 [Dummy-20] thread="Dummy-20" event="cdp.result" method="Runtime.evaluate" seconds=0.0 keys=["result"]
2026-10-06T17:01:37.472975+00:00 [MainThread] thread="MainThread" event="win32.taskbar_hidden" hwnd=132878 style=true delete_tab=false
2026-10-06T17:01:37.473976+00:00 [MainThread] thread="MainThread" event="trace.end" name="NativeHost.hide_taskbar" seconds=0.063
2026-10-06T17:01:37.473976+00:00 [MainThread] thread="MainThread" event="upload.attachments_confirmed" complete=true
2026-10-06T17:01:37.477976+00:00 [Dummy-20] thread="Dummy-20" event="cdp.send" method="Runtime.evaluate" timeout=3 params=["awaitPromise", "expression", "generatePreview", "returnByValue", "userGesture"]
2026-10-06T17:01:37.478976+00:00 [Dummy-20] thread="Dummy-20" event="cdp.result" method="Runtime.evaluate" seconds=0.0 keys=["result"]
2026-10-06T17:01:37.532975+00:00 [DiagnosticWatchdog] thread="DiagnosticWatchdog" event="gui.heartbeat" age_seconds=0.0
2026-10-06T17:01:37.539975+00:00 [BrowserWatch:hide] thread="BrowserWatch:hide" event="cdp.send" method="Runtime.evaluate" timeout=0.6 params=["awaitPromise", "expression", "generatePreview", "returnByValue", "userGesture"]
2026-10-06T17:01:37.540975+00:00 [BrowserWatch:hide] thread="BrowserWatch:hide" event="cdp.result" method="Runtime.evaluate" seconds=0.0 keys=["result"]
2026-10-06T17:01:37.630821+00:00 [Dummy-20] thread="Dummy-20" event="cdp.send" method="Runtime.evaluate" timeout=2 params=["awaitPromise", "expression", "generatePreview", "returnByValue", "userGesture"]
2026-10-06T17:01:37.631818+00:00 [Dummy-20] thread="Dummy-20" event="cdp.result" method="Runtime.evaluate" seconds=0.016 keys=["result"]
2026-10-06T17:01:37.636820+00:00 [Dummy-20] thread="Dummy-20" event="cdp.send" method="Runtime.evaluate" timeout=3 params=["awaitPromise", "expression", "generatePreview", "returnByValue", "userGesture"]
2026-10-06T17:01:37.637819+00:00 [Dummy-20] thread="Dummy-20" event="cdp.result" method="Runtime.evaluate" seconds=0.0 keys=["result"]
2026-10-06T17:01:37.694818+00:00 [BrowserWatch:hide] thread="BrowserWatch:hide" event="cdp.send" method="Runtime.evaluate" timeout=0.6 params=["awaitPromise", "expression", "generatePreview", "returnByValue", "userGesture"]
2026-10-06T17:01:37.695817+00:00 [BrowserWatch:hide] thread="BrowserWatch:hide" event="cdp.result" method="Runtime.evaluate" seconds=0.0 keys=["result"]
2026-10-06T17:01:37.788818+00:00 [Dummy-20] thread="Dummy-20" event="cdp.send" method="Runtime.evaluate" timeout=2 params=["awaitPromise", "expression", "generatePreview", "returnByValue", "userGesture"]
2026-10-06T17:01:37.789487+00:00 [Dummy-20] thread="Dummy-20" event="cdp.result" method="Runtime.evaluate" seconds=0.0 keys=["result"]
2026-10-06T17:01:37.795473+00:00 [Dummy-20] thread="Dummy-20" event="cdp.send" method="Runtime.evaluate" timeout=3 params=["awaitPromise", "expression", "generatePreview", "returnByValue", "userGesture"]
2026-10-06T17:01:37.795473+00:00 [Dummy-20] thread="Dummy-20" event="cdp.result" method="Runtime.evaluate" seconds=0.0 keys=["result"]
2026-10-06T17:01:37.850472+00:00 [BrowserWatch:hide] thread="BrowserWatch:hide" event="cdp.send" method="Runtime.evaluate" timeout=0.6 params=["awaitPromise", "expression", "generatePreview", "returnByValue", "userGesture"]
2026-10-06T17:01:37.851473+00:00 [BrowserWatch:hide] thread="BrowserWatch:hide" event="cdp.result" method="Runtime.evaluate" seconds=0.0 keys=["result"]
2026-10-06T17:01:37.946472+00:00 [MainThread] thread="MainThread" event="trace.begin" name="MainWindow._on_hotkey" args=2 kwargs=0
2026-10-06T17:01:37.946472+00:00 [MainThread] thread="MainThread" event="bt.hotkey.pressed" id=1 visible=false args="{'win_visible': False, 'win_min': False, 'win_geo': [1985, 365, 453, 735], 'dpr': 1.0, 'cover': False, 'settling': Fals…
2026-10-06T17:01:37.946472+00:00 [MainThread] thread="MainThread" event="stage.begin" name="MainWindow._toggle_visibility"
2026-10-06T17:01:37.946472+00:00 [MainThread] thread="MainThread" event="bt.hotkey.toggle.begin" action="show" args="{'win_visible': False, 'win_min': False, 'win_geo': [1985, 365, 453, 735], 'dpr': 1.0, 'cover': False, 'settling': Fals…
2026-10-06T17:01:37.947472+00:00 [Dummy-20] thread="Dummy-20" event="cdp.send" method="Runtime.evaluate" timeout=2 params=["awaitPromise", "expression", "generatePreview", "returnByValue", "userGesture"]
2026-10-06T17:01:37.947472+00:00 [MainThread] thread="MainThread" event="win32.sync" hwnd=132878 wanted=[-10, -24, 453, 735] ok=true error=0 actual={"hwnd": 132878, "pid": 18712, "visible": false, "rect": [1975, 341, 2428, 1076], "style": 1442840576, "exstyle": 128, "…
2026-10-06T17:01:37.948473+00:00 [MainThread] thread="MainThread" event="trace.begin" name="MainWindow._schedule_revive" args=1 kwargs=0
2026-10-06T17:01:37.948473+00:00 [MainThread] thread="MainThread" event="bt.revive.schedule" step_ms="[0, 150, 350, 600, 900, 1300, 1800, 2400]" min_ms=1600 settle_n=3 args="{'win_visible': False, 'win_min': False, 'win_geo': [1985, 365, 453, 735], 'dpr': 1.0, 'cover': False, 'settling': Fals…
2026-10-06T17:01:37.951471+00:00 [Dummy-20] thread="Dummy-20" event="cdp.result" method="Runtime.evaluate" seconds=0.0 keys=["result"]
2026-10-06T17:01:37.951471+00:00 [MainThread] thread="MainThread" event="trace.end" name="MainWindow._schedule_revive" seconds=0.0
2026-10-06T17:01:37.951471+00:00 [MainThread] thread="MainThread" event="bt.window.show" was_hidden=true args="{'win_visible': False, 'win_min': False, 'win_geo': [1985, 365, 453, 735], 'dpr': 1.0, 'cover': False, 'settling': Fals…
2026-10-06T17:01:37.956473+00:00 [BrowserWatch:show] thread="BrowserWatch:show" event="cdp.send" method="Runtime.evaluate" timeout=0.6 params=["awaitPromise", "expression", "generatePreview", "returnByValue", "userGesture"]
2026-10-06T17:01:37.956473+00:00 [MainThread] thread="MainThread" event="bt.hotkey.toggle.end" action="show" args="{'win_visible': False, 'win_min': False, 'win_geo': [1985, 365, 453, 735], 'dpr': 1.0, 'cover': False, 'settling': Fals…
2026-10-06T17:01:37.956473+00:00 [MainThread] thread="MainThread" event="stage.end" name="MainWindow._toggle_visibility" seconds=0.0
2026-10-06T17:01:37.956473+00:00 [MainThread] thread="MainThread" event="trace.end" name="MainWindow._on_hotkey" seconds=0.0
2026-10-06T17:01:37.957474+00:00 [BrowserWatch:show] thread="BrowserWatch:show" event="cdp.result" method="Runtime.evaluate" seconds=0.0 keys=["result"]
2026-10-06T17:01:37.960472+00:00 [Dummy-20] thread="Dummy-20" event="cdp.send" method="Runtime.evaluate" timeout=3 params=["awaitPromise", "expression", "generatePreview", "returnByValue", "userGesture"]
2026-10-06T17:01:37.961475+00:00 [Dummy-20] thread="Dummy-20" event="cdp.result" method="Runtime.evaluate" seconds=0.0 keys=["result"]
2026-10-06T17:01:37.964473+00:00 [Thread-22 (task)] thread="Thread-22 (task)" event="cdp.send" method="Runtime.evaluate" timeout=3 params=["awaitPromise", "expression", "generatePreview", "returnByValue", "userGesture"]
2026-10-06T17:01:37.966472+00:00 [Thread-22 (task)] thread="Thread-22 (task)" event="cdp.result" method="Runtime.evaluate" seconds=0.0 keys=["result"]
2026-10-06T17:01:37.966472+00:00 [Thread-22 (task)] thread="Thread-22 (task)" event="browser.revive" step=0 ms=0 settled=1 inset=[-10, -24, 10, 24] signature=[658, 0.667, 439, 728, [-10, -24, 10, 24]] verdict="on_target" dx=0 dy=0 dw=0 dh=0 client=[439, 728] visible=true explain=[]
2026-10-06T17:01:37.966472+00:00 [Thread-22 (task)] thread="Thread-22 (task)" event="bt.revive.on_target" step=0 ms=0 rect="[1975, 341, 453, 735]" target="(1975, 341, 453, 735)" client="[439, 728]" scale=1.0
2026-10-06T17:01:38.018472+00:00 [BrowserWatch:hide] thread="BrowserWatch:hide" event="cdp.send" method="Runtime.evaluate" timeout=0.6 params=["awaitPromise", "expression", "generatePreview", "returnByValue", "userGesture"]
2026-10-06T17:01:38.019476+00:00 [BrowserWatch:hide] thread="BrowserWatch:hide" event="cdp.result" method="Runtime.evaluate" seconds=0.0 keys=["result"]
2026-10-06T17:01:38.101472+00:00 [Thread-23 (task)] thread="Thread-23 (task)" event="cdp.send" method="Runtime.evaluate" timeout=3 params=["awaitPromise", "expression", "generatePreview", "returnByValue", "userGesture"]
2026-10-06T17:01:38.102471+00:00 [Thread-23 (task)] thread="Thread-23 (task)" event="cdp.result" method="Runtime.evaluate" seconds=0.0 keys=["result"]
2026-10-06T17:01:38.102471+00:00 [Thread-23 (task)] thread="Thread-23 (task)" event="browser.revive" step=1 ms=150 settled=2 inset=[-10, -24, 10, 24] signature=[658, 0.667, 439, 728, [-10, -24, 10, 24]] verdict="on_target" dx=0 dy=0 dw=0 dh=0 client=[439, 728] visible=true explain=[]
2026-10-06T17:01:38.103473+00:00 [BrowserWatch:show] thread="BrowserWatch:show" event="cdp.send" method="Runtime.evaluate" timeout=0.6 params=["awaitPromise", "expression", "generatePreview", "returnByValue", "userGesture"]
2026-10-06T17:01:38.103473+00:00 [BrowserWatch:show] thread="BrowserWatch:show" event="cdp.result" method="Runtime.evaluate" seconds=0.0 keys=["result"]
2026-10-06T17:01:38.112474+00:00 [Dummy-20] thread="Dummy-20" event="cdp.send" method="Runtime.evaluate" timeout=2 params=["awaitPromise", "expression", "generatePreview", "returnByValue", "userGesture"]
2026-10-06T17:01:38.112474+00:00 [Dummy-20] thread="Dummy-20" event="cdp.result" method="Runtime.evaluate" seconds=0.0 keys=["result"]
2026-10-06T17:01:38.116475+00:00 [ResponsePoll] thread="ResponsePoll" event="cdp.send" method="Runtime.evaluate" timeout=1 params=["awaitPromise", "expression", "generatePreview", "returnByValue", "userGesture"]
2026-10-06T17:01:38.117473+00:00 [ResponsePoll] thread="ResponsePoll" event="cdp.result" method="Runtime.evaluate" seconds=0.0 keys=["result"]
2026-10-06T17:01:38.118475+00:00 [Dummy-20] thread="Dummy-20" event="cdp.send" method="Runtime.evaluate" timeout=3 params=["awaitPromise", "expression", "generatePreview", "returnByValue", "userGesture"]
2026-10-06T17:01:38.119475+00:00 [Dummy-20] thread="Dummy-20" event="cdp.result" method="Runtime.evaluate" seconds=0.0 keys=["result"]
2026-10-06T17:01:38.164474+00:00 [BrowserWatch:hide] thread="BrowserWatch:hide" event="cdp.send" method="Runtime.evaluate" timeout=0.6 params=["awaitPromise", "expression", "generatePreview", "returnByValue", "userGesture"]
2026-10-06T17:01:38.165473+00:00 [BrowserWatch:hide] thread="BrowserWatch:hide" event="cdp.result" method="Runtime.evaluate" seconds=0.0 keys=["result"]
2026-10-06T17:01:38.268473+00:00 [BrowserWatch:show] thread="BrowserWatch:show" event="cdp.send" method="Runtime.evaluate" timeout=0.6 params=["awaitPromise", "expression", "generatePreview", "returnByValue", "userGesture"]
2026-10-06T17:01:38.269474+00:00 [BrowserWatch:show] thread="BrowserWatch:show" event="cdp.result" method="Runtime.evaluate" seconds=0.0 keys=["result"]
2026-10-06T17:01:38.270112+00:00 [Dummy-20] thread="Dummy-20" event="cdp.send" method="Runtime.evaluate" timeout=2 params=["awaitPromise", "expression", "generatePreview", "returnByValue", "userGesture"]
2026-10-06T17:01:38.270112+00:00 [Dummy-20] thread="Dummy-20" event="cdp.result" method="Runtime.evaluate" seconds=0.0 keys=["result"]
2026-10-06T17:01:38.277110+00:00 [Dummy-20] thread="Dummy-20" event="cdp.send" method="Runtime.evaluate" timeout=3 params=["awaitPromise", "expression", "generatePreview", "returnByValue", "userGesture"]
2026-10-06T17:01:38.278111+00:00 [Dummy-20] thread="Dummy-20" event="cdp.result" method="Runtime.evaluate" seconds=0.0 keys=["result"]
2026-10-06T17:01:38.302107+00:00 [Thread-24 (task)] thread="Thread-24 (task)" event="cdp.send" method="Runtime.evaluate" timeout=3 params=["awaitPromise", "expression", "generatePreview", "returnByValue", "userGesture"]
2026-10-06T17:01:38.304108+00:00 [Thread-24 (task)] thread="Thread-24 (task)" event="cdp.result" method="Runtime.evaluate" seconds=0.016 keys=["result"]
2026-10-06T17:01:38.304108+00:00 [Thread-24 (task)] thread="Thread-24 (task)" event="browser.revive" step=2 ms=350 settled=3 inset=[-10, -24, 10, 24] signature=[658, 0.667, 439, 728, [-10, -24, 10, 24]] verdict="on_target" dx=0 dy=0 dw=0 dh=0 client=[439, 728] visible=true explain=[]
2026-10-06T17:01:38.329109+00:00 [BrowserWatch:hide] thread="BrowserWatch:hide" event="cdp.send" method="Runtime.evaluate" timeout=0.6 params=["awaitPromise", "expression", "generatePreview", "returnByValue", "userGesture"]
2026-10-06T17:01:38.330110+00:00 [BrowserWatch:hide] thread="BrowserWatch:hide" event="cdp.result" method="Runtime.evaluate" seconds=0.0 keys=["result"]
2026-10-06T17:01:38.351109+00:00 [Thread-25 (_zoom_guard_once)] thread="Thread-25 (_zoom_guard_once)" event="cdp.send" method="Emulation.setLocaleOverride" timeout=4 params=["locale"]
2026-10-06T17:01:38.353109+00:00 [Thread-25 (_zoom_guard_once)] thread="Thread-25 (_zoom_guard_once)" event="cdp.result" method="Emulation.setLocaleOverride" seconds=0.0 keys=[]
2026-10-06T17:01:38.353109+00:00 [Thread-25 (_zoom_guard_once)] thread="Thread-25 (_zoom_guard_once)" event="cdp.send" method="Emulation.setAutoDarkModeOverride" timeout=4 params=["enabled"]
2026-10-06T17:01:38.353109+00:00 [Thread-25 (_zoom_guard_once)] thread="Thread-25 (_zoom_guard_once)" event="cdp.result" method="Emulation.setAutoDarkModeOverride" seconds=0.0 keys=[]
2026-10-06T17:01:38.353109+00:00 [Thread-25 (_zoom_guard_once)] thread="Thread-25 (_zoom_guard_once)" event="cdp.send" method="Emulation.setEmulatedMedia" timeout=4 params=["features"]
2026-10-06T17:01:38.354110+00:00 [Thread-25 (_zoom_guard_once)] thread="Thread-25 (_zoom_guard_once)" event="cdp.result" method="Emulation.setEmulatedMedia" seconds=0.0 keys=[]
2026-10-06T17:01:38.354110+00:00 [Thread-25 (_zoom_guard_once)] thread="Thread-25 (_zoom_guard_once)" event="cdp.send" method="Runtime.evaluate" timeout=3 params=["awaitPromise", "expression", "generatePreview", "returnByValue", "userGesture"]
2026-10-06T17:01:38.354110+00:00 [Thread-25 (_zoom_guard_once)] thread="Thread-25 (_zoom_guard_once)" event="cdp.result" method="Runtime.evaluate" seconds=0.0 keys=["result"]
2026-10-06T17:01:38.367108+00:00 [MainThread] thread="MainThread" event="trace.begin" name="NativeHost.hide_taskbar" args=1 kwargs=0
2026-10-06T17:01:38.414110+00:00 [BrowserWatch:show] thread="BrowserWatch:show" event="cdp.send" method="Runtime.evaluate" timeout=0.6 params=["awaitPromise", "expression", "generatePreview", "returnByValue", "userGesture"]
2026-10-06T17:01:38.415108+00:00 [BrowserWatch:show] thread="BrowserWatch:show" event="cdp.result" method="Runtime.evaluate" seconds=0.0 keys=["result"]
2026-10-06T17:01:38.426109+00:00 [MainThread] thread="MainThread" event="win32.taskbar_hidden" hwnd=132878 style=true delete_tab=false
2026-10-06T17:01:38.427107+00:00 [MainThread] thread="MainThread" event="trace.end" name="NativeHost.hide_taskbar" seconds=0.047
2026-10-06T17:01:38.429111+00:00 [Dummy-20] thread="Dummy-20" event="cdp.send" method="Runtime.evaluate" timeout=2 params=["awaitPromise", "expression", "generatePreview", "returnByValue", "userGesture"]
2026-10-06T17:01:38.430110+00:00 [Dummy-20] thread="Dummy-20" event="cdp.result" method="Runtime.evaluate" seconds=0.0 keys=["result"]
2026-10-06T17:01:38.435107+00:00 [Dummy-20] thread="Dummy-20" event="cdp.send" method="Runtime.evaluate" timeout=3 params=["awaitPromise", "expression", "generatePreview", "returnByValue", "userGesture"]
2026-10-06T17:01:38.436108+00:00 [Dummy-20] thread="Dummy-20" event="cdp.result" method="Runtime.evaluate" seconds=0.0 keys=["result"]
2026-10-06T17:01:38.496108+00:00 [BrowserWatch:hide] thread="BrowserWatch:hide" event="cdp.send" method="Runtime.evaluate" timeout=0.6 params=["awaitPromise", "expression", "generatePreview", "returnByValue", "userGesture"]
2026-10-06T17:01:38.497110+00:00 [BrowserWatch:hide] thread="BrowserWatch:hide" event="cdp.result" method="Runtime.evaluate" seconds=0.0 keys=["result"]
2026-10-06T17:01:38.552113+00:00 [Thread-26 (task)] thread="Thread-26 (task)" event="cdp.send" method="Runtime.evaluate" timeout=3 params=["awaitPromise", "expression", "generatePreview", "returnByValue", "userGesture"]
2026-10-06T17:01:38.553113+00:00 [Thread-26 (task)] thread="Thread-26 (task)" event="cdp.result" method="Runtime.evaluate" seconds=0.0 keys=["result"]
2026-10-06T17:01:38.553113+00:00 [Thread-26 (task)] thread="Thread-26 (task)" event="browser.revive" step=3 ms=600 settled=4 inset=[-10, -24, 10, 24] signature=[658, 0.667, 439, 728, [-10, -24, 10, 24]] verdict="on_target" dx=0 dy=0 dw=0 dh=0 client=[439, 728] visible=true explain=[]
2026-10-06T17:01:38.580110+00:00 [BrowserWatch:show] thread="BrowserWatch:show" event="cdp.send" method="Runtime.evaluate" timeout=0.6 params=["awaitPromise", "expression", "generatePreview", "returnByValue", "userGesture"]
2026-10-06T17:01:38.581111+00:00 [BrowserWatch:show] thread="BrowserWatch:show" event="cdp.result" method="Runtime.evaluate" seconds=0.0 keys=["result"]
2026-10-06T17:01:38.587110+00:00 [Dummy-20] thread="Dummy-20" event="cdp.send" method="Runtime.evaluate" timeout=2 params=["awaitPromise", "expression", "generatePreview", "returnByValue", "userGesture"]
2026-10-06T17:01:38.588109+00:00 [Dummy-20] thread="Dummy-20" event="cdp.result" method="Runtime.evaluate" seconds=0.0 keys=["result"]
2026-10-06T17:01:38.594110+00:00 [Dummy-20] thread="Dummy-20" event="cdp.send" method="Runtime.evaluate" timeout=3 params=["awaitPromise", "expression", "generatePreview", "returnByValue", "userGesture"]
2026-10-06T17:01:38.595110+00:00 [Dummy-20] thread="Dummy-20" event="cdp.result" method="Runtime.evaluate" seconds=0.0 keys=["result"]
2026-10-06T17:01:38.745107+00:00 [BrowserWatch:show] thread="BrowserWatch:show" event="cdp.send" method="Runtime.evaluate" timeout=0.6 params=["awaitPromise", "expression", "generatePreview", "returnByValue", "userGesture"]
2026-10-06T17:01:38.745107+00:00 [BrowserWatch:show] thread="BrowserWatch:show" event="cdp.result" method="Runtime.evaluate" seconds=0.0 keys=["result"]
2026-10-06T17:01:38.747109+00:00 [Dummy-20] thread="Dummy-20" event="cdp.send" method="Runtime.evaluate" timeout=2 params=["awaitPromise", "expression", "generatePreview", "returnByValue", "userGesture"]
2026-10-06T17:01:38.748111+00:00 [Dummy-20] thread="Dummy-20" event="cdp.result" method="Runtime.evaluate" seconds=0.0 keys=["result"]
2026-10-06T17:01:38.753106+00:00 [Dummy-20] thread="Dummy-20" event="cdp.send" method="Runtime.evaluate" timeout=3 params=["awaitPromise", "expression", "generatePreview", "returnByValue", "userGesture"]
2026-10-06T17:01:38.754109+00:00 [Dummy-20] thread="Dummy-20" event="cdp.result" method="Runtime.evaluate" seconds=0.0 keys=["result"]
2026-10-06T17:01:38.832109+00:00 [BrowserWatch:hide] thread="BrowserWatch:hide" event="cdp.send" method="Runtime.evaluate" timeout=0.6 params=["awaitPromise", "expression", "generatePreview", "returnByValue", "userGesture"]
2026-10-06T17:01:38.833109+00:00 [BrowserWatch:hide] thread="BrowserWatch:hide" event="cdp.result" method="Runtime.evaluate" seconds=0.0 keys=["result"]
2026-10-06T17:01:38.852109+00:00 [Thread-27 (task)] thread="Thread-27 (task)" event="cdp.send" method="Runtime.evaluate" timeout=3 params=["awaitPromise", "expression", "generatePreview", "returnByValue", "userGesture"]
2026-10-06T17:01:38.853110+00:00 [Thread-27 (task)] thread="Thread-27 (task)" event="cdp.result" method="Runtime.evaluate" seconds=0.0 keys=["result"]
2026-10-06T17:01:38.853110+00:00 [Thread-27 (task)] thread="Thread-27 (task)" event="browser.revive" step=4 ms=900 settled=5 inset=[-10, -24, 10, 24] signature=[658, 0.667, 439, 728, [-10, -24, 10, 24]] verdict="on_target" dx=0 dy=0 dw=0 dh=0 client=[439, 728] visible=true explain=[]
2026-10-06T17:01:38.905109+00:00 [Dummy-20] thread="Dummy-20" event="cdp.send" method="Runtime.evaluate" timeout=2 params=["awaitPromise", "expression", "generatePreview", "returnByValue", "userGesture"]
2026-10-06T17:01:38.906110+00:00 [Dummy-20] thread="Dummy-20" event="cdp.result" method="Runtime.evaluate" seconds=0.0 keys=["result"]
2026-10-06T17:01:38.909112+00:00 [BrowserWatch:show] thread="BrowserWatch:show" event="cdp.send" method="Runtime.evaluate" timeout=0.6 params=["awaitPromise", "expression", "generatePreview", "returnByValue", "userGesture"]
2026-10-06T17:01:38.909112+00:00 [BrowserWatch:show] thread="BrowserWatch:show" event="cdp.result" method="Runtime.evaluate" seconds=0.0 keys=["result"]
2026-10-06T17:01:38.911108+00:00 [Dummy-20] thread="Dummy-20" event="cdp.send" method="Runtime.evaluate" timeout=3 params=["awaitPromise", "expression", "generatePreview", "returnByValue", "userGesture"]
2026-10-06T17:01:38.913107+00:00 [Dummy-20] thread="Dummy-20" event="cdp.result" method="Runtime.evaluate" seconds=0.016 keys=["result"]
2026-10-06T17:01:39.055108+00:00 [BrowserWatch:show] thread="BrowserWatch:show" event="cdp.send" method="Runtime.evaluate" timeout=0.6 params=["awaitPromise", "expression", "generatePreview", "returnByValue", "userGesture"]
2026-10-06T17:01:39.058109+00:00 [BrowserWatch:show] thread="BrowserWatch:show" event="cdp.result" method="Runtime.evaluate" seconds=0.0 keys=["result"]
2026-10-06T17:01:39.064108+00:00 [Dummy-20] thread="Dummy-20" event="cdp.send" method="Runtime.evaluate" timeout=2 params=["awaitPromise", "expression", "generatePreview", "returnByValue", "userGesture"]
2026-10-06T17:01:39.065107+00:00 [Dummy-20] thread="Dummy-20" event="cdp.result" method="Runtime.evaluate" seconds=0.0 keys=["result"]
2026-10-06T17:01:39.073108+00:00 [Dummy-20] thread="Dummy-20" event="cdp.send" method="Runtime.evaluate" timeout=3 params=["awaitPromise", "expression", "generatePreview", "returnByValue", "userGesture"]
2026-10-06T17:01:39.075109+00:00 [Dummy-20] thread="Dummy-20" event="cdp.result" method="Runtime.evaluate" seconds=0.0 keys=["result"]
2026-10-06T17:01:39.084108+00:00 [BrowserWatch:hide] thread="BrowserWatch:hide" event="cdp.send" method="Runtime.evaluate" timeout=0.6 params=["awaitPromise", "expression", "generatePreview", "returnByValue", "userGesture"]
2026-10-06T17:01:39.085107+00:00 [BrowserWatch:hide] thread="BrowserWatch:hide" event="cdp.result" method="Runtime.evaluate" seconds=0.016 keys=["result"]
2026-10-06T17:01:39.135108+00:00 [ResponsePoll] thread="ResponsePoll" event="cdp.send" method="Runtime.evaluate" timeout=1 params=["awaitPromise", "expression", "generatePreview", "returnByValue", "userGesture"]
2026-10-06T17:01:39.136109+00:00 [ResponsePoll] thread="ResponsePoll" event="cdp.result" method="Runtime.evaluate" seconds=0.0 keys=["result"]
2026-10-06T17:01:39.223109+00:00 [BrowserWatch:show] thread="BrowserWatch:show" event="cdp.send" method="Runtime.evaluate" timeout=0.6 params=["awaitPromise", "expression", "generatePreview", "returnByValue", "userGesture"]
2026-10-06T17:01:39.224107+00:00 [BrowserWatch:show] thread="BrowserWatch:show" event="cdp.result" method="Runtime.evaluate" seconds=0.0 keys=["result"]
2026-10-06T17:01:39.226109+00:00 [Dummy-20] thread="Dummy-20" event="cdp.send" method="Runtime.evaluate" timeout=2 params=["awaitPromise", "expression", "generatePreview", "returnByValue", "userGesture"]
2026-10-06T17:01:39.226109+00:00 [Dummy-20] thread="Dummy-20" event="cdp.result" method="Runtime.evaluate" seconds=0.0 keys=["result"]
2026-10-06T17:01:39.232109+00:00 [Dummy-20] thread="Dummy-20" event="cdp.send" method="Runtime.evaluate" timeout=3 params=["awaitPromise", "expression", "generatePreview", "returnByValue", "userGesture"]
2026-10-06T17:01:39.234110+00:00 [Dummy-20] thread="Dummy-20" event="cdp.result" method="Runtime.evaluate" seconds=0.0 keys=["result"]
2026-10-06T17:01:39.252108+00:00 [Thread-28 (task)] thread="Thread-28 (task)" event="cdp.send" method="Runtime.evaluate" timeout=3 params=["awaitPromise", "expression", "generatePreview", "returnByValue", "userGesture"]
2026-10-06T17:01:39.253370+00:00 [Thread-28 (task)] thread="Thread-28 (task)" event="cdp.result" method="Runtime.evaluate" seconds=0.0 keys=["result"]
2026-10-06T17:01:39.253370+00:00 [Thread-28 (task)] thread="Thread-28 (task)" event="browser.revive" step=5 ms=1300 settled=6 inset=[-10, -24, 10, 24] signature=[658, 0.667, 439, 728, [-10, -24, 10, 24]] verdict="on_target" dx=0 dy=0 dw=0 dh=0 client=[439, 728] visible=true explain=[]
2026-10-06T17:01:39.335109+00:00 [BrowserWatch:hide] thread="BrowserWatch:hide" event="cdp.send" method="Runtime.evaluate" timeout=0.6 params=["awaitPromise", "expression", "generatePreview", "returnByValue", "userGesture"]
2026-10-06T17:01:39.336110+00:00 [BrowserWatch:hide] thread="BrowserWatch:hide" event="cdp.result" method="Runtime.evaluate" seconds=0.0 keys=["result"]
2026-10-06T17:01:39.368109+00:00 [BrowserWatch:show] thread="BrowserWatch:show" event="cdp.send" method="Runtime.evaluate" timeout=0.6 params=["awaitPromise", "expression", "generatePreview", "returnByValue", "userGesture"]
2026-10-06T17:01:39.369110+00:00 [BrowserWatch:show] thread="BrowserWatch:show" event="cdp.result" method="Runtime.evaluate" seconds=0.0 keys=["result"]
2026-10-06T17:01:39.385109+00:00 [Dummy-20] thread="Dummy-20" event="cdp.send" method="Runtime.evaluate" timeout=2 params=["awaitPromise", "expression", "generatePreview", "returnByValue", "userGesture"]
2026-10-06T17:01:39.386112+00:00 [Dummy-20] thread="Dummy-20" event="cdp.result" method="Runtime.evaluate" seconds=0.0 keys=["result"]
2026-10-06T17:01:39.392109+00:00 [Dummy-20] thread="Dummy-20" event="cdp.send" method="Runtime.evaluate" timeout=3 params=["awaitPromise", "expression", "generatePreview", "returnByValue", "userGesture"]
2026-10-06T17:01:39.393109+00:00 [Dummy-20] thread="Dummy-20" event="cdp.result" method="Runtime.evaluate" seconds=0.0 keys=["result"]
2026-10-06T17:01:39.533108+00:00 [BrowserWatch:show] thread="BrowserWatch:show" event="cdp.send" method="Runtime.evaluate" timeout=0.6 params=["awaitPromise", "expression", "generatePreview", "returnByValue", "userGesture"]
2026-10-06T17:01:39.534109+00:00 [BrowserWatch:show] thread="BrowserWatch:show" event="cdp.result" method="Runtime.evaluate" seconds=0.0 keys=["result"]
2026-10-06T17:01:39.544110+00:00 [Dummy-20] thread="Dummy-20" event="cdp.send" method="Runtime.evaluate" timeout=2 params=["awaitPromise", "expression", "generatePreview", "returnByValue", "userGesture"]
2026-10-06T17:01:39.545109+00:00 [Dummy-20] thread="Dummy-20" event="cdp.result" method="Runtime.evaluate" seconds=0.0 keys=["result"]
2026-10-06T17:01:39.550109+00:00 [Dummy-20] thread="Dummy-20" event="cdp.send" method="Runtime.evaluate" timeout=3 params=["awaitPromise", "expression", "generatePreview", "returnByValue", "userGesture"]
2026-10-06T17:01:39.553109+00:00 [Dummy-20] thread="Dummy-20" event="cdp.result" method="Runtime.evaluate" seconds=0.0 keys=["result"]
2026-10-06T17:01:39.587109+00:00 [BrowserWatch:hide] thread="BrowserWatch:hide" event="cdp.send" method="Runtime.evaluate" timeout=0.6 params=["awaitPromise", "expression", "generatePreview", "returnByValue", "userGesture"]
2026-10-06T17:01:39.588110+00:00 [BrowserWatch:hide] thread="BrowserWatch:hide" event="cdp.result" method="Runtime.evaluate" seconds=0.0 keys=["result"]
2026-10-06T17:01:39.679109+00:00 [BrowserWatch:show] thread="BrowserWatch:show" event="cdp.send" method="Runtime.evaluate" timeout=0.6 params=["awaitPromise", "expression", "generatePreview", "returnByValue", "userGesture"]
2026-10-06T17:01:39.680110+00:00 [BrowserWatch:show] thread="BrowserWatch:show" event="cdp.result" method="Runtime.evaluate" seconds=0.0 keys=["result"]
2026-10-06T17:01:39.704110+00:00 [Dummy-20] thread="Dummy-20" event="cdp.send" method="Runtime.evaluate" timeout=2 params=["awaitPromise", "expression", "generatePreview", "returnByValue", "userGesture"]
2026-10-06T17:01:39.705109+00:00 [Dummy-20] thread="Dummy-20" event="cdp.result" method="Runtime.evaluate" seconds=0.0 keys=["result"]
2026-10-06T17:01:39.710111+00:00 [Dummy-20] thread="Dummy-20" event="cdp.send" method="Runtime.evaluate" timeout=3 params=["awaitPromise", "expression", "generatePreview", "returnByValue", "userGesture"]
2026-10-06T17:01:39.712109+00:00 [Dummy-20] thread="Dummy-20" event="cdp.result" method="Runtime.evaluate" seconds=0.0 keys=["result"]
2026-10-06T17:01:39.752108+00:00 [Thread-29 (task)] thread="Thread-29 (task)" event="cdp.send" method="Runtime.evaluate" timeout=3 params=["awaitPromise", "expression", "generatePreview", "returnByValue", "userGesture"]
2026-10-06T17:01:39.753109+00:00 [Thread-29 (task)] thread="Thread-29 (task)" event="cdp.result" method="Runtime.evaluate" seconds=0.0 keys=["result"]
2026-10-06T17:01:39.753109+00:00 [Thread-29 (task)] thread="Thread-29 (task)" event="browser.revive" step=6 ms=1800 settled=7 inset=[-10, -24, 10, 24] signature=[658, 0.667, 439, 728, [-10, -24, 10, 24]] verdict="on_target" dx=0 dy=0 dw=0 dh=0 client=[439, 728] visible=true explain=[]
2026-10-06T17:01:39.753109+00:00 [Thread-29 (task)] thread="Thread-29 (task)" event="trace.begin" name="MainWindow._finalize_and_reveal" args=1 kwargs=0
2026-10-06T17:01:39.753109+00:00 [Thread-29 (task)] thread="Thread-29 (task)" event="trace.end" name="MainWindow._finalize_and_reveal" seconds=0.0
2026-10-06T17:01:39.754110+00:00 [Thread-30 (task)] thread="Thread-30 (task)" event="win32.sync_now" hwnd=132878 wanted=[-10, -24, 453, 735] ok=true error=0 actual={"hwnd": 132878, "pid": 18712, "visible": true, "rect": [1975, 341, 2428, 1076], "style": 1442840576, "exstyle": 128, "p…
2026-10-06T17:01:39.755110+00:00 [Thread-30 (task)] thread="Thread-30 (task)" event="win32.show_window" hwnd=132878 was_visible=true visible=true error=0
2026-10-06T17:01:39.755110+00:00 [Thread-30 (task)] thread="Thread-30 (task)" event="bt.revive.reveal" verdict="on_target" dx=0 dy=0 dw=0 dh=0 client="[439, 728]" reasons="[]"
2026-10-06T17:01:39.755110+00:00 [Thread-30 (task)] thread="Thread-30 (task)" event="cdp.send" method="Page.bringToFront" timeout=3 params=[]
2026-10-06T17:01:39.756110+00:00 [Thread-30 (task)] thread="Thread-30 (task)" event="cdp.result" method="Page.bringToFront" seconds=0.0 keys=[]
2026-10-06T17:01:39.756110+00:00 [Thread-30 (task)] thread="Thread-30 (task)" event="cdp.send" method="Runtime.evaluate" timeout=3 params=["awaitPromise", "expression", "generatePreview", "returnByValue", "userGesture"]
2026-10-06T17:01:39.757110+00:00 [Thread-30 (task)] thread="Thread-30 (task)" event="cdp.result" method="Runtime.evaluate" seconds=0.016 keys=["result"]
2026-10-06T17:01:39.757110+00:00 [Thread-30 (task)] thread="Thread-30 (task)" event="cdp.send" method="Emulation.setLocaleOverride" timeout=4 params=["locale"]
2026-10-06T17:01:39.757110+00:00 [Thread-30 (task)] thread="Thread-30 (task)" event="cdp.result" method="Emulation.setLocaleOverride" seconds=0.0 keys=[]
2026-10-06T17:01:39.757110+00:00 [Thread-30 (task)] thread="Thread-30 (task)" event="cdp.send" method="Emulation.setAutoDarkModeOverride" timeout=4 params=["enabled"]
2026-10-06T17:01:39.758108+00:00 [Thread-30 (task)] thread="Thread-30 (task)" event="cdp.result" method="Emulation.setAutoDarkModeOverride" seconds=0.0 keys=[]
2026-10-06T17:01:39.758108+00:00 [Thread-30 (task)] thread="Thread-30 (task)" event="cdp.send" method="Emulation.setEmulatedMedia" timeout=4 params=["features"]
2026-10-06T17:01:39.758108+00:00 [Thread-30 (task)] thread="Thread-30 (task)" event="cdp.result" method="Emulation.setEmulatedMedia" seconds=0.0 keys=[]
2026-10-06T17:01:39.758108+00:00 [Thread-30 (task)] thread="Thread-30 (task)" event="cdp.send" method="Runtime.evaluate" timeout=3 params=["awaitPromise", "expression", "generatePreview", "returnByValue", "userGesture"]
2026-10-06T17:01:39.758108+00:00 [Thread-30 (task)] thread="Thread-30 (task)" event="cdp.result" method="Runtime.evaluate" seconds=0.0 keys=["result"]
2026-10-06T17:01:39.758108+00:00 [Thread-30 (task)] thread="Thread-30 (task)" event="cdp.send" method="Runtime.evaluate" timeout=3 params=["awaitPromise", "expression", "generatePreview", "returnByValue", "userGesture"]
2026-10-06T17:01:39.760109+00:00 [Thread-30 (task)] thread="Thread-30 (task)" event="cdp.result" method="Runtime.evaluate" seconds=0.0 keys=["result"]
2026-10-06T17:01:39.760109+00:00 [Thread-30 (task)] thread="Thread-30 (task)" event="cdp.send" method="Emulation.setDeviceMetricsOverride" timeout=5 params=["deviceScaleFactor", "fitWindow", "height", "mobile", "width"]
2026-10-06T17:01:39.762110+00:00 [Thread-30 (task)] thread="Thread-30 (task)" event="cdp.result" method="Emulation.setDeviceMetricsOverride" seconds=0.0 keys=[]
2026-10-06T17:01:39.823109+00:00 [Thread-30 (task)] thread="Thread-30 (task)" event="cdp.send" method="Emulation.setDeviceMetricsOverride" timeout=5 params=["deviceScaleFactor", "fitWindow", "height", "mobile", "width"]
2026-10-06T17:01:39.826108+00:00 [Thread-30 (task)] thread="Thread-30 (task)" event="cdp.result" method="Emulation.setDeviceMetricsOverride" seconds=0.0 keys=[]
2026-10-06T17:01:39.826108+00:00 [Thread-30 (task)] thread="Thread-30 (task)" event="cdp.send" method="Runtime.evaluate" timeout=3 params=["awaitPromise", "expression", "generatePreview", "returnByValue", "userGesture"]
2026-10-06T17:01:39.827109+00:00 [Thread-30 (task)] thread="Thread-30 (task)" event="cdp.result" method="Runtime.evaluate" seconds=0.0 keys=["result"]
2026-10-06T17:01:39.827109+00:00 [Thread-30 (task)] thread="Thread-30 (task)" event="browser.metrics_nudged" css=[658, 1091] window=[439, 728] innerWidth=658 dpr=0.6667 restored=true
2026-10-06T17:01:39.838110+00:00 [BrowserWatch:hide] thread="BrowserWatch:hide" event="cdp.send" method="Runtime.evaluate" timeout=0.6 params=["awaitPromise", "expression", "generatePreview", "returnByValue", "userGesture"]
2026-10-06T17:01:39.839110+00:00 [BrowserWatch:hide] thread="BrowserWatch:hide" event="cdp.result" method="Runtime.evaluate" seconds=0.0 keys=["result"]
2026-10-06T17:01:39.845108+00:00 [BrowserWatch:show] thread="BrowserWatch:show" event="cdp.send" method="Runtime.evaluate" timeout=0.6 params=["awaitPromise", "expression", "generatePreview", "returnByValue", "userGesture"]
2026-10-06T17:01:39.845108+00:00 [BrowserWatch:show] thread="BrowserWatch:show" event="cdp.result" method="Runtime.evaluate" seconds=0.0 keys=["result"]
2026-10-06T17:01:39.863109+00:00 [Dummy-20] thread="Dummy-20" event="cdp.send" method="Runtime.evaluate" timeout=2 params=["awaitPromise", "expression", "generatePreview", "returnByValue", "userGesture"]
2026-10-06T17:01:39.864110+00:00 [Dummy-20] thread="Dummy-20" event="cdp.result" method="Runtime.evaluate" seconds=0.0 keys=["result"]
2026-10-06T17:01:39.870107+00:00 [Dummy-20] thread="Dummy-20" event="cdp.send" method="Runtime.evaluate" timeout=3 params=["awaitPromise", "expression", "generatePreview", "returnByValue", "userGesture"]
2026-10-06T17:01:39.872108+00:00 [Dummy-20] thread="Dummy-20" event="cdp.result" method="Runtime.evaluate" seconds=0.0 keys=["result"]
2026-10-06T17:01:40.008110+00:00 [Thread-30 (task)] thread="Thread-30 (task)" event="cdp.send" method="Runtime.evaluate" timeout=2 params=["awaitPromise", "expression", "generatePreview", "returnByValue", "userGesture"]
2026-10-06T17:01:40.009107+00:00 [Thread-30 (task)] thread="Thread-30 (task)" event="cdp.result" method="Runtime.evaluate" seconds=0.0 keys=["result"]
2026-10-06T17:01:40.009107+00:00 [Thread-30 (task)] thread="Thread-30 (task)" event="browser.reveal_gate" ready=true
2026-10-06T17:01:40.009107+00:00 [Thread-30 (task)] thread="Thread-30 (task)" event="cdp.send" method="Runtime.evaluate" timeout=3 params=["awaitPromise", "expression", "generatePreview", "returnByValue", "userGesture"]
2026-10-06T17:01:40.009107+00:00 [Thread-30 (task)] thread="Thread-30 (task)" event="cdp.result" method="Runtime.evaluate" seconds=0.0 keys=["result"]
2026-10-06T17:01:40.010108+00:00 [BrowserWatch:show] thread="BrowserWatch:show" event="cdp.send" method="Runtime.evaluate" timeout=0.6 params=["awaitPromise", "expression", "generatePreview", "returnByValue", "userGesture"]
2026-10-06T17:01:40.010108+00:00 [BrowserWatch:show] thread="BrowserWatch:show" event="cdp.result" method="Runtime.evaluate" seconds=0.0 keys=["result"]
2026-10-06T17:01:40.023109+00:00 [Dummy-20] thread="Dummy-20" event="cdp.send" method="Runtime.evaluate" timeout=2 params=["awaitPromise", "expression", "generatePreview", "returnByValue", "userGesture"]
2026-10-06T17:01:40.024108+00:00 [Dummy-20] thread="Dummy-20" event="cdp.result" method="Runtime.evaluate" seconds=0.0 keys=["result"]
2026-10-06T17:01:40.029107+00:00 [Dummy-20] thread="Dummy-20" event="cdp.send" method="Runtime.evaluate" timeout=3 params=["awaitPromise", "expression", "generatePreview", "returnByValue", "userGesture"]
2026-10-06T17:01:40.030108+00:00 [Dummy-20] thread="Dummy-20" event="cdp.result" method="Runtime.evaluate" seconds=0.0 keys=["result"]
2026-10-06T17:01:40.090109+00:00 [BrowserWatch:hide] thread="BrowserWatch:hide" event="cdp.send" method="Runtime.evaluate" timeout=0.6 params=["awaitPromise", "expression", "generatePreview", "returnByValue", "userGesture"]
2026-10-06T17:01:40.090109+00:00 [BrowserWatch:hide] thread="BrowserWatch:hide" event="cdp.result" method="Runtime.evaluate" seconds=0.0 keys=["result"]
2026-10-06T17:01:40.110108+00:00 [Thread-30 (task)] thread="Thread-30 (task)" event="cdp.send" method="Runtime.evaluate" timeout=3 params=["awaitPromise", "expression", "generatePreview", "returnByValue", "userGesture"]
2026-10-06T17:01:40.110108+00:00 [Thread-30 (task)] thread="Thread-30 (task)" event="cdp.result" method="Runtime.evaluate" seconds=0.0 keys=["result"]
2026-10-06T17:01:40.110108+00:00 [Thread-30 (task)] thread="Thread-30 (task)" event="browser.layout_watch" reason="revive-hold" ok=true fixed=0 good=2 ms=94 innerWidth=658 dpr=0.667
2026-10-06T17:01:40.112111+00:00 [MainThread] thread="MainThread" event="browser.revealed" stable=true settling=false
2026-10-06T17:01:40.112111+00:00 [SurfaceProbe] thread="SurfaceProbe" event="cdp.send" method="Runtime.evaluate" timeout=3 params=["awaitPromise", "expression", "generatePreview", "returnByValue", "userGesture"]
2026-10-06T17:01:40.113108+00:00 [SurfaceProbe] thread="SurfaceProbe" event="cdp.result" method="Runtime.evaluate" seconds=0.0 keys=["result"]
2026-10-06T17:01:40.113108+00:00 [SurfaceProbe] thread="SurfaceProbe" event="page.surface_after_restore" verdict="ai_mode" ready="complete" composer=4 files=0 chips=4 dark=false bg="rgb(255, 255, 255)" account=false pending=61 host="www.google.com"
2026-10-06T17:01:40.113108+00:00 [LayoutWatchdog] thread="LayoutWatchdog" event="cdp.send" method="Runtime.evaluate" timeout=3 params=["awaitPromise", "expression", "generatePreview", "returnByValue", "userGesture"]
2026-10-06T17:01:40.114108+00:00 [LayoutWatchdog] thread="LayoutWatchdog" event="cdp.result" method="Runtime.evaluate" seconds=0.0 keys=["result"]
2026-10-06T17:01:40.142107+00:00 [ResponsePoll] thread="ResponsePoll" event="cdp.send" method="Runtime.evaluate" timeout=1 params=["awaitPromise", "expression", "generatePreview", "returnByValue", "userGesture"]
2026-10-06T17:01:40.143108+00:00 [ResponsePoll] thread="ResponsePoll" event="cdp.result" method="Runtime.evaluate" seconds=0.0 keys=["result"]
2026-10-06T17:01:40.173109+00:00 [BrowserWatch:show] thread="BrowserWatch:show" event="cdp.send" method="Runtime.evaluate" timeout=0.6 params=["awaitPromise", "expression", "generatePreview", "returnByValue", "userGesture"]
2026-10-06T17:01:40.174110+00:00 [BrowserWatch:show] thread="BrowserWatch:show" event="cdp.result" method="Runtime.evaluate" seconds=0.0 keys=["result"]
2026-10-06T17:01:40.181108+00:00 [Dummy-20] thread="Dummy-20" event="cdp.send" method="Runtime.evaluate" timeout=2 params=["awaitPromise", "expression", "generatePreview", "returnByValue", "userGesture"]
2026-10-06T17:01:40.181108+00:00 [Dummy-20] thread="Dummy-20" event="cdp.result" method="Runtime.evaluate" seconds=0.0 keys=["result"]
2026-10-06T17:01:40.188107+00:00 [Dummy-20] thread="Dummy-20" event="cdp.send" method="Runtime.evaluate" timeout=3 params=["awaitPromise", "expression", "generatePreview", "returnByValue", "userGesture"]
2026-10-06T17:01:40.189111+00:00 [Dummy-20] thread="Dummy-20" event="cdp.result" method="Runtime.evaluate" seconds=0.0 keys=["result"]
2026-10-06T17:01:40.235108+00:00 [LayoutWatchdog] thread="LayoutWatchdog" event="cdp.send" method="Runtime.evaluate" timeout=3 params=["awaitPromise", "expression", "generatePreview", "returnByValue", "userGesture"]
2026-10-06T17:01:40.235108+00:00 [LayoutWatchdog] thread="LayoutWatchdog" event="cdp.result" method="Runtime.evaluate" seconds=0.0 keys=["result"]
2026-10-06T17:01:40.235108+00:00 [LayoutWatchdog] thread="LayoutWatchdog" event="browser.layout_watch" reason="post-reveal" ok=true fixed=0 good=2 ms=125 innerWidth=658 dpr=0.667
2026-10-06T17:01:40.331106+00:00 [BrowserWatch:show] thread="BrowserWatch:show" event="cdp.send" method="Runtime.evaluate" timeout=0.6 params=["awaitPromise", "expression", "generatePreview", "returnByValue", "userGesture"]
2026-10-06T17:01:40.332110+00:00 [BrowserWatch:show] thread="BrowserWatch:show" event="cdp.result" method="Runtime.evaluate" seconds=0.0 keys=["result"]
2026-10-06T17:01:40.340109+00:00 [Dummy-20] thread="Dummy-20" event="cdp.send" method="Runtime.evaluate" timeout=2 params=["awaitPromise", "expression", "generatePreview", "returnByValue", "userGesture"]
2026-10-06T17:01:40.340109+00:00 [Dummy-20] thread="Dummy-20" event="cdp.result" method="Runtime.evaluate" seconds=0.0 keys=["result"]
2026-10-06T17:01:40.341109+00:00 [BrowserWatch:hide] thread="BrowserWatch:hide" event="cdp.send" method="Runtime.evaluate" timeout=0.6 params=["awaitPromise", "expression", "generatePreview", "returnByValue", "userGesture"]
2026-10-06T17:01:40.341109+00:00 [BrowserWatch:hide] thread="BrowserWatch:hide" event="cdp.result" method="Runtime.evaluate" seconds=0.0 keys=["result"]
2026-10-06T17:01:40.346107+00:00 [Dummy-20] thread="Dummy-20" event="cdp.send" method="Runtime.evaluate" timeout=3 params=["awaitPromise", "expression", "generatePreview", "returnByValue", "userGesture"]
2026-10-06T17:01:40.347107+00:00 [Dummy-20] thread="Dummy-20" event="cdp.result" method="Runtime.evaluate" seconds=0.0 keys=["result"]
2026-10-06T17:01:40.487107+00:00 [BrowserWatch:show] thread="BrowserWatch:show" event="cdp.send" method="Runtime.evaluate" timeout=0.6 params=["awaitPromise", "expression", "generatePreview", "returnByValue", "userGesture"]
2026-10-06T17:01:40.488110+00:00 [BrowserWatch:show] thread="BrowserWatch:show" event="cdp.result" method="Runtime.evaluate" seconds=0.0 keys=["result"]
2026-10-06T17:01:40.498109+00:00 [Dummy-20] thread="Dummy-20" event="cdp.send" method="Runtime.evaluate" timeout=2 params=["awaitPromise", "expression", "generatePreview", "returnByValue", "userGesture"]
2026-10-06T17:01:40.499108+00:00 [Dummy-20] thread="Dummy-20" event="cdp.result" method="Runtime.evaluate" seconds=0.0 keys=["result"]
2026-10-06T17:01:40.505109+00:00 [Dummy-20] thread="Dummy-20" event="cdp.send" method="Runtime.evaluate" timeout=3 params=["awaitPromise", "expression", "generatePreview", "returnByValue", "userGesture"]
2026-10-06T17:01:40.506108+00:00 [Dummy-20] thread="Dummy-20" event="cdp.result" method="Runtime.evaluate" seconds=0.0 keys=["result"]
2026-10-06T17:01:40.599108+00:00 [BrowserWatch:hide] thread="BrowserWatch:hide" event="cdp.send" method="Runtime.evaluate" timeout=0.6 params=["awaitPromise", "expression", "generatePreview", "returnByValue", "userGesture"]
2026-10-06T17:01:40.600108+00:00 [BrowserWatch:hide] thread="BrowserWatch:hide" event="cdp.result" method="Runtime.evaluate" seconds=0.0 keys=["result"]
2026-10-06T17:01:40.645109+00:00 [BrowserWatch:show] thread="BrowserWatch:show" event="cdp.send" method="Runtime.evaluate" timeout=0.6 params=["awaitPromise", "expression", "generatePreview", "returnByValue", "userGesture"]
2026-10-06T17:01:40.645109+00:00 [BrowserWatch:show] thread="BrowserWatch:show" event="cdp.result" method="Runtime.evaluate" seconds=0.0 keys=["result"]
2026-10-06T17:01:40.657109+00:00 [Dummy-20] thread="Dummy-20" event="cdp.send" method="Runtime.evaluate" timeout=2 params=["awaitPromise", "expression", "generatePreview", "returnByValue", "userGesture"]
2026-10-06T17:01:40.658109+00:00 [Dummy-20] thread="Dummy-20" event="cdp.result" method="Runtime.evaluate" seconds=0.0 keys=["result"]
2026-10-06T17:01:40.663111+00:00 [Dummy-20] thread="Dummy-20" event="cdp.send" method="Runtime.evaluate" timeout=3 params=["awaitPromise", "expression", "generatePreview", "returnByValue", "userGesture"]
2026-10-06T17:01:40.664110+00:00 [Dummy-20] thread="Dummy-20" event="cdp.result" method="Runtime.evaluate" seconds=0.0 keys=["result"]
2026-10-06T17:01:40.803108+00:00 [BrowserWatch:show] thread="BrowserWatch:show" event="cdp.send" method="Runtime.evaluate" timeout=0.6 params=["awaitPromise", "expression", "generatePreview", "returnByValue", "userGesture"]
2026-10-06T17:01:40.804109+00:00 [BrowserWatch:show] thread="BrowserWatch:show" event="cdp.result" method="Runtime.evaluate" seconds=0.016 keys=["result"]
2026-10-06T17:01:40.815108+00:00 [Dummy-20] thread="Dummy-20" event="cdp.send" method="Runtime.evaluate" timeout=2 params=["awaitPromise", "expression", "generatePreview", "returnByValue", "userGesture"]
2026-10-06T17:01:40.816111+00:00 [Dummy-20] thread="Dummy-20" event="cdp.result" method="Runtime.evaluate" seconds=0.0 keys=["result"]
2026-10-06T17:01:40.825107+00:00 [Dummy-20] thread="Dummy-20" event="cdp.send" method="Runtime.evaluate" timeout=3 params=["awaitPromise", "expression", "generatePreview", "returnByValue", "userGesture"]
2026-10-06T17:01:40.826109+00:00 [Dummy-20] thread="Dummy-20" event="cdp.result" method="Runtime.evaluate" seconds=0.0 keys=["result"]
2026-10-06T17:01:40.865112+00:00 [BrowserWatch:hide] thread="BrowserWatch:hide" event="cdp.send" method="Runtime.evaluate" timeout=0.6 params=["awaitPromise", "expression", "generatePreview", "returnByValue", "userGesture"]
2026-10-06T17:01:40.866108+00:00 [BrowserWatch:hide] thread="BrowserWatch:hide" event="cdp.result" method="Runtime.evaluate" seconds=0.015 keys=["result"]
2026-10-06T17:01:40.959109+00:00 [BrowserWatch:show] thread="BrowserWatch:show" event="cdp.send" method="Runtime.evaluate" timeout=0.6 params=["awaitPromise", "expression", "generatePreview", "returnByValue", "userGesture"]
2026-10-06T17:01:40.960111+00:00 [BrowserWatch:show] thread="BrowserWatch:show" event="cdp.result" method="Runtime.evaluate" seconds=0.016 keys=["result"]
2026-10-06T17:01:40.977109+00:00 [Dummy-20] thread="Dummy-20" event="cdp.send" method="Runtime.evaluate" timeout=2 params=["awaitPromise", "expression", "generatePreview", "returnByValue", "userGesture"]
2026-10-06T17:01:40.978109+00:00 [Dummy-20] thread="Dummy-20" event="cdp.result" method="Runtime.evaluate" seconds=0.0 keys=["result"]
2026-10-06T17:01:40.985110+00:00 [Dummy-20] thread="Dummy-20" event="cdp.send" method="Runtime.evaluate" timeout=3 params=["awaitPromise", "expression", "generatePreview", "returnByValue", "userGesture"]
2026-10-06T17:01:40.986108+00:00 [Dummy-20] thread="Dummy-20" event="cdp.result" method="Runtime.evaluate" seconds=0.0 keys=["result"]
2026-10-06T17:01:41.069108+00:00 [MainThread] thread="MainThread" event="focus.handoff" host=329442 browser=132878 target=133106 target_tid=24700 previous=329442 error=0 before={"active": 329442, "focus": 329442, "caret": 0} after={"active": 329442, "focus": 133106, "caret": 0} success=true
2026-10-06T17:01:41.069108+00:00 [MainThread] thread="MainThread" event="focus.detach" success=true error=0 after={"active": 329442, "focus": 133106, "caret": 0}
2026-10-06T17:01:41.115106+00:00 [BrowserWatch:show] thread="BrowserWatch:show" event="cdp.send" method="Runtime.evaluate" timeout=0.6 params=["awaitPromise", "expression", "generatePreview", "returnByValue", "userGesture"]
2026-10-06T17:01:41.116107+00:00 [BrowserWatch:show] thread="BrowserWatch:show" event="cdp.result" method="Runtime.evaluate" seconds=0.015 keys=["result"]
2026-10-06T17:01:41.137110+00:00 [Dummy-20] thread="Dummy-20" event="cdp.send" method="Runtime.evaluate" timeout=2 params=["awaitPromise", "expression", "generatePreview", "returnByValue", "userGesture"]
2026-10-06T17:01:41.138108+00:00 [Dummy-20] thread="Dummy-20" event="cdp.result" method="Runtime.evaluate" seconds=0.0 keys=["result"]
2026-10-06T17:01:41.144107+00:00 [Dummy-20] thread="Dummy-20" event="cdp.send" method="Runtime.evaluate" timeout=3 params=["awaitPromise", "expression", "generatePreview", "returnByValue", "userGesture"]
2026-10-06T17:01:41.145111+00:00 [Dummy-20] thread="Dummy-20" event="cdp.result" method="Runtime.evaluate" seconds=0.0 keys=["result"]
2026-10-06T17:01:41.146109+00:00 [ResponsePoll] thread="ResponsePoll" event="cdp.send" method="Runtime.evaluate" timeout=1 params=["awaitPromise", "expression", "generatePreview", "returnByValue", "userGesture"]
2026-10-06T17:01:41.147108+00:00 [ResponsePoll] thread="ResponsePoll" event="cdp.result" method="Runtime.evaluate" seconds=0.0 keys=["result"]
2026-10-06T17:01:41.270109+00:00 [BrowserWatch:show] thread="BrowserWatch:show" event="cdp.send" method="Runtime.evaluate" timeout=0.6 params=["awaitPromise", "expression", "generatePreview", "returnByValue", "userGesture"]
2026-10-06T17:01:41.271110+00:00 [BrowserWatch:show] thread="BrowserWatch:show" event="cdp.result" method="Runtime.evaluate" seconds=0.0 keys=["result"]
2026-10-06T17:01:41.296107+00:00 [Dummy-20] thread="Dummy-20" event="cdp.send" method="Runtime.evaluate" timeout=2 params=["awaitPromise", "expression", "generatePreview", "returnByValue", "userGesture"]
2026-10-06T17:01:41.297110+00:00 [Dummy-20] thread="Dummy-20" event="cdp.result" method="Runtime.evaluate" seconds=0.0 keys=["result"]
2026-10-06T17:01:41.297110+00:00 [Dummy-20] thread="Dummy-20" event="upload.state" present=4 uploading=false probe_ok=true pdf_exists=true template_exists=true attempts_failed=0
2026-10-06T17:01:41.297110+00:00 [Dummy-20] thread="Dummy-20" event="cdp.send" method="Runtime.evaluate" timeout=2 params=["awaitPromise", "expression", "generatePreview", "returnByValue", "userGesture"]
2026-10-06T17:01:41.297110+00:00 [Dummy-20] thread="Dummy-20" event="cdp.result" method="Runtime.evaluate" seconds=0.0 keys=["result"]
2026-10-06T17:01:41.297110+00:00 [Dummy-20] thread="Dummy-20" event="page.probe" category="google" ready="complete" bodyChildren=55 fileInputs=0 editors=2 frames=0 documentFocused=true activeEditable=false activeReadOnly=false activeDisabled=false
2026-10-06T17:01:41.303109+00:00 [Dummy-20] thread="Dummy-20" event="cdp.send" method="Runtime.evaluate" timeout=3 params=["awaitPromise", "expression", "generatePreview", "returnByValue", "userGesture"]
2026-10-06T17:01:41.304108+00:00 [Dummy-20] thread="Dummy-20" event="cdp.result" method="Runtime.evaluate" seconds=0.016 keys=["result"]
2026-10-06T17:01:41.429112+00:00 [BrowserWatch:show] thread="BrowserWatch:show" event="cdp.send" method="Runtime.evaluate" timeout=0.6 params=["awaitPromise", "expression", "generatePreview", "returnByValue", "userGesture"]
2026-10-06T17:01:41.430110+00:00 [BrowserWatch:show] thread="BrowserWatch:show" event="cdp.result" method="Runtime.evaluate" seconds=0.0 keys=["result"]
2026-10-06T17:01:41.455109+00:00 [Dummy-20] thread="Dummy-20" event="cdp.send" method="Runtime.evaluate" timeout=2 params=["awaitPromise", "expression", "generatePreview", "returnByValue", "userGesture"]
2026-10-06T17:01:41.456110+00:00 [Dummy-20] thread="Dummy-20" event="cdp.result" method="Runtime.evaluate" seconds=0.0 keys=["result"]
2026-10-06T17:01:41.461109+00:00 [Dummy-20] thread="Dummy-20" event="cdp.send" method="Runtime.evaluate" timeout=3 params=["awaitPromise", "expression", "generatePreview", "returnByValue", "userGesture"]
2026-10-06T17:01:41.462108+00:00 [Dummy-20] thread="Dummy-20" event="cdp.result" method="Runtime.evaluate" seconds=0.0 keys=["result"]
2026-10-06T17:01:41.523110+00:00 [MainThread] thread="MainThread" event="main.snapshot" visible=true minimized=false geometry=[1985, 365, 453, 735] dpr=1.0 chrome_hwnd=132878 worker_running=false chromium_exit=null overlay_visible=false page_verdict="ai_mode" native_mode=true chat_ready=true cover_visible=false settling=false
2026-10-06T17:01:41.587109+00:00 [BrowserWatch:show] thread="BrowserWatch:show" event="cdp.send" method="Runtime.evaluate" timeout=0.6 params=["awaitPromise", "expression", "generatePreview", "returnByValue", "userGesture"]
2026-10-06T17:01:41.587109+00:00 [BrowserWatch:show] thread="BrowserWatch:show" event="cdp.result" method="Runtime.evaluate" seconds=0.0 keys=["result"]
2026-10-06T17:01:41.613110+00:00 [Dummy-20] thread="Dummy-20" event="cdp.send" method="Runtime.evaluate" timeout=2 params=["awaitPromise", "expression", "generatePreview", "returnByValue", "userGesture"]
2026-10-06T17:01:41.613110+00:00 [Dummy-20] thread="Dummy-20" event="cdp.result" method="Runtime.evaluate" seconds=0.0 keys=["result"]
2026-10-06T17:01:41.619109+00:00 [Dummy-20] thread="Dummy-20" event="cdp.send" method="Runtime.evaluate" timeout=3 params=["awaitPromise", "expression", "generatePreview", "returnByValue", "userGesture"]
2026-10-06T17:01:41.620109+00:00 [Dummy-20] thread="Dummy-20" event="cdp.result" method="Runtime.evaluate" seconds=0.0 keys=["result"]
2026-10-06T17:01:41.681110+00:00 [MainThread] thread="MainThread" event="focus.already_owned" browser=132878
2026-10-06T17:01:41.745109+00:00 [BrowserWatch:show] thread="BrowserWatch:show" event="cdp.send" method="Runtime.evaluate" timeout=0.6 params=["awaitPromise", "expression", "generatePreview", "returnByValue", "userGesture"]
2026-10-06T17:01:41.745109+00:00 [BrowserWatch:show] thread="BrowserWatch:show" event="cdp.result" method="Runtime.evaluate" seconds=0.0 keys=["result"]
2026-10-06T17:01:41.771108+00:00 [Dummy-20] thread="Dummy-20" event="cdp.send" method="Runtime.evaluate" timeout=2 params=["awaitPromise", "expression", "generatePreview", "returnByValue", "userGesture"]
2026-10-06T17:01:41.772110+00:00 [Dummy-20] thread="Dummy-20" event="cdp.result" method="Runtime.evaluate" seconds=0.0 keys=["result"]
2026-10-06T17:01:41.777110+00:00 [Dummy-20] thread="Dummy-20" event="cdp.send" method="Runtime.evaluate" timeout=3 params=["awaitPromise", "expression", "generatePreview", "returnByValue", "userGesture"]
2026-10-06T17:01:41.778110+00:00 [Dummy-20] thread="Dummy-20" event="cdp.result" method="Runtime.evaluate" seconds=0.0 keys=["result"]
2026-10-06T17:01:41.903109+00:00 [BrowserWatch:show] thread="BrowserWatch:show" event="cdp.send" method="Runtime.evaluate" timeout=0.6 params=["awaitPromise", "expression", "generatePreview", "returnByValue", "userGesture"]
2026-10-06T17:01:41.904107+00:00 [BrowserWatch:show] thread="BrowserWatch:show" event="cdp.result" method="Runtime.evaluate" seconds=0.0 keys=["result"]
2026-10-06T17:01:41.929110+00:00 [Dummy-20] thread="Dummy-20" event="cdp.send" method="Runtime.evaluate" timeout=2 params=["awaitPromise", "expression", "generatePreview", "returnByValue", "userGesture"]
2026-10-06T17:01:41.930108+00:00 [Dummy-20] thread="Dummy-20" event="cdp.result" method="Runtime.evaluate" seconds=0.0 keys=["result"]
2026-10-06T17:01:41.936108+00:00 [Dummy-20] thread="Dummy-20" event="cdp.send" method="Runtime.evaluate" timeout=3 params=["awaitPromise", "expression", "generatePreview", "returnByValue", "userGesture"]
2026-10-06T17:01:41.938107+00:00 [Dummy-20] thread="Dummy-20" event="cdp.result" method="Runtime.evaluate" seconds=0.0 keys=["result"]
2026-10-06T17:01:42.089108+00:00 [Dummy-20] thread="Dummy-20" event="cdp.send" method="Runtime.evaluate" timeout=2 params=["awaitPromise", "expression", "generatePreview", "returnByValue", "userGesture"]
2026-10-06T17:01:42.090110+00:00 [Dummy-20] thread="Dummy-20" event="cdp.result" method="Runtime.evaluate" seconds=0.0 keys=["result"]
2026-10-06T17:01:42.095106+00:00 [Dummy-20] thread="Dummy-20" event="cdp.send" method="Runtime.evaluate" timeout=3 params=["awaitPromise", "expression", "generatePreview", "returnByValue", "userGesture"]
2026-10-06T17:01:42.096109+00:00 [Dummy-20] thread="Dummy-20" event="cdp.result" method="Runtime.evaluate" seconds=0.0 keys=["result"]
2026-10-06T17:01:42.141109+00:00 [ResponsePoll] thread="ResponsePoll" event="cdp.send" method="Runtime.evaluate" timeout=1 params=["awaitPromise", "expression", "generatePreview", "returnByValue", "userGesture"]
2026-10-06T17:01:42.142109+00:00 [ResponsePoll] thread="ResponsePoll" event="cdp.result" method="Runtime.evaluate" seconds=0.0 keys=["result"]
2026-10-06T17:01:42.220110+00:00 [BrowserWatch:show] thread="BrowserWatch:show" event="cdp.send" method="Runtime.evaluate" timeout=0.6 params=["awaitPromise", "expression", "generatePreview", "returnByValue", "userGesture"]
2026-10-06T17:01:42.221108+00:00 [BrowserWatch:show] thread="BrowserWatch:show" event="cdp.result" method="Runtime.evaluate" seconds=0.0 keys=["result"]
2026-10-06T17:01:42.247109+00:00 [Dummy-20] thread="Dummy-20" event="cdp.send" method="Runtime.evaluate" timeout=2 params=["awaitPromise", "expression", "generatePreview", "returnByValue", "userGesture"]
2026-10-06T17:01:42.247109+00:00 [Dummy-20] thread="Dummy-20" event="cdp.result" method="Runtime.evaluate" seconds=0.0 keys=["result"]
2026-10-06T17:01:42.253108+00:00 [Dummy-20] thread="Dummy-20" event="cdp.send" method="Runtime.evaluate" timeout=3 params=["awaitPromise", "expression", "generatePreview", "returnByValue", "userGesture"]
2026-10-06T17:01:42.254109+00:00 [Dummy-20] thread="Dummy-20" event="cdp.result" method="Runtime.evaluate" seconds=0.0 keys=["result"]
2026-10-06T17:01:42.405108+00:00 [Dummy-20] thread="Dummy-20" event="cdp.send" method="Runtime.evaluate" timeout=2 params=["awaitPromise", "expression", "generatePreview", "returnByValue", "userGesture"]
2026-10-06T17:01:42.406107+00:00 [Dummy-20] thread="Dummy-20" event="cdp.result" method="Runtime.evaluate" seconds=0.0 keys=["result"]
2026-10-06T17:01:42.411107+00:00 [Dummy-20] thread="Dummy-20" event="cdp.send" method="Runtime.evaluate" timeout=3 params=["awaitPromise", "expression", "generatePreview", "returnByValue", "userGesture"]
2026-10-06T17:01:42.412109+00:00 [Dummy-20] thread="Dummy-20" event="cdp.result" method="Runtime.evaluate" seconds=0.0 keys=["result"]
2026-10-06T17:01:42.484109+00:00 [BrowserWatch:show] thread="BrowserWatch:show" event="cdp.send" method="Runtime.evaluate" timeout=0.6 params=["awaitPromise", "expression", "generatePreview", "returnByValue", "userGesture"]
2026-10-06T17:01:42.485110+00:00 [BrowserWatch:show] thread="BrowserWatch:show" event="cdp.result" method="Runtime.evaluate" seconds=0.0 keys=["result"]
2026-10-06T17:01:42.563107+00:00 [Dummy-20] thread="Dummy-20" event="cdp.send" method="Runtime.evaluate" timeout=2 params=["awaitPromise", "expression", "generatePreview", "returnByValue", "userGesture"]
2026-10-06T17:01:42.564107+00:00 [Dummy-20] thread="Dummy-20" event="cdp.result" method="Runtime.evaluate" seconds=0.0 keys=["result"]
2026-10-06T17:01:42.569109+00:00 [Dummy-20] thread="Dummy-20" event="cdp.send" method="Runtime.evaluate" timeout=3 params=["awaitPromise", "expression", "generatePreview", "returnByValue", "userGesture"]
2026-10-06T17:01:42.570108+00:00 [Dummy-20] thread="Dummy-20" event="cdp.result" method="Runtime.evaluate" seconds=0.015 keys=["result"]
2026-10-06T17:01:42.721110+00:00 [Dummy-20] thread="Dummy-20" event="cdp.send" method="Runtime.evaluate" timeout=2 params=["awaitPromise", "expression", "generatePreview", "returnByValue", "userGesture"]
2026-10-06T17:01:42.722111+00:00 [Dummy-20] thread="Dummy-20" event="cdp.result" method="Runtime.evaluate" seconds=0.0 keys=["result"]
2026-10-06T17:01:42.727107+00:00 [Dummy-20] thread="Dummy-20" event="cdp.send" method="Runtime.evaluate" timeout=3 params=["awaitPromise", "expression", "generatePreview", "returnByValue", "userGesture"]
2026-10-06T17:01:42.728111+00:00 [Dummy-20] thread="Dummy-20" event="cdp.result" method="Runtime.evaluate" seconds=0.0 keys=["result"]
2026-10-06T17:01:42.749109+00:00 [BrowserWatch:show] thread="BrowserWatch:show" event="cdp.send" method="Runtime.evaluate" timeout=0.6 params=["awaitPromise", "expression", "generatePreview", "returnByValue", "userGesture"]
2026-10-06T17:01:42.750110+00:00 [BrowserWatch:show] thread="BrowserWatch:show" event="cdp.result" method="Runtime.evaluate" seconds=0.0 keys=["result"]
2026-10-06T17:01:42.879109+00:00 [Dummy-20] thread="Dummy-20" event="cdp.send" method="Runtime.evaluate" timeout=2 params=["awaitPromise", "expression", "generatePreview", "returnByValue", "userGesture"]
2026-10-06T17:01:42.880111+00:00 [Dummy-20] thread="Dummy-20" event="cdp.result" method="Runtime.evaluate" seconds=0.0 keys=["result"]
2026-10-06T17:01:42.885109+00:00 [Dummy-20] thread="Dummy-20" event="cdp.send" method="Runtime.evaluate" timeout=3 params=["awaitPromise", "expression", "generatePreview", "returnByValue", "userGesture"]
2026-10-06T17:01:42.886109+00:00 [Dummy-20] thread="Dummy-20" event="cdp.result" method="Runtime.evaluate" seconds=0.0 keys=["result"]
2026-10-06T17:01:43.001109+00:00 [BrowserWatch:show] thread="BrowserWatch:show" event="cdp.send" method="Runtime.evaluate" timeout=0.6 params=["awaitPromise", "expression", "generatePreview", "returnByValue", "userGesture"]
2026-10-06T17:01:43.002106+00:00 [BrowserWatch:show] thread="BrowserWatch:show" event="cdp.result" method="Runtime.evaluate" seconds=0.0 keys=["result"]
2026-10-06T17:01:43.037109+00:00 [Dummy-20] thread="Dummy-20" event="cdp.send" method="Runtime.evaluate" timeout=2 params=["awaitPromise", "expression", "generatePreview", "returnByValue", "userGesture"]
2026-10-06T17:01:43.038110+00:00 [Dummy-20] thread="Dummy-20" event="cdp.result" method="Runtime.evaluate" seconds=0.016 keys=["result"]
2026-10-06T17:01:43.043109+00:00 [Dummy-20] thread="Dummy-20" event="cdp.send" method="Runtime.evaluate" timeout=3 params=["awaitPromise", "expression", "generatePreview", "returnByValue", "userGesture"]
2026-10-06T17:01:43.044110+00:00 [Dummy-20] thread="Dummy-20" event="cdp.result" method="Runtime.evaluate" seconds=0.0 keys=["result"]
2026-10-06T17:01:43.141107+00:00 [ResponsePoll] thread="ResponsePoll" event="cdp.send" method="Runtime.evaluate" timeout=1 params=["awaitPromise", "expression", "generatePreview", "returnByValue", "userGesture"]
2026-10-06T17:01:43.142108+00:00 [ResponsePoll] thread="ResponsePoll" event="cdp.result" method="Runtime.evaluate" seconds=0.0 keys=["result"]
2026-10-06T17:01:43.195108+00:00 [Dummy-20] thread="Dummy-20" event="cdp.send" method="Runtime.evaluate" timeout=2 params=["awaitPromise", "expression", "generatePreview", "returnByValue", "userGesture"]
2026-10-06T17:01:43.196107+00:00 [Dummy-20] thread="Dummy-20" event="cdp.result" method="Runtime.evaluate" seconds=0.0 keys=["result"]
2026-10-06T17:01:43.201109+00:00 [Dummy-20] thread="Dummy-20" event="cdp.send" method="Runtime.evaluate" timeout=3 params=["awaitPromise", "expression", "generatePreview", "returnByValue", "userGesture"]
2026-10-06T17:01:43.202107+00:00 [Dummy-20] thread="Dummy-20" event="cdp.result" method="Runtime.evaluate" seconds=0.0 keys=["result"]
2026-10-06T17:01:43.267109+00:00 [BrowserWatch:show] thread="BrowserWatch:show" event="cdp.send" method="Runtime.evaluate" timeout=0.6 params=["awaitPromise", "expression", "generatePreview", "returnByValue", "userGesture"]
2026-10-06T17:01:43.268108+00:00 [BrowserWatch:show] thread="BrowserWatch:show" event="cdp.result" method="Runtime.evaluate" seconds=0.0 keys=["result"]
2026-10-06T17:01:43.353108+00:00 [Dummy-20] thread="Dummy-20" event="cdp.send" method="Runtime.evaluate" timeout=2 params=["awaitPromise", "expression", "generatePreview", "returnByValue", "userGesture"]
2026-10-06T17:01:43.354108+00:00 [Dummy-20] thread="Dummy-20" event="cdp.result" method="Runtime.evaluate" seconds=0.0 keys=["result"]
2026-10-06T17:01:43.359106+00:00 [Dummy-20] thread="Dummy-20" event="cdp.send" method="Runtime.evaluate" timeout=3 params=["awaitPromise", "expression", "generatePreview", "returnByValue", "userGesture"]
2026-10-06T17:01:43.360108+00:00 [Dummy-20] thread="Dummy-20" event="cdp.result" method="Runtime.evaluate" seconds=0.0 keys=["result"]
2026-10-06T17:01:43.361107+00:00 [Thread-31 (_zoom_guard_once)] thread="Thread-31 (_zoom_guard_once)" event="cdp.send" method="Emulation.setLocaleOverride" timeout=4 params=["locale"]
2026-10-06T17:01:43.362107+00:00 [Thread-31 (_zoom_guard_once)] thread="Thread-31 (_zoom_guard_once)" event="cdp.result" method="Emulation.setLocaleOverride" seconds=0.0 keys=[]
2026-10-06T17:01:43.362107+00:00 [Thread-31 (_zoom_guard_once)] thread="Thread-31 (_zoom_guard_once)" event="cdp.send" method="Emulation.setAutoDarkModeOverride" timeout=4 params=["enabled"]
2026-10-06T17:01:43.362107+00:00 [Thread-31 (_zoom_guard_once)] thread="Thread-31 (_zoom_guard_once)" event="cdp.result" method="Emulation.setAutoDarkModeOverride" seconds=0.0 keys=[]
2026-10-06T17:01:43.362107+00:00 [Thread-31 (_zoom_guard_once)] thread="Thread-31 (_zoom_guard_once)" event="cdp.send" method="Emulation.setEmulatedMedia" timeout=4 params=["features"]
2026-10-06T17:01:43.362107+00:00 [Thread-31 (_zoom_guard_once)] thread="Thread-31 (_zoom_guard_once)" event="cdp.result" method="Emulation.setEmulatedMedia" seconds=0.0 keys=[]
2026-10-06T17:01:43.363110+00:00 [Thread-31 (_zoom_guard_once)] thread="Thread-31 (_zoom_guard_once)" event="cdp.send" method="Runtime.evaluate" timeout=3 params=["awaitPromise", "expression", "generatePreview", "returnByValue", "userGesture"]
2026-10-06T17:01:43.363110+00:00 [Thread-31 (_zoom_guard_once)] thread="Thread-31 (_zoom_guard_once)" event="cdp.result" method="Runtime.evaluate" seconds=0.0 keys=["result"]
2026-10-06T17:01:43.377109+00:00 [MainThread] thread="MainThread" event="trace.begin" name="NativeHost.hide_taskbar" args=1 kwargs=0
2026-10-06T17:01:43.439110+00:00 [MainThread] thread="MainThread" event="win32.taskbar_hidden" hwnd=132878 style=true delete_tab=false
2026-10-06T17:01:43.440110+00:00 [MainThread] thread="MainThread" event="trace.end" name="NativeHost.hide_taskbar" seconds=0.063
2026-10-06T17:01:43.511109+00:00 [Dummy-20] thread="Dummy-20" event="cdp.send" method="Runtime.evaluate" timeout=2 params=["awaitPromise", "expression", "generatePreview", "returnByValue", "userGesture"]
2026-10-06T17:01:43.511109+00:00 [Dummy-20] thread="Dummy-20" event="cdp.result" method="Runtime.evaluate" seconds=0.0 keys=["result"]
2026-10-06T17:01:43.517110+00:00 [Dummy-20] thread="Dummy-20" event="cdp.send" method="Runtime.evaluate" timeout=3 params=["awaitPromise", "expression", "generatePreview", "returnByValue", "userGesture"]
2026-10-06T17:01:43.518110+00:00 [Dummy-20] thread="Dummy-20" event="cdp.result" method="Runtime.evaluate" seconds=0.0 keys=["result"]
2026-10-06T17:01:43.521109+00:00 [BrowserWatch:show] thread="BrowserWatch:show" event="cdp.send" method="Runtime.evaluate" timeout=0.6 params=["awaitPromise", "expression", "generatePreview", "returnByValue", "userGesture"]
2026-10-06T17:01:43.522108+00:00 [BrowserWatch:show] thread="BrowserWatch:show" event="cdp.result" method="Runtime.evaluate" seconds=0.0 keys=["result"]
2026-10-06T17:01:43.669110+00:00 [Dummy-20] thread="Dummy-20" event="cdp.send" method="Runtime.evaluate" timeout=2 params=["awaitPromise", "expression", "generatePreview", "returnByValue", "userGesture"]
2026-10-06T17:01:43.670108+00:00 [Dummy-20] thread="Dummy-20" event="cdp.result" method="Runtime.evaluate" seconds=0.0 keys=["result"]
2026-10-06T17:01:43.675110+00:00 [Dummy-20] thread="Dummy-20" event="cdp.send" method="Runtime.evaluate" timeout=3 params=["awaitPromise", "expression", "generatePreview", "returnByValue", "userGesture"]
2026-10-06T17:01:43.676109+00:00 [Dummy-20] thread="Dummy-20" event="cdp.result" method="Runtime.evaluate" seconds=0.0 keys=["result"]
2026-10-06T17:01:43.786108+00:00 [BrowserWatch:show] thread="BrowserWatch:show" event="cdp.send" method="Runtime.evaluate" timeout=0.6 params=["awaitPromise", "expression", "generatePreview", "returnByValue", "userGesture"]
2026-10-06T17:01:43.787109+00:00 [BrowserWatch:show] thread="BrowserWatch:show" event="cdp.result" method="Runtime.evaluate" seconds=0.0 keys=["result"]
2026-10-06T17:01:43.827109+00:00 [Dummy-20] thread="Dummy-20" event="cdp.send" method="Runtime.evaluate" timeout=2 params=["awaitPromise", "expression", "generatePreview", "returnByValue", "userGesture"]
2026-10-06T17:01:43.828109+00:00 [Dummy-20] thread="Dummy-20" event="cdp.result" method="Runtime.evaluate" seconds=0.0 keys=["result"]
2026-10-06T17:01:43.833109+00:00 [Dummy-20] thread="Dummy-20" event="cdp.send" method="Runtime.evaluate" timeout=3 params=["awaitPromise", "expression", "generatePreview", "returnByValue", "userGesture"]
2026-10-06T17:01:43.834109+00:00 [Dummy-20] thread="Dummy-20" event="cdp.result" method="Runtime.evaluate" seconds=0.0 keys=["result"]
2026-10-06T17:01:43.985109+00:00 [Dummy-20] thread="Dummy-20" event="cdp.send" method="Runtime.evaluate" timeout=2 params=["awaitPromise", "expression", "generatePreview", "returnByValue", "userGesture"]
2026-10-06T17:01:43.985109+00:00 [Dummy-20] thread="Dummy-20" event="cdp.result" method="Runtime.evaluate" seconds=0.0 keys=["result"]
2026-10-06T17:01:43.991109+00:00 [Dummy-20] thread="Dummy-20" event="cdp.send" method="Runtime.evaluate" timeout=3 params=["awaitPromise", "expression", "generatePreview", "returnByValue", "userGesture"]
2026-10-06T17:01:43.992108+00:00 [Dummy-20] thread="Dummy-20" event="cdp.result" method="Runtime.evaluate" seconds=0.0 keys=["result"]
2026-10-06T17:01:44.039107+00:00 [BrowserWatch:show] thread="BrowserWatch:show" event="cdp.send" method="Runtime.evaluate" timeout=0.6 params=["awaitPromise", "expression", "generatePreview", "returnByValue", "userGesture"]
2026-10-06T17:01:44.040110+00:00 [BrowserWatch:show] thread="BrowserWatch:show" event="cdp.result" method="Runtime.evaluate" seconds=0.0 keys=["result"]
2026-10-06T17:01:44.135109+00:00 [ResponsePoll] thread="ResponsePoll" event="cdp.send" method="Runtime.evaluate" timeout=1 params=["awaitPromise", "expression", "generatePreview", "returnByValue", "userGesture"]
2026-10-06T17:01:44.136109+00:00 [ResponsePoll] thread="ResponsePoll" event="cdp.result" method="Runtime.evaluate" seconds=0.0 keys=["result"]
2026-10-06T17:01:44.143109+00:00 [Dummy-20] thread="Dummy-20" event="cdp.send" method="Runtime.evaluate" timeout=2 params=["awaitPromise", "expression", "generatePreview", "returnByValue", "userGesture"]
2026-10-06T17:01:44.144109+00:00 [Dummy-20] thread="Dummy-20" event="cdp.result" method="Runtime.evaluate" seconds=0.0 keys=["result"]
2026-10-06T17:01:44.149109+00:00 [Dummy-20] thread="Dummy-20" event="cdp.send" method="Runtime.evaluate" timeout=3 params=["awaitPromise", "expression", "generatePreview", "returnByValue", "userGesture"]
2026-10-06T17:01:44.150108+00:00 [Dummy-20] thread="Dummy-20" event="cdp.result" method="Runtime.evaluate" seconds=0.0 keys=["result"]
2026-10-06T17:01:44.295111+00:00 [BrowserWatch:show] thread="BrowserWatch:show" event="cdp.send" method="Runtime.evaluate" timeout=0.6 params=["awaitPromise", "expression", "generatePreview", "returnByValue", "userGesture"]
2026-10-06T17:01:44.296108+00:00 [BrowserWatch:show] thread="BrowserWatch:show" event="cdp.result" method="Runtime.evaluate" seconds=0.0 keys=["result"]
2026-10-06T17:01:44.301109+00:00 [Dummy-20] thread="Dummy-20" event="cdp.send" method="Runtime.evaluate" timeout=2 params=["awaitPromise", "expression", "generatePreview", "returnByValue", "userGesture"]
2026-10-06T17:01:44.301109+00:00 [Dummy-20] thread="Dummy-20" event="cdp.result" method="Runtime.evaluate" seconds=0.0 keys=["result"]
2026-10-06T17:01:44.307109+00:00 [Dummy-20] thread="Dummy-20" event="cdp.send" method="Runtime.evaluate" timeout=3 params=["awaitPromise", "expression", "generatePreview", "returnByValue", "userGesture"]
2026-10-06T17:01:44.308110+00:00 [Dummy-20] thread="Dummy-20" event="cdp.result" method="Runtime.evaluate" seconds=0.0 keys=["result"]
2026-10-06T17:01:44.459107+00:00 [Dummy-20] thread="Dummy-20" event="cdp.send" method="Runtime.evaluate" timeout=2 params=["awaitPromise", "expression", "generatePreview", "returnByValue", "userGesture"]
2026-10-06T17:01:44.460109+00:00 [Dummy-20] thread="Dummy-20" event="cdp.result" method="Runtime.evaluate" seconds=0.016 keys=["result"]
2026-10-06T17:01:44.465109+00:00 [Dummy-20] thread="Dummy-20" event="cdp.send" method="Runtime.evaluate" timeout=3 params=["awaitPromise", "expression", "generatePreview", "returnByValue", "userGesture"]
2026-10-06T17:01:44.466109+00:00 [Dummy-20] thread="Dummy-20" event="cdp.result" method="Runtime.evaluate" seconds=0.0 keys=["result"]
2026-10-06T17:01:44.547109+00:00 [BrowserWatch:show] thread="BrowserWatch:show" event="cdp.send" method="Runtime.evaluate" timeout=0.6 params=["awaitPromise", "expression", "generatePreview", "returnByValue", "userGesture"]
2026-10-06T17:01:44.548107+00:00 [BrowserWatch:show] thread="BrowserWatch:show" event="cdp.result" method="Runtime.evaluate" seconds=0.0 keys=["result"]
2026-10-06T17:01:44.617110+00:00 [Dummy-20] thread="Dummy-20" event="cdp.send" method="Runtime.evaluate" timeout=2 params=["awaitPromise", "expression", "generatePreview", "returnByValue", "userGesture"]
2026-10-06T17:01:44.618109+00:00 [Dummy-20] thread="Dummy-20" event="cdp.result" method="Runtime.evaluate" seconds=0.0 keys=["result"]
2026-10-06T17:01:44.623110+00:00 [Dummy-20] thread="Dummy-20" event="cdp.send" method="Runtime.evaluate" timeout=3 params=["awaitPromise", "expression", "generatePreview", "returnByValue", "userGesture"]
2026-10-06T17:01:44.624110+00:00 [Dummy-20] thread="Dummy-20" event="cdp.result" method="Runtime.evaluate" seconds=0.0 keys=["result"]
2026-10-06T17:01:44.775107+00:00 [Dummy-20] thread="Dummy-20" event="cdp.send" method="Runtime.evaluate" timeout=2 params=["awaitPromise", "expression", "generatePreview", "returnByValue", "userGesture"]
2026-10-06T17:01:44.776110+00:00 [Dummy-20] thread="Dummy-20" event="cdp.result" method="Runtime.evaluate" seconds=0.0 keys=["result"]
2026-10-06T17:01:44.781109+00:00 [Dummy-20] thread="Dummy-20" event="cdp.send" method="Runtime.evaluate" timeout=3 params=["awaitPromise", "expression", "generatePreview", "returnByValue", "userGesture"]
2026-10-06T17:01:44.782109+00:00 [Dummy-20] thread="Dummy-20" event="cdp.result" method="Runtime.evaluate" seconds=0.0 keys=["result"]
2026-10-06T17:01:44.813109+00:00 [BrowserWatch:show] thread="BrowserWatch:show" event="cdp.send" method="Runtime.evaluate" timeout=0.6 params=["awaitPromise", "expression", "generatePreview", "returnByValue", "userGesture"]
2026-10-06T17:01:44.814110+00:00 [BrowserWatch:show] thread="BrowserWatch:show" event="cdp.result" method="Runtime.evaluate" seconds=0.0 keys=["result"]
2026-10-06T17:01:44.934107+00:00 [Dummy-20] thread="Dummy-20" event="cdp.send" method="Runtime.evaluate" timeout=2 params=["awaitPromise", "expression", "generatePreview", "returnByValue", "userGesture"]
2026-10-06T17:01:44.935109+00:00 [Dummy-20] thread="Dummy-20" event="cdp.result" method="Runtime.evaluate" seconds=0.0 keys=["result"]
2026-10-06T17:01:44.941109+00:00 [Dummy-20] thread="Dummy-20" event="cdp.send" method="Runtime.evaluate" timeout=3 params=["awaitPromise", "expression", "generatePreview", "returnByValue", "userGesture"]
2026-10-06T17:01:44.942109+00:00 [Dummy-20] thread="Dummy-20" event="cdp.result" method="Runtime.evaluate" seconds=0.0 keys=["result"]
2026-10-06T17:01:45.065107+00:00 [BrowserWatch:show] thread="BrowserWatch:show" event="cdp.send" method="Runtime.evaluate" timeout=0.6 params=["awaitPromise", "expression", "generatePreview", "returnByValue", "userGesture"]
2026-10-06T17:01:45.066111+00:00 [BrowserWatch:show] thread="BrowserWatch:show" event="cdp.result" method="Runtime.evaluate" seconds=0.0 keys=["result"]
2026-10-06T17:01:45.093109+00:00 [Dummy-20] thread="Dummy-20" event="cdp.send" method="Runtime.evaluate" timeout=2 params=["awaitPromise", "expression", "generatePreview", "returnByValue", "userGesture"]
2026-10-06T17:01:45.094111+00:00 [Dummy-20] thread="Dummy-20" event="cdp.result" method="Runtime.evaluate" seconds=0.0 keys=["result"]
2026-10-06T17:01:45.099109+00:00 [Dummy-20] thread="Dummy-20" event="cdp.send" method="Runtime.evaluate" timeout=3 params=["awaitPromise", "expression", "generatePreview", "returnByValue", "userGesture"]
2026-10-06T17:01:45.100107+00:00 [Dummy-20] thread="Dummy-20" event="cdp.result" method="Runtime.evaluate" seconds=0.0 keys=["result"]
2026-10-06T17:01:45.145110+00:00 [ResponsePoll] thread="ResponsePoll" event="cdp.send" method="Runtime.evaluate" timeout=1 params=["awaitPromise", "expression", "generatePreview", "returnByValue", "userGesture"]
2026-10-06T17:01:45.146108+00:00 [ResponsePoll] thread="ResponsePoll" event="cdp.result" method="Runtime.evaluate" seconds=0.0 keys=["result"]
2026-10-06T17:01:45.251108+00:00 [Dummy-20] thread="Dummy-20" event="cdp.send" method="Runtime.evaluate" timeout=2 params=["awaitPromise", "expression", "generatePreview", "returnByValue", "userGesture"]
2026-10-06T17:01:45.252107+00:00 [Dummy-20] thread="Dummy-20" event="cdp.result" method="Runtime.evaluate" seconds=0.0 keys=["result"]
2026-10-06T17:01:45.257111+00:00 [Dummy-20] thread="Dummy-20" event="cdp.send" method="Runtime.evaluate" timeout=3 params=["awaitPromise", "expression", "generatePreview", "returnByValue", "userGesture"]
2026-10-06T17:01:45.258109+00:00 [Dummy-20] thread="Dummy-20" event="cdp.result" method="Runtime.evaluate" seconds=0.0 keys=["result"]
2026-10-06T17:01:45.319109+00:00 [BrowserWatch:show] thread="BrowserWatch:show" event="cdp.send" method="Runtime.evaluate" timeout=0.6 params=["awaitPromise", "expression", "generatePreview", "returnByValue", "userGesture"]
2026-10-06T17:01:45.320110+00:00 [BrowserWatch:show] thread="BrowserWatch:show" event="cdp.result" method="Runtime.evaluate" seconds=0.015 keys=["result"]
2026-10-06T17:01:45.410109+00:00 [Dummy-20] thread="Dummy-20" event="cdp.send" method="Runtime.evaluate" timeout=2 params=["awaitPromise", "expression", "generatePreview", "returnByValue", "userGesture"]
2026-10-06T17:01:45.411110+00:00 [Dummy-20] thread="Dummy-20" event="cdp.result" method="Runtime.evaluate" seconds=0.0 keys=["result"]
2026-10-06T17:01:45.416110+00:00 [Dummy-20] thread="Dummy-20" event="cdp.send" method="Runtime.evaluate" timeout=3 params=["awaitPromise", "expression", "generatePreview", "returnByValue", "userGesture"]
2026-10-06T17:01:45.417110+00:00 [Dummy-20] thread="Dummy-20" event="cdp.result" method="Runtime.evaluate" seconds=0.0 keys=["result"]
2026-10-06T17:01:45.568111+00:00 [Dummy-20] thread="Dummy-20" event="cdp.send" method="Runtime.evaluate" timeout=2 params=["awaitPromise", "expression", "generatePreview", "returnByValue", "userGesture"]
2026-10-06T17:01:45.569110+00:00 [Dummy-20] thread="Dummy-20" event="cdp.result" method="Runtime.evaluate" seconds=0.0 keys=["result"]
2026-10-06T17:01:45.573109+00:00 [BrowserWatch:show] thread="BrowserWatch:show" event="cdp.send" method="Runtime.evaluate" timeout=0.6 params=["awaitPromise", "expression", "generatePreview", "returnByValue", "userGesture"]
2026-10-06T17:01:45.574109+00:00 [BrowserWatch:show] thread="BrowserWatch:show" event="cdp.result" method="Runtime.evaluate" seconds=0.0 keys=["result"]
2026-10-06T17:01:45.575108+00:00 [Dummy-20] thread="Dummy-20" event="cdp.send" method="Runtime.evaluate" timeout=3 params=["awaitPromise", "expression", "generatePreview", "returnByValue", "userGesture"]
2026-10-06T17:01:45.575108+00:00 [Dummy-20] thread="Dummy-20" event="cdp.result" method="Runtime.evaluate" seconds=0.0 keys=["result"]
2026-10-06T17:01:45.727108+00:00 [Dummy-20] thread="Dummy-20" event="cdp.send" method="Runtime.evaluate" timeout=2 params=["awaitPromise", "expression", "generatePreview", "returnByValue", "userGesture"]
2026-10-06T17:01:45.728109+00:00 [Dummy-20] thread="Dummy-20" event="cdp.result" method="Runtime.evaluate" seconds=0.0 keys=["result"]
2026-10-06T17:01:45.733109+00:00 [Dummy-20] thread="Dummy-20" event="cdp.send" method="Runtime.evaluate" timeout=3 params=["awaitPromise", "expression", "generatePreview", "returnByValue", "userGesture"]
2026-10-06T17:01:45.734108+00:00 [Dummy-20] thread="Dummy-20" event="cdp.result" method="Runtime.evaluate" seconds=0.0 keys=["result"]
2026-10-06T17:01:45.836109+00:00 [BrowserWatch:show] thread="BrowserWatch:show" event="cdp.send" method="Runtime.evaluate" timeout=0.6 params=["awaitPromise", "expression", "generatePreview", "returnByValue", "userGesture"]
2026-10-06T17:01:45.837110+00:00 [BrowserWatch:show] thread="BrowserWatch:show" event="cdp.result" method="Runtime.evaluate" seconds=0.0 keys=["result"]
2026-10-06T17:01:45.885107+00:00 [Dummy-20] thread="Dummy-20" event="cdp.send" method="Runtime.evaluate" timeout=2 params=["awaitPromise", "expression", "generatePreview", "returnByValue", "userGesture"]
2026-10-06T17:01:45.886108+00:00 [Dummy-20] thread="Dummy-20" event="cdp.result" method="Runtime.evaluate" seconds=0.0 keys=["result"]
2026-10-06T17:01:45.891109+00:00 [Dummy-20] thread="Dummy-20" event="cdp.send" method="Runtime.evaluate" timeout=3 params=["awaitPromise", "expression", "generatePreview", "returnByValue", "userGesture"]
2026-10-06T17:01:45.892108+00:00 [Dummy-20] thread="Dummy-20" event="cdp.result" method="Runtime.evaluate" seconds=0.0 keys=["result"]
2026-10-06T17:01:46.043109+00:00 [Dummy-20] thread="Dummy-20" event="cdp.send" method="Runtime.evaluate" timeout=2 params=["awaitPromise", "expression", "generatePreview", "returnByValue", "userGesture"]
2026-10-06T17:01:46.044110+00:00 [Dummy-20] thread="Dummy-20" event="cdp.result" method="Runtime.evaluate" seconds=0.0 keys=["result"]
2026-10-06T17:01:46.049109+00:00 [Dummy-20] thread="Dummy-20" event="cdp.send" method="Runtime.evaluate" timeout=3 params=["awaitPromise", "expression", "generatePreview", "returnByValue", "userGesture"]
2026-10-06T17:01:46.050110+00:00 [Dummy-20] thread="Dummy-20" event="cdp.result" method="Runtime.evaluate" seconds=0.0 keys=["result"]
2026-10-06T17:01:46.102109+00:00 [BrowserWatch:show] thread="BrowserWatch:show" event="cdp.send" method="Runtime.evaluate" timeout=0.6 params=["awaitPromise", "expression", "generatePreview", "returnByValue", "userGesture"]
2026-10-06T17:01:46.103110+00:00 [BrowserWatch:show] thread="BrowserWatch:show" event="cdp.result" method="Runtime.evaluate" seconds=0.0 keys=["result"]
2026-10-06T17:01:46.133108+00:00 [ResponsePoll] thread="ResponsePoll" event="cdp.send" method="Runtime.evaluate" timeout=1 params=["awaitPromise", "expression", "generatePreview", "returnByValue", "userGesture"]
2026-10-06T17:01:46.134108+00:00 [ResponsePoll] thread="ResponsePoll" event="cdp.result" method="Runtime.evaluate" seconds=0.0 keys=["result"]
2026-10-06T17:01:46.201110+00:00 [Dummy-20] thread="Dummy-20" event="cdp.send" method="Runtime.evaluate" timeout=2 params=["awaitPromise", "expression", "generatePreview", "returnByValue", "userGesture"]
2026-10-06T17:01:46.202110+00:00 [Dummy-20] thread="Dummy-20" event="cdp.result" method="Runtime.evaluate" seconds=0.0 keys=["result"]
2026-10-06T17:01:46.207109+00:00 [Dummy-20] thread="Dummy-20" event="cdp.send" method="Runtime.evaluate" timeout=3 params=["awaitPromise", "expression", "generatePreview", "returnByValue", "userGesture"]
2026-10-06T17:01:46.208109+00:00 [Dummy-20] thread="Dummy-20" event="cdp.result" method="Runtime.evaluate" seconds=0.0 keys=["result"]
2026-10-06T17:01:46.355107+00:00 [BrowserWatch:show] thread="BrowserWatch:show" event="cdp.send" method="Runtime.evaluate" timeout=0.6 params=["awaitPromise", "expression", "generatePreview", "returnByValue", "userGesture"]
2026-10-06T17:01:46.356109+00:00 [BrowserWatch:show] thread="BrowserWatch:show" event="cdp.result" method="Runtime.evaluate" seconds=0.0 keys=["result"]
2026-10-06T17:01:46.359109+00:00 [Dummy-20] thread="Dummy-20" event="cdp.send" method="Runtime.evaluate" timeout=2 params=["awaitPromise", "expression", "generatePreview", "returnByValue", "userGesture"]
2026-10-06T17:01:46.360110+00:00 [Dummy-20] thread="Dummy-20" event="cdp.result" method="Runtime.evaluate" seconds=0.0 keys=["result"]
2026-10-06T17:01:46.360110+00:00 [Dummy-20] thread="Dummy-20" event="upload.state" present=4 uploading=false probe_ok=true pdf_exists=true template_exists=true attempts_failed=0
2026-10-06T17:01:46.360110+00:00 [Dummy-20] thread="Dummy-20" event="cdp.send" method="Runtime.evaluate" timeout=2 params=["awaitPromise", "expression", "generatePreview", "returnByValue", "userGesture"]
2026-10-06T17:01:46.360110+00:00 [Dummy-20] thread="Dummy-20" event="cdp.result" method="Runtime.evaluate" seconds=0.0 keys=["result"]
2026-10-06T17:01:46.360110+00:00 [Dummy-20] thread="Dummy-20" event="page.probe" category="google" ready="complete" bodyChildren=55 fileInputs=0 editors=2 frames=0 documentFocused=true activeEditable=true activeReadOnly=false activeDisabled=false
2026-10-06T17:01:46.366109+00:00 [Dummy-20] thread="Dummy-20" event="cdp.send" method="Runtime.evaluate" timeout=3 params=["awaitPromise", "expression", "generatePreview", "returnByValue", "userGesture"]
2026-10-06T17:01:46.367110+00:00 [Dummy-20] thread="Dummy-20" event="cdp.result" method="Runtime.evaluate" seconds=0.0 keys=["result"]
2026-10-06T17:01:46.518109+00:00 [Dummy-20] thread="Dummy-20" event="cdp.send" method="Runtime.evaluate" timeout=2 params=["awaitPromise", "expression", "generatePreview", "returnByValue", "userGesture"]
2026-10-06T17:01:46.519108+00:00 [Dummy-20] thread="Dummy-20" event="cdp.result" method="Runtime.evaluate" seconds=0.0 keys=["result"]
2026-10-06T17:01:46.524109+00:00 [Dummy-20] thread="Dummy-20" event="cdp.send" method="Runtime.evaluate" timeout=3 params=["awaitPromise", "expression", "generatePreview", "returnByValue", "userGesture"]
2026-10-06T17:01:46.525110+00:00 [Dummy-20] thread="Dummy-20" event="cdp.result" method="Runtime.evaluate" seconds=0.0 keys=["result"]
2026-10-06T17:01:46.528109+00:00 [MainThread] thread="MainThread" event="main.snapshot" visible=true minimized=false geometry=[1985, 365, 453, 735] dpr=1.0 chrome_hwnd=132878 worker_running=false chromium_exit=null overlay_visible=false page_verdict="ai_mode" native_mode=true chat_ready=true cover_visible=false settling=false
2026-10-06T17:01:46.607109+00:00 [BrowserWatch:show] thread="BrowserWatch:show" event="cdp.send" method="Runtime.evaluate" timeout=0.6 params=["awaitPromise", "expression", "generatePreview", "returnByValue", "userGesture"]
2026-10-06T17:01:46.608107+00:00 [BrowserWatch:show] thread="BrowserWatch:show" event="cdp.result" method="Runtime.evaluate" seconds=0.0 keys=["result"]
2026-10-06T17:01:46.676002+00:00 [Dummy-20] thread="Dummy-20" event="cdp.send" method="Runtime.evaluate" timeout=2 params=["awaitPromise", "expression", "generatePreview", "returnByValue", "userGesture"]
2026-10-06T17:01:46.677010+00:00 [Dummy-20] thread="Dummy-20" event="cdp.result" method="Runtime.evaluate" seconds=0.0 keys=["result"]
2026-10-06T17:01:46.682012+00:00 [Dummy-20] thread="Dummy-20" event="cdp.send" method="Runtime.evaluate" timeout=3 params=["awaitPromise", "expression", "generatePreview", "returnByValue", "userGesture"]
2026-10-06T17:01:46.683012+00:00 [Dummy-20] thread="Dummy-20" event="cdp.result" method="Runtime.evaluate" seconds=0.0 keys=["result"]
2026-10-06T17:01:46.834011+00:00 [Dummy-20] thread="Dummy-20" event="cdp.send" method="Runtime.evaluate" timeout=2 params=["awaitPromise", "expression", "generatePreview", "returnByValue", "userGesture"]
2026-10-06T17:01:46.835012+00:00 [Dummy-20] thread="Dummy-20" event="cdp.result" method="Runtime.evaluate" seconds=0.016 keys=["result"]
2026-10-06T17:01:46.840011+00:00 [Dummy-20] thread="Dummy-20" event="cdp.send" method="Runtime.evaluate" timeout=3 params=["awaitPromise", "expression", "generatePreview", "returnByValue", "userGesture"]
2026-10-06T17:01:46.841011+00:00 [Dummy-20] thread="Dummy-20" event="cdp.result" method="Runtime.evaluate" seconds=0.0 keys=["result"]
2026-10-06T17:01:46.863011+00:00 [BrowserWatch:show] thread="BrowserWatch:show" event="cdp.send" method="Runtime.evaluate" timeout=0.6 params=["awaitPromise", "expression", "generatePreview", "returnByValue", "userGesture"]
2026-10-06T17:01:46.865010+00:00 [BrowserWatch:show] thread="BrowserWatch:show" event="cdp.result" method="Runtime.evaluate" seconds=0.0 keys=["result"]
2026-10-06T17:01:46.992010+00:00 [Dummy-20] thread="Dummy-20" event="cdp.send" method="Runtime.evaluate" timeout=2 params=["awaitPromise", "expression", "generatePreview", "returnByValue", "userGesture"]
2026-10-06T17:01:46.994012+00:00 [Dummy-20] thread="Dummy-20" event="cdp.result" method="Runtime.evaluate" seconds=0.0 keys=["result"]
2026-10-06T17:01:46.999010+00:00 [Dummy-20] thread="Dummy-20" event="cdp.send" method="Runtime.evaluate" timeout=3 params=["awaitPromise", "expression", "generatePreview", "returnByValue", "userGesture"]
2026-10-06T17:01:47.001012+00:00 [Dummy-20] thread="Dummy-20" event="cdp.result" method="Runtime.evaluate" seconds=0.0 keys=["result"]
2026-10-06T17:01:47.117011+00:00 [BrowserWatch:show] thread="BrowserWatch:show" event="cdp.send" method="Runtime.evaluate" timeout=0.6 params=["awaitPromise", "expression", "generatePreview", "returnByValue", "userGesture"]
2026-10-06T17:01:47.118012+00:00 [BrowserWatch:show] thread="BrowserWatch:show" event="cdp.result" method="Runtime.evaluate" seconds=0.0 keys=["result"]
2026-10-06T17:01:47.133011+00:00 [ResponsePoll] thread="ResponsePoll" event="cdp.send" method="Runtime.evaluate" timeout=1 params=["awaitPromise", "expression", "generatePreview", "returnByValue", "userGesture"]
2026-10-06T17:01:47.134011+00:00 [ResponsePoll] thread="ResponsePoll" event="cdp.result" method="Runtime.evaluate" seconds=0.0 keys=["result"]
2026-10-06T17:01:47.152011+00:00 [Dummy-20] thread="Dummy-20" event="cdp.send" method="Runtime.evaluate" timeout=2 params=["awaitPromise", "expression", "generatePreview", "returnByValue", "userGesture"]
2026-10-06T17:01:47.153012+00:00 [Dummy-20] thread="Dummy-20" event="cdp.result" method="Runtime.evaluate" seconds=0.0 keys=["result"]
2026-10-06T17:01:47.158011+00:00 [Dummy-20] thread="Dummy-20" event="cdp.send" method="Runtime.evaluate" timeout=3 params=["awaitPromise", "expression", "generatePreview", "returnByValue", "userGesture"]
2026-10-06T17:01:47.159011+00:00 [Dummy-20] thread="Dummy-20" event="cdp.result" method="Runtime.evaluate" seconds=0.0 keys=["result"]
2026-10-06T17:01:47.310011+00:00 [Dummy-20] thread="Dummy-20" event="cdp.send" method="Runtime.evaluate" timeout=2 params=["awaitPromise", "expression", "generatePreview", "returnByValue", "userGesture"]
2026-10-06T17:01:47.311013+00:00 [Dummy-20] thread="Dummy-20" event="cdp.result" method="Runtime.evaluate" seconds=0.0 keys=["result"]
2026-10-06T17:01:47.316010+00:00 [Dummy-20] thread="Dummy-20" event="cdp.send" method="Runtime.evaluate" timeout=3 params=["awaitPromise", "expression", "generatePreview", "returnByValue", "userGesture"]
2026-10-06T17:01:47.317012+00:00 [Dummy-20] thread="Dummy-20" event="cdp.result" method="Runtime.evaluate" seconds=0.0 keys=["result"]
2026-10-06T17:01:47.383010+00:00 [BrowserWatch:show] thread="BrowserWatch:show" event="cdp.send" method="Runtime.evaluate" timeout=0.6 params=["awaitPromise", "expression", "generatePreview", "returnByValue", "userGesture"]
2026-10-06T17:01:47.384010+00:00 [BrowserWatch:show] thread="BrowserWatch:show" event="cdp.result" method="Runtime.evaluate" seconds=0.0 keys=["result"]
2026-10-06T17:01:47.468008+00:00 [Dummy-20] thread="Dummy-20" event="cdp.send" method="Runtime.evaluate" timeout=2 params=["awaitPromise", "expression", "generatePreview", "returnByValue", "userGesture"]
2026-10-06T17:01:47.469009+00:00 [Dummy-20] thread="Dummy-20" event="cdp.result" method="Runtime.evaluate" seconds=0.0 keys=["result"]
2026-10-06T17:01:47.474009+00:00 [Dummy-20] thread="Dummy-20" event="cdp.send" method="Runtime.evaluate" timeout=3 params=["awaitPromise", "expression", "generatePreview", "returnByValue", "userGesture"]
2026-10-06T17:01:47.475008+00:00 [Dummy-20] thread="Dummy-20" event="cdp.result" method="Runtime.evaluate" seconds=0.0 keys=["result"]
2026-10-06T17:01:47.534012+00:00 [DiagnosticWatchdog] thread="DiagnosticWatchdog" event="gui.heartbeat" age_seconds=1.0
2026-10-06T17:01:47.626009+00:00 [Dummy-20] thread="Dummy-20" event="cdp.send" method="Runtime.evaluate" timeout=2 params=["awaitPromise", "expression", "generatePreview", "returnByValue", "userGesture"]
2026-10-06T17:01:47.627009+00:00 [Dummy-20] thread="Dummy-20" event="cdp.result" method="Runtime.evaluate" seconds=0.0 keys=["result"]
2026-10-06T17:01:47.627009+00:00 [MainThread] thread="MainThread" event="upload.attachments_confirmed" complete=false
2026-10-06T17:01:47.648011+00:00 [BrowserWatch:show] thread="BrowserWatch:show" event="cdp.send" method="Runtime.evaluate" timeout=0.6 params=["awaitPromise", "expression", "generatePreview", "returnByValue", "userGesture"]
2026-10-06T17:01:47.649013+00:00 [BrowserWatch:show] thread="BrowserWatch:show" event="cdp.result" method="Runtime.evaluate" seconds=0.0 keys=["result"]
2026-10-06T17:01:47.745010+00:00 [Dummy-20] thread="Dummy-20" event="cdp.send" method="Runtime.evaluate" timeout=2 params=["awaitPromise", "expression", "generatePreview", "returnByValue", "userGesture"]
2026-10-06T17:01:47.745010+00:00 [Dummy-20] thread="Dummy-20" event="cdp.result" method="Runtime.evaluate" seconds=0.0 keys=["result"]
2026-10-06T17:01:47.753010+00:00 [Dummy-20] thread="Dummy-20" event="cdp.send" method="Runtime.evaluate" timeout=10 params=["awaitPromise", "expression", "generatePreview", "returnByValue", "userGesture"]
2026-10-06T17:01:47.867008+00:00 [Dummy-20] thread="Dummy-20" event="cdp.result" method="Runtime.evaluate" seconds=0.125 keys=["result"]
2026-10-06T17:01:47.868009+00:00 [Dummy-20] thread="Dummy-20" event="upload.attempt" kind="pdf" injected=true bytes=1900700 ms=125 empty_rounds=1 fails=0 name="Memphis.pdf"
2026-10-06T17:01:47.873008+00:00 [Dummy-20] thread="Dummy-20" event="cdp.send" method="Runtime.evaluate" timeout=3 params=["awaitPromise", "expression", "generatePreview", "returnByValue", "userGesture"]
2026-10-06T17:01:47.937010+00:00 [Dummy-20] thread="Dummy-20" event="cdp.result" method="Runtime.evaluate" seconds=0.063 keys=["result"]
2026-10-06T17:01:47.938012+00:00 [BrowserWatch:show] thread="BrowserWatch:show" event="cdp.send" method="Runtime.evaluate" timeout=0.6 params=["awaitPromise", "expression", "generatePreview", "returnByValue", "userGesture"]
2026-10-06T17:01:47.966012+00:00 [BrowserWatch:show] thread="BrowserWatch:show" event="cdp.result" method="Runtime.evaluate" seconds=0.063 keys=["result"]
2026-10-06T17:01:48.238010+00:00 [Dummy-20] thread="Dummy-20" event="cdp.send" method="Runtime.evaluate" timeout=2 params=["awaitPromise", "expression", "generatePreview", "returnByValue", "userGesture"]
2026-10-06T17:01:48.239009+00:00 [Dummy-20] thread="Dummy-20" event="cdp.result" method="Runtime.evaluate" seconds=0.0 keys=["result"]
2026-10-06T17:01:48.239009+00:00 [Dummy-20] thread="Dummy-20" event="cdp.send" method="Runtime.evaluate" timeout=10 params=["awaitPromise", "expression", "generatePreview", "returnByValue", "userGesture"]
2026-10-06T17:01:48.251009+00:00 [Dummy-20] thread="Dummy-20" event="cdp.result" method="Runtime.evaluate" seconds=0.015 keys=["result"]
2026-10-06T17:01:48.251009+00:00 [Dummy-20] thread="Dummy-20" event="upload.attempt" kind="template" injected=true bytes=155 ms=15 empty_rounds=1 fails=0 name="Шаблон.txt"
2026-10-06T17:01:48.252011+00:00 [Dummy-20] thread="Dummy-20" event="cdp.send" method="Runtime.evaluate" timeout=3 params=["awaitPromise", "expression", "generatePreview", "returnByValue", "userGesture"]
2026-10-06T17:01:48.254013+00:00 [Dummy-20] thread="Dummy-20" event="cdp.result" method="Runtime.evaluate" seconds=0.0 keys=["result"]
2026-10-06T17:01:48.358008+00:00 [Thread-32 (_zoom_guard_once)] thread="Thread-32 (_zoom_guard_once)" event="cdp.send" method="Emulation.setLocaleOverride" timeout=4 params=["locale"]
2026-10-06T17:01:48.361009+00:00 [Thread-32 (_zoom_guard_once)] thread="Thread-32 (_zoom_guard_once)" event="cdp.result" method="Emulation.setLocaleOverride" seconds=0.0 keys=[]
2026-10-06T17:01:48.361009+00:00 [Thread-32 (_zoom_guard_once)] thread="Thread-32 (_zoom_guard_once)" event="cdp.send" method="Emulation.setAutoDarkModeOverride" timeout=4 params=["enabled"]
2026-10-06T17:01:48.362010+00:00 [Thread-32 (_zoom_guard_once)] thread="Thread-32 (_zoom_guard_once)" event="cdp.result" method="Emulation.setAutoDarkModeOverride" seconds=0.0 keys=[]
2026-10-06T17:01:48.362010+00:00 [Thread-32 (_zoom_guard_once)] thread="Thread-32 (_zoom_guard_once)" event="cdp.send" method="Emulation.setEmulatedMedia" timeout=4 params=["features"]
2026-10-06T17:01:48.362010+00:00 [Thread-32 (_zoom_guard_once)] thread="Thread-32 (_zoom_guard_once)" event="cdp.result" method="Emulation.setEmulatedMedia" seconds=0.0 keys=[]
2026-10-06T17:01:48.362010+00:00 [Thread-32 (_zoom_guard_once)] thread="Thread-32 (_zoom_guard_once)" event="cdp.send" method="Runtime.evaluate" timeout=3 params=["awaitPromise", "expression", "generatePreview", "returnByValue", "userGesture"]
2026-10-06T17:01:48.363010+00:00 [Thread-32 (_zoom_guard_once)] thread="Thread-32 (_zoom_guard_once)" event="cdp.result" method="Runtime.evaluate" seconds=0.0 keys=["result"]
2026-10-06T17:01:48.374011+00:00 [MainThread] thread="MainThread" event="trace.begin" name="NativeHost.hide_taskbar" args=1 kwargs=0
2026-10-06T17:01:48.427009+00:00 [MainThread] thread="MainThread" event="win32.taskbar_hidden" hwnd=132878 style=true delete_tab=false
2026-10-06T17:01:48.428011+00:00 [MainThread] thread="MainThread" event="trace.end" name="NativeHost.hide_taskbar" seconds=0.047
2026-10-06T17:01:48.856017+00:00 [Dummy-20] thread="Dummy-20" event="cdp.send" method="Runtime.evaluate" timeout=2 params=["awaitPromise", "expression", "generatePreview", "returnByValue", "userGesture"]
2026-10-06T17:01:48.857016+00:00 [Dummy-20] thread="Dummy-20" event="cdp.result" method="Runtime.evaluate" seconds=0.0 keys=["result"]
2026-10-06T17:01:48.857016+00:00 [MainThread] thread="MainThread" event="upload.attachments_confirmed" complete=true
2026-10-06T17:01:48.862016+00:00 [Dummy-20] thread="Dummy-20" event="cdp.send" method="Runtime.evaluate" timeout=3 params=["awaitPromise", "expression", "generatePreview", "returnByValue", "userGesture"]
2026-10-06T17:01:48.863015+00:00 [Dummy-20] thread="Dummy-20" event="cdp.result" method="Runtime.evaluate" seconds=0.0 keys=["result"]
2026-10-06T17:01:49.014047+00:00 [Dummy-20] thread="Dummy-20" event="cdp.send" method="Runtime.evaluate" timeout=2 params=["awaitPromise", "expression", "generatePreview", "returnByValue", "userGesture"]
2026-10-06T17:01:49.015114+00:00 [Dummy-20] thread="Dummy-20" event="cdp.result" method="Runtime.evaluate" seconds=0.0 keys=["result"]
2026-10-06T17:01:49.020067+00:00 [Dummy-20] thread="Dummy-20" event="cdp.send" method="Runtime.evaluate" timeout=3 params=["awaitPromise", "expression", "generatePreview", "returnByValue", "userGesture"]
2026-10-06T17:01:49.021067+00:00 [Dummy-20] thread="Dummy-20" event="cdp.result" method="Runtime.evaluate" seconds=0.0 keys=["result"]
2026-10-06T17:01:49.141066+00:00 [ResponsePoll] thread="ResponsePoll" event="cdp.send" method="Runtime.evaluate" timeout=1 params=["awaitPromise", "expression", "generatePreview", "returnByValue", "userGesture"]
2026-10-06T17:01:49.142066+00:00 [ResponsePoll] thread="ResponsePoll" event="cdp.result" method="Runtime.evaluate" seconds=0.0 keys=["result"]
2026-10-06T17:01:49.172067+00:00 [Dummy-20] thread="Dummy-20" event="cdp.send" method="Runtime.evaluate" timeout=2 params=["awaitPromise", "expression", "generatePreview", "returnByValue", "userGesture"]
2026-10-06T17:01:49.173066+00:00 [Dummy-20] thread="Dummy-20" event="cdp.result" method="Runtime.evaluate" seconds=0.0 keys=["result"]
2026-10-06T17:01:49.179066+00:00 [Dummy-20] thread="Dummy-20" event="cdp.send" method="Runtime.evaluate" timeout=3 params=["awaitPromise", "expression", "generatePreview", "returnByValue", "userGesture"]
2026-10-06T17:01:49.180067+00:00 [Dummy-20] thread="Dummy-20" event="cdp.result" method="Runtime.evaluate" seconds=0.0 keys=["result"]
2026-10-06T17:01:49.331066+00:00 [Dummy-20] thread="Dummy-20" event="cdp.send" method="Runtime.evaluate" timeout=2 params=["awaitPromise", "expression", "generatePreview", "returnByValue", "userGesture"]
2026-10-06T17:01:49.331066+00:00 [Dummy-20] thread="Dummy-20" event="cdp.result" method="Runtime.evaluate" seconds=0.0 keys=["result"]
2026-10-06T17:01:49.337065+00:00 [Dummy-20] thread="Dummy-20" event="cdp.send" method="Runtime.evaluate" timeout=3 params=["awaitPromise", "expression", "generatePreview", "returnByValue", "userGesture"]
2026-10-06T17:01:49.338069+00:00 [Dummy-20] thread="Dummy-20" event="cdp.result" method="Runtime.evaluate" seconds=0.0 keys=["result"]
2026-10-06T17:01:49.490065+00:00 [Dummy-20] thread="Dummy-20" event="cdp.send" method="Runtime.evaluate" timeout=2 params=["awaitPromise", "expression", "generatePreview", "returnByValue", "userGesture"]
2026-10-06T17:01:49.491066+00:00 [Dummy-20] thread="Dummy-20" event="cdp.result" method="Runtime.evaluate" seconds=0.015 keys=["result"]
2026-10-06T17:01:49.496066+00:00 [Dummy-20] thread="Dummy-20" event="cdp.send" method="Runtime.evaluate" timeout=3 params=["awaitPromise", "expression", "generatePreview", "returnByValue", "userGesture"]
2026-10-06T17:01:49.499068+00:00 [Dummy-20] thread="Dummy-20" event="cdp.result" method="Runtime.evaluate" seconds=0.0 keys=["result"]
2026-10-06T17:01:49.650065+00:00 [Dummy-20] thread="Dummy-20" event="cdp.send" method="Runtime.evaluate" timeout=2 params=["awaitPromise", "expression", "generatePreview", "returnByValue", "userGesture"]
2026-10-06T17:01:49.651066+00:00 [Dummy-20] thread="Dummy-20" event="cdp.result" method="Runtime.evaluate" seconds=0.0 keys=["result"]
2026-10-06T17:01:49.657065+00:00 [Dummy-20] thread="Dummy-20" event="cdp.send" method="Runtime.evaluate" timeout=3 params=["awaitPromise", "expression", "generatePreview", "returnByValue", "userGesture"]
2026-10-06T17:01:49.658068+00:00 [Dummy-20] thread="Dummy-20" event="cdp.result" method="Runtime.evaluate" seconds=0.0 keys=["result"]
2026-10-06T17:01:49.809064+00:00 [Dummy-20] thread="Dummy-20" event="cdp.send" method="Runtime.evaluate" timeout=2 params=["awaitPromise", "expression", "generatePreview", "returnByValue", "userGesture"]
2026-10-06T17:01:49.810067+00:00 [Dummy-20] thread="Dummy-20" event="cdp.result" method="Runtime.evaluate" seconds=0.0 keys=["result"]
2026-10-06T17:01:49.815065+00:00 [Dummy-20] thread="Dummy-20" event="cdp.send" method="Runtime.evaluate" timeout=3 params=["awaitPromise", "expression", "generatePreview", "returnByValue", "userGesture"]
2026-10-06T17:01:49.816065+00:00 [Dummy-20] thread="Dummy-20" event="cdp.result" method="Runtime.evaluate" seconds=0.0 keys=["result"]
2026-10-06T17:01:49.967064+00:00 [Dummy-20] thread="Dummy-20" event="cdp.send" method="Runtime.evaluate" timeout=2 params=["awaitPromise", "expression", "generatePreview", "returnByValue", "userGesture"]
2026-10-06T17:01:49.968065+00:00 [Dummy-20] thread="Dummy-20" event="cdp.result" method="Runtime.evaluate" seconds=0.0 keys=["result"]
2026-10-06T17:01:49.973064+00:00 [Dummy-20] thread="Dummy-20" event="cdp.send" method="Runtime.evaluate" timeout=3 params=["awaitPromise", "expression", "generatePreview", "returnByValue", "userGesture"]
2026-10-06T17:01:49.974064+00:00 [Dummy-20] thread="Dummy-20" event="cdp.result" method="Runtime.evaluate" seconds=0.0 keys=["result"]
2026-10-06T17:01:50.125066+00:00 [Dummy-20] thread="Dummy-20" event="cdp.send" method="Runtime.evaluate" timeout=2 params=["awaitPromise", "expression", "generatePreview", "returnByValue", "userGesture"]
2026-10-06T17:01:50.126067+00:00 [Dummy-20] thread="Dummy-20" event="cdp.result" method="Runtime.evaluate" seconds=0.0 keys=["result"]
2026-10-06T17:01:50.131069+00:00 [Dummy-20] thread="Dummy-20" event="cdp.send" method="Runtime.evaluate" timeout=3 params=["awaitPromise", "expression", "generatePreview", "returnByValue", "userGesture"]
2026-10-06T17:01:50.132068+00:00 [Dummy-20] thread="Dummy-20" event="cdp.result" method="Runtime.evaluate" seconds=0.016 keys=["result"]
2026-10-06T17:01:50.132068+00:00 [ResponsePoll] thread="ResponsePoll" event="cdp.send" method="Runtime.evaluate" timeout=1 params=["awaitPromise", "expression", "generatePreview", "returnByValue", "userGesture"]
2026-10-06T17:01:50.133067+00:00 [ResponsePoll] thread="ResponsePoll" event="cdp.result" method="Runtime.evaluate" seconds=0.0 keys=["result"]
2026-10-06T17:01:50.283067+00:00 [Dummy-20] thread="Dummy-20" event="cdp.send" method="Runtime.evaluate" timeout=2 params=["awaitPromise", "expression", "generatePreview", "returnByValue", "userGesture"]
2026-10-06T17:01:50.284066+00:00 [Dummy-20] thread="Dummy-20" event="cdp.result" method="Runtime.evaluate" seconds=0.0 keys=["result"]
2026-10-06T17:01:50.292066+00:00 [Dummy-20] thread="Dummy-20" event="cdp.send" method="Runtime.evaluate" timeout=3 params=["awaitPromise", "expression", "generatePreview", "returnByValue", "userGesture"]
2026-10-06T17:01:50.294066+00:00 [Dummy-20] thread="Dummy-20" event="cdp.result" method="Runtime.evaluate" seconds=0.0 keys=["result"]
2026-10-06T17:01:50.445067+00:00 [Dummy-20] thread="Dummy-20" event="cdp.send" method="Runtime.evaluate" timeout=2 params=["awaitPromise", "expression", "generatePreview", "returnByValue", "userGesture"]
2026-10-06T17:01:50.446065+00:00 [Dummy-20] thread="Dummy-20" event="cdp.result" method="Runtime.evaluate" seconds=0.0 keys=["result"]
2026-10-06T17:01:50.451067+00:00 [Dummy-20] thread="Dummy-20" event="cdp.send" method="Runtime.evaluate" timeout=3 params=["awaitPromise", "expression", "generatePreview", "returnByValue", "userGesture"]
2026-10-06T17:01:50.452067+00:00 [Dummy-20] thread="Dummy-20" event="cdp.result" method="Runtime.evaluate" seconds=0.0 keys=["result"]
2026-10-06T17:01:50.604066+00:00 [Dummy-20] thread="Dummy-20" event="cdp.send" method="Runtime.evaluate" timeout=2 params=["awaitPromise", "expression", "generatePreview", "returnByValue", "userGesture"]
2026-10-06T17:01:50.609069+00:00 [Dummy-20] thread="Dummy-20" event="cdp.result" method="Runtime.evaluate" seconds=0.0 keys=["result"]
2026-10-06T17:01:50.616069+00:00 [Dummy-20] thread="Dummy-20" event="cdp.send" method="Runtime.evaluate" timeout=3 params=["awaitPromise", "expression", "generatePreview", "returnByValue", "userGesture"]
2026-10-06T17:01:50.617066+00:00 [Dummy-20] thread="Dummy-20" event="cdp.result" method="Runtime.evaluate" seconds=0.0 keys=["result"]
2026-10-06T17:01:50.768065+00:00 [Dummy-20] thread="Dummy-20" event="cdp.send" method="Runtime.evaluate" timeout=2 params=["awaitPromise", "expression", "generatePreview", "returnByValue", "userGesture"]
2026-10-06T17:01:50.769065+00:00 [Dummy-20] thread="Dummy-20" event="cdp.result" method="Runtime.evaluate" seconds=0.0 keys=["result"]
2026-10-06T17:01:50.774064+00:00 [Dummy-20] thread="Dummy-20" event="cdp.send" method="Runtime.evaluate" timeout=3 params=["awaitPromise", "expression", "generatePreview", "returnByValue", "userGesture"]
2026-10-06T17:01:50.775065+00:00 [Dummy-20] thread="Dummy-20" event="cdp.result" method="Runtime.evaluate" seconds=0.0 keys=["result"]
2026-10-06T17:01:50.926068+00:00 [Dummy-20] thread="Dummy-20" event="cdp.send" method="Runtime.evaluate" timeout=2 params=["awaitPromise", "expression", "generatePreview", "returnByValue", "userGesture"]
2026-10-06T17:01:50.927068+00:00 [Dummy-20] thread="Dummy-20" event="cdp.result" method="Runtime.evaluate" seconds=0.0 keys=["result"]
2026-10-06T17:01:50.933067+00:00 [Dummy-20] thread="Dummy-20" event="cdp.send" method="Runtime.evaluate" timeout=3 params=["awaitPromise", "expression", "generatePreview", "returnByValue", "userGesture"]
2026-10-06T17:01:50.935068+00:00 [Dummy-20] thread="Dummy-20" event="cdp.result" method="Runtime.evaluate" seconds=0.0 keys=["result"]
2026-10-06T17:01:51.086098+00:00 [Dummy-20] thread="Dummy-20" event="cdp.send" method="Runtime.evaluate" timeout=2 params=["awaitPromise", "expression", "generatePreview", "returnByValue", "userGesture"]
2026-10-06T17:01:51.087065+00:00 [Dummy-20] thread="Dummy-20" event="cdp.result" method="Runtime.evaluate" seconds=0.0 keys=["result"]
2026-10-06T17:01:51.092068+00:00 [Dummy-20] thread="Dummy-20" event="cdp.send" method="Runtime.evaluate" timeout=3 params=["awaitPromise", "expression", "generatePreview", "returnByValue", "userGesture"]
2026-10-06T17:01:51.094065+00:00 [Dummy-20] thread="Dummy-20" event="cdp.result" method="Runtime.evaluate" seconds=0.0 keys=["result"]
2026-10-06T17:01:51.136066+00:00 [ResponsePoll] thread="ResponsePoll" event="cdp.send" method="Runtime.evaluate" timeout=1 params=["awaitPromise", "expression", "generatePreview", "returnByValue", "userGesture"]
2026-10-06T17:01:51.137065+00:00 [ResponsePoll] thread="ResponsePoll" event="cdp.result" method="Runtime.evaluate" seconds=0.0 keys=["result"]
2026-10-06T17:01:51.245065+00:00 [Dummy-20] thread="Dummy-20" event="cdp.send" method="Runtime.evaluate" timeout=2 params=["awaitPromise", "expression", "generatePreview", "returnByValue", "userGesture"]
2026-10-06T17:01:51.246065+00:00 [Dummy-20] thread="Dummy-20" event="cdp.result" method="Runtime.evaluate" seconds=0.0 keys=["result"]
2026-10-06T17:01:51.251065+00:00 [Dummy-20] thread="Dummy-20" event="cdp.send" method="Runtime.evaluate" timeout=3 params=["awaitPromise", "expression", "generatePreview", "returnByValue", "userGesture"]
2026-10-06T17:01:51.252065+00:00 [Dummy-20] thread="Dummy-20" event="cdp.result" method="Runtime.evaluate" seconds=0.0 keys=["result"]
2026-10-06T17:01:51.403065+00:00 [Dummy-20] thread="Dummy-20" event="cdp.send" method="Runtime.evaluate" timeout=2 params=["awaitPromise", "expression", "generatePreview", "returnByValue", "userGesture"]
2026-10-06T17:01:51.404068+00:00 [Dummy-20] thread="Dummy-20" event="cdp.result" method="Runtime.evaluate" seconds=0.0 keys=["result"]
2026-10-06T17:01:51.404068+00:00 [Dummy-20] thread="Dummy-20" event="upload.state" present=2 uploading=false probe_ok=true pdf_exists=true template_exists=true attempts_failed=0
2026-10-06T17:01:51.404068+00:00 [Dummy-20] thread="Dummy-20" event="cdp.send" method="Runtime.evaluate" timeout=2 params=["awaitPromise", "expression", "generatePreview", "returnByValue", "userGesture"]
2026-10-06T17:01:51.405066+00:00 [Dummy-20] thread="Dummy-20" event="cdp.result" method="Runtime.evaluate" seconds=0.0 keys=["result"]
2026-10-06T17:01:51.405066+00:00 [Dummy-20] thread="Dummy-20" event="page.probe" category="google" ready="complete" bodyChildren=61 fileInputs=0 editors=1 frames=0 documentFocused=true activeEditable=false activeReadOnly=false activeDisabled=false
2026-10-06T17:01:51.411065+00:00 [Dummy-20] thread="Dummy-20" event="cdp.send" method="Runtime.evaluate" timeout=3 params=["awaitPromise", "expression", "generatePreview", "returnByValue", "userGesture"]
2026-10-06T17:01:51.412066+00:00 [Dummy-20] thread="Dummy-20" event="cdp.result" method="Runtime.evaluate" seconds=0.0 keys=["result"]
2026-10-06T17:01:51.530097+00:00 [MainThread] thread="MainThread" event="main.snapshot" visible=true minimized=false geometry=[1985, 365, 453, 735] dpr=1.0 chrome_hwnd=132878 worker_running=false chromium_exit=null overlay_visible=false page_verdict="ai_mode" native_mode=true chat_ready=true cover_visible=false settling=false
2026-10-06T17:01:51.563066+00:00 [Dummy-20] thread="Dummy-20" event="cdp.send" method="Runtime.evaluate" timeout=2 params=["awaitPromise", "expression", "generatePreview", "returnByValue", "userGesture"]
2026-10-06T17:01:51.564064+00:00 [Dummy-20] thread="Dummy-20" event="cdp.result" method="Runtime.evaluate" seconds=0.0 keys=["result"]
2026-10-06T17:01:51.569065+00:00 [Dummy-20] thread="Dummy-20" event="cdp.send" method="Runtime.evaluate" timeout=3 params=["awaitPromise", "expression", "generatePreview", "returnByValue", "userGesture"]
2026-10-06T17:01:51.570065+00:00 [Dummy-20] thread="Dummy-20" event="cdp.result" method="Runtime.evaluate" seconds=0.015 keys=["result"]
2026-10-06T17:01:51.721066+00:00 [Dummy-20] thread="Dummy-20" event="cdp.send" method="Runtime.evaluate" timeout=2 params=["awaitPromise", "expression", "generatePreview", "returnByValue", "userGesture"]
2026-10-06T17:01:51.721066+00:00 [Dummy-20] thread="Dummy-20" event="cdp.result" method="Runtime.evaluate" seconds=0.0 keys=["result"]
2026-10-06T17:01:51.727068+00:00 [Dummy-20] thread="Dummy-20" event="cdp.send" method="Runtime.evaluate" timeout=3 params=["awaitPromise", "expression", "generatePreview", "returnByValue", "userGesture"]
2026-10-06T17:01:51.728068+00:00 [Dummy-20] thread="Dummy-20" event="cdp.result" method="Runtime.evaluate" seconds=0.0 keys=["result"]
2026-10-06T17:01:51.879065+00:00 [Dummy-20] thread="Dummy-20" event="cdp.send" method="Runtime.evaluate" timeout=2 params=["awaitPromise", "expression", "generatePreview", "returnByValue", "userGesture"]
2026-10-06T17:01:51.880065+00:00 [Dummy-20] thread="Dummy-20" event="cdp.result" method="Runtime.evaluate" seconds=0.0 keys=["result"]
2026-10-06T17:01:51.885065+00:00 [Dummy-20] thread="Dummy-20" event="cdp.send" method="Runtime.evaluate" timeout=3 params=["awaitPromise", "expression", "generatePreview", "returnByValue", "userGesture"]
2026-10-06T17:01:51.887066+00:00 [Dummy-20] thread="Dummy-20" event="cdp.result" method="Runtime.evaluate" seconds=0.0 keys=["result"]
2026-10-06T17:01:52.038065+00:00 [Dummy-20] thread="Dummy-20" event="cdp.send" method="Runtime.evaluate" timeout=2 params=["awaitPromise", "expression", "generatePreview", "returnByValue", "userGesture"]
2026-10-06T17:01:52.039065+00:00 [Dummy-20] thread="Dummy-20" event="cdp.result" method="Runtime.evaluate" seconds=0.0 keys=["result"]
2026-10-06T17:01:52.044065+00:00 [Dummy-20] thread="Dummy-20" event="cdp.send" method="Runtime.evaluate" timeout=3 params=["awaitPromise", "expression", "generatePreview", "returnByValue", "userGesture"]
2026-10-06T17:01:52.045066+00:00 [Dummy-20] thread="Dummy-20" event="cdp.result" method="Runtime.evaluate" seconds=0.0 keys=["result"]
2026-10-06T17:01:52.155064+00:00 [ResponsePoll] thread="ResponsePoll" event="cdp.send" method="Runtime.evaluate" timeout=1 params=["awaitPromise", "expression", "generatePreview", "returnByValue", "userGesture"]
2026-10-06T17:01:52.156066+00:00 [ResponsePoll] thread="ResponsePoll" event="cdp.result" method="Runtime.evaluate" seconds=0.0 keys=["result"]
2026-10-06T17:01:52.196101+00:00 [Dummy-20] thread="Dummy-20" event="cdp.send" method="Runtime.evaluate" timeout=2 params=["awaitPromise", "expression", "generatePreview", "returnByValue", "userGesture"]
2026-10-06T17:01:52.197066+00:00 [Dummy-20] thread="Dummy-20" event="cdp.result" method="Runtime.evaluate" seconds=0.0 keys=["result"]
2026-10-06T17:01:52.202098+00:00 [Dummy-20] thread="Dummy-20" event="cdp.send" method="Runtime.evaluate" timeout=3 params=["awaitPromise", "expression", "generatePreview", "returnByValue", "userGesture"]
2026-10-06T17:01:52.203098+00:00 [Dummy-20] thread="Dummy-20" event="cdp.result" method="Runtime.evaluate" seconds=0.0 keys=["result"]
2026-10-06T17:01:52.354065+00:00 [Dummy-20] thread="Dummy-20" event="cdp.send" method="Runtime.evaluate" timeout=2 params=["awaitPromise", "expression", "generatePreview", "returnByValue", "userGesture"]
2026-10-06T17:01:52.355065+00:00 [Dummy-20] thread="Dummy-20" event="cdp.result" method="Runtime.evaluate" seconds=0.0 keys=["result"]
2026-10-06T17:01:52.361069+00:00 [Dummy-20] thread="Dummy-20" event="cdp.send" method="Runtime.evaluate" timeout=3 params=["awaitPromise", "expression", "generatePreview", "returnByValue", "userGesture"]
2026-10-06T17:01:52.362099+00:00 [Dummy-20] thread="Dummy-20" event="cdp.result" method="Runtime.evaluate" seconds=0.0 keys=["result"]
2026-10-06T17:01:52.513065+00:00 [Dummy-20] thread="Dummy-20" event="cdp.send" method="Runtime.evaluate" timeout=2 params=["awaitPromise", "expression", "generatePreview", "returnByValue", "userGesture"]
2026-10-06T17:01:52.514065+00:00 [Dummy-20] thread="Dummy-20" event="cdp.result" method="Runtime.evaluate" seconds=0.0 keys=["result"]
2026-10-06T17:01:52.519065+00:00 [Dummy-20] thread="Dummy-20" event="cdp.send" method="Runtime.evaluate" timeout=3 params=["awaitPromise", "expression", "generatePreview", "returnByValue", "userGesture"]
2026-10-06T17:01:52.520066+00:00 [Dummy-20] thread="Dummy-20" event="cdp.result" method="Runtime.evaluate" seconds=0.0 keys=["result"]
2026-10-06T17:01:52.671065+00:00 [Dummy-20] thread="Dummy-20" event="cdp.send" method="Runtime.evaluate" timeout=2 params=["awaitPromise", "expression", "generatePreview", "returnByValue", "userGesture"]
2026-10-06T17:01:52.672066+00:00 [Dummy-20] thread="Dummy-20" event="cdp.result" method="Runtime.evaluate" seconds=0.0 keys=["result"]
2026-10-06T17:01:52.678067+00:00 [Dummy-20] thread="Dummy-20" event="cdp.send" method="Runtime.evaluate" timeout=3 params=["awaitPromise", "expression", "generatePreview", "returnByValue", "userGesture"]
2026-10-06T17:01:52.679067+00:00 [Dummy-20] thread="Dummy-20" event="cdp.result" method="Runtime.evaluate" seconds=0.016 keys=["result"]
2026-10-06T17:01:52.830066+00:00 [Dummy-20] thread="Dummy-20" event="cdp.send" method="Runtime.evaluate" timeout=2 params=["awaitPromise", "expression", "generatePreview", "returnByValue", "userGesture"]
2026-10-06T17:01:52.831067+00:00 [Dummy-20] thread="Dummy-20" event="cdp.result" method="Runtime.evaluate" seconds=0.0 keys=["result"]
2026-10-06T17:01:52.839069+00:00 [Dummy-20] thread="Dummy-20" event="cdp.send" method="Runtime.evaluate" timeout=3 params=["awaitPromise", "expression", "generatePreview", "returnByValue", "userGesture"]
2026-10-06T17:01:52.840069+00:00 [Dummy-20] thread="Dummy-20" event="cdp.result" method="Runtime.evaluate" seconds=0.0 keys=["result"]
2026-10-06T17:01:52.991067+00:00 [Dummy-20] thread="Dummy-20" event="cdp.send" method="Runtime.evaluate" timeout=2 params=["awaitPromise", "expression", "generatePreview", "returnByValue", "userGesture"]
2026-10-06T17:01:52.992067+00:00 [Dummy-20] thread="Dummy-20" event="cdp.result" method="Runtime.evaluate" seconds=0.0 keys=["result"]
2026-10-06T17:01:53.000066+00:00 [Dummy-20] thread="Dummy-20" event="cdp.send" method="Runtime.evaluate" timeout=3 params=["awaitPromise", "expression", "generatePreview", "returnByValue", "userGesture"]
2026-10-06T17:01:53.005067+00:00 [Dummy-20] thread="Dummy-20" event="cdp.result" method="Runtime.evaluate" seconds=0.0 keys=["result"]
2026-10-06T17:01:53.154065+00:00 [ResponsePoll] thread="ResponsePoll" event="cdp.send" method="Runtime.evaluate" timeout=1 params=["awaitPromise", "expression", "generatePreview", "returnByValue", "userGesture"]
2026-10-06T17:01:53.155068+00:00 [ResponsePoll] thread="ResponsePoll" event="cdp.result" method="Runtime.evaluate" seconds=0.0 keys=["result"]
2026-10-06T17:01:53.156066+00:00 [Dummy-20] thread="Dummy-20" event="cdp.send" method="Runtime.evaluate" timeout=2 params=["awaitPromise", "expression", "generatePreview", "returnByValue", "userGesture"]
2026-10-06T17:01:53.157066+00:00 [Dummy-20] thread="Dummy-20" event="cdp.result" method="Runtime.evaluate" seconds=0.0 keys=["result"]
2026-10-06T17:01:53.163066+00:00 [Dummy-20] thread="Dummy-20" event="cdp.send" method="Runtime.evaluate" timeout=3 params=["awaitPromise", "expression", "generatePreview", "returnByValue", "userGesture"]
2026-10-06T17:01:53.171069+00:00 [Dummy-20] thread="Dummy-20" event="cdp.result" method="Runtime.evaluate" seconds=0.0 keys=["result"]
2026-10-06T17:01:53.322065+00:00 [Dummy-20] thread="Dummy-20" event="cdp.send" method="Runtime.evaluate" timeout=2 params=["awaitPromise", "expression", "generatePreview", "returnByValue", "userGesture"]
2026-10-06T17:01:53.338066+00:00 [Dummy-20] thread="Dummy-20" event="cdp.result" method="Runtime.evaluate" seconds=0.016 keys=["result"]
2026-10-06T17:01:53.344066+00:00 [Dummy-20] thread="Dummy-20" event="cdp.send" method="Runtime.evaluate" timeout=3 params=["awaitPromise", "expression", "generatePreview", "returnByValue", "userGesture"]
2026-10-06T17:01:53.345066+00:00 [Dummy-20] thread="Dummy-20" event="cdp.result" method="Runtime.evaluate" seconds=0.0 keys=["result"]
2026-10-06T17:01:53.356065+00:00 [Thread-33 (_zoom_guard_once)] thread="Thread-33 (_zoom_guard_once)" event="cdp.send" method="Emulation.setLocaleOverride" timeout=4 params=["locale"]
2026-10-06T17:01:53.357066+00:00 [Thread-33 (_zoom_guard_once)] thread="Thread-33 (_zoom_guard_once)" event="cdp.result" method="Emulation.setLocaleOverride" seconds=0.0 keys=[]
2026-10-06T17:01:53.357066+00:00 [Thread-33 (_zoom_guard_once)] thread="Thread-33 (_zoom_guard_once)" event="cdp.send" method="Emulation.setAutoDarkModeOverride" timeout=4 params=["enabled"]
2026-10-06T17:01:53.358065+00:00 [Thread-33 (_zoom_guard_once)] thread="Thread-33 (_zoom_guard_once)" event="cdp.result" method="Emulation.setAutoDarkModeOverride" seconds=0.0 keys=[]
2026-10-06T17:01:53.358065+00:00 [Thread-33 (_zoom_guard_once)] thread="Thread-33 (_zoom_guard_once)" event="cdp.send" method="Emulation.setEmulatedMedia" timeout=4 params=["features"]
2026-10-06T17:01:53.358065+00:00 [Thread-33 (_zoom_guard_once)] thread="Thread-33 (_zoom_guard_once)" event="cdp.result" method="Emulation.setEmulatedMedia" seconds=0.0 keys=[]
2026-10-06T17:01:53.358065+00:00 [Thread-33 (_zoom_guard_once)] thread="Thread-33 (_zoom_guard_once)" event="cdp.send" method="Runtime.evaluate" timeout=3 params=["awaitPromise", "expression", "generatePreview", "returnByValue", "userGesture"]
2026-10-06T17:01:53.359065+00:00 [Thread-33 (_zoom_guard_once)] thread="Thread-33 (_zoom_guard_once)" event="cdp.result" method="Runtime.evaluate" seconds=0.0 keys=["result"]
2026-10-06T17:01:53.371065+00:00 [MainThread] thread="MainThread" event="trace.begin" name="NativeHost.hide_taskbar" args=1 kwargs=0
2026-10-06T17:01:53.463064+00:00 [MainThread] thread="MainThread" event="win32.taskbar_hidden" hwnd=132878 style=true delete_tab=false
2026-10-06T17:01:53.466065+00:00 [MainThread] thread="MainThread" event="trace.end" name="NativeHost.hide_taskbar" seconds=0.094
2026-10-06T17:01:53.496065+00:00 [Dummy-20] thread="Dummy-20" event="cdp.send" method="Runtime.evaluate" timeout=2 params=["awaitPromise", "expression", "generatePreview", "returnByValue", "userGesture"]
2026-10-06T17:01:53.497066+00:00 [Dummy-20] thread="Dummy-20" event="cdp.result" method="Runtime.evaluate" seconds=0.0 keys=["result"]
2026-10-06T17:01:53.503068+00:00 [Dummy-20] thread="Dummy-20" event="cdp.send" method="Runtime.evaluate" timeout=3 params=["awaitPromise", "expression", "generatePreview", "returnByValue", "userGesture"]
2026-10-06T17:01:53.504066+00:00 [Dummy-20] thread="Dummy-20" event="cdp.result" method="Runtime.evaluate" seconds=0.0 keys=["result"]
2026-10-06T17:01:53.655067+00:00 [Dummy-20] thread="Dummy-20" event="cdp.send" method="Runtime.evaluate" timeout=2 params=["awaitPromise", "expression", "generatePreview", "returnByValue", "userGesture"]
2026-10-06T17:01:53.656069+00:00 [Dummy-20] thread="Dummy-20" event="cdp.result" method="Runtime.evaluate" seconds=0.0 keys=["result"]
2026-10-06T17:01:53.663065+00:00 [Dummy-20] thread="Dummy-20" event="cdp.send" method="Runtime.evaluate" timeout=3 params=["awaitPromise", "expression", "generatePreview", "returnByValue", "userGesture"]
2026-10-06T17:01:53.664065+00:00 [Dummy-20] thread="Dummy-20" event="cdp.result" method="Runtime.evaluate" seconds=0.0 keys=["result"]
2026-10-06T17:01:53.815065+00:00 [Dummy-20] thread="Dummy-20" event="cdp.send" method="Runtime.evaluate" timeout=2 params=["awaitPromise", "expression", "generatePreview", "returnByValue", "userGesture"]
2026-10-06T17:01:53.816065+00:00 [Dummy-20] thread="Dummy-20" event="cdp.result" method="Runtime.evaluate" seconds=0.0 keys=["result"]
2026-10-06T17:01:53.822067+00:00 [Dummy-20] thread="Dummy-20" event="cdp.send" method="Runtime.evaluate" timeout=3 params=["awaitPromise", "expression", "generatePreview", "returnByValue", "userGesture"]
2026-10-06T17:01:53.823067+00:00 [Dummy-20] thread="Dummy-20" event="cdp.result" method="Runtime.evaluate" seconds=0.0 keys=["result"]
2026-10-06T17:01:53.974065+00:00 [Dummy-20] thread="Dummy-20" event="cdp.send" method="Runtime.evaluate" timeout=2 params=["awaitPromise", "expression", "generatePreview", "returnByValue", "userGesture"]
2026-10-06T17:01:53.975065+00:00 [Dummy-20] thread="Dummy-20" event="cdp.result" method="Runtime.evaluate" seconds=0.0 keys=["result"]
2026-10-06T17:01:53.980065+00:00 [Dummy-20] thread="Dummy-20" event="cdp.send" method="Runtime.evaluate" timeout=3 params=["awaitPromise", "expression", "generatePreview", "returnByValue", "userGesture"]
2026-10-06T17:01:53.981065+00:00 [Dummy-20] thread="Dummy-20" event="cdp.result" method="Runtime.evaluate" seconds=0.0 keys=["result"]
2026-10-06T17:01:54.132066+00:00 [Dummy-20] thread="Dummy-20" event="cdp.send" method="Runtime.evaluate" timeout=2 params=["awaitPromise", "expression", "generatePreview", "returnByValue", "userGesture"]
2026-10-06T17:01:54.133067+00:00 [Dummy-20] thread="Dummy-20" event="cdp.result" method="Runtime.evaluate" seconds=0.0 keys=["result"]
2026-10-06T17:01:54.139066+00:00 [Dummy-20] thread="Dummy-20" event="cdp.send" method="Runtime.evaluate" timeout=3 params=["awaitPromise", "expression", "generatePreview", "returnByValue", "userGesture"]
2026-10-06T17:01:54.140065+00:00 [Dummy-20] thread="Dummy-20" event="cdp.result" method="Runtime.evaluate" seconds=0.0 keys=["result"]
2026-10-06T17:01:54.148064+00:00 [ResponsePoll] thread="ResponsePoll" event="cdp.send" method="Runtime.evaluate" timeout=1 params=["awaitPromise", "expression", "generatePreview", "returnByValue", "userGesture"]
2026-10-06T17:01:54.149065+00:00 [ResponsePoll] thread="ResponsePoll" event="cdp.result" method="Runtime.evaluate" seconds=0.0 keys=["result"]
2026-10-06T17:01:54.149065+00:00 [MainThread] thread="MainThread" event="stage.begin" name="DecrementWorker.__init__"
2026-10-06T17:01:54.150066+00:00 [MainThread] thread="MainThread" event="stage.end" name="DecrementWorker.__init__" seconds=0.0
2026-10-06T17:01:54.150066+00:00 [Dummy-34] thread="Dummy-34" event="http.begin" method="post" host="legalyzeai.ru" path="/api/client/queries"
2026-10-06T17:01:54.291065+00:00 [Dummy-20] thread="Dummy-20" event="cdp.send" method="Runtime.evaluate" timeout=2 params=["awaitPromise", "expression", "generatePreview", "returnByValue", "userGesture"]
2026-10-06T17:01:54.292067+00:00 [Dummy-20] thread="Dummy-20" event="cdp.result" method="Runtime.evaluate" seconds=0.0 keys=["result"]
2026-10-06T17:01:54.300068+00:00 [Dummy-20] thread="Dummy-20" event="cdp.send" method="Runtime.evaluate" timeout=3 params=["awaitPromise", "expression", "generatePreview", "returnByValue", "userGesture"]
2026-10-06T17:01:54.302066+00:00 [Dummy-20] thread="Dummy-20" event="cdp.result" method="Runtime.evaluate" seconds=0.0 keys=["result"]
2026-10-06T17:01:54.453065+00:00 [Dummy-20] thread="Dummy-20" event="cdp.send" method="Runtime.evaluate" timeout=2 params=["awaitPromise", "expression", "generatePreview", "returnByValue", "userGesture"]
2026-10-06T17:01:54.453065+00:00 [Dummy-20] thread="Dummy-20" event="cdp.result" method="Runtime.evaluate" seconds=0.0 keys=["result"]
2026-10-06T17:01:54.459066+00:00 [Dummy-20] thread="Dummy-20" event="cdp.send" method="Runtime.evaluate" timeout=3 params=["awaitPromise", "expression", "generatePreview", "returnByValue", "userGesture"]
2026-10-06T17:01:54.460067+00:00 [Dummy-20] thread="Dummy-20" event="cdp.result" method="Runtime.evaluate" seconds=0.016 keys=["result"]
2026-10-06T17:01:54.532066+00:00 [Dummy-34] thread="Dummy-34" event="http.end" method="post" host="legalyzeai.ru" path="/api/client/queries" status=200 seconds=0.375
2026-10-06T17:01:54.611065+00:00 [Dummy-20] thread="Dummy-20" event="cdp.send" method="Runtime.evaluate" timeout=2 params=["awaitPromise", "expression", "generatePreview", "returnByValue", "userGesture"]
2026-10-06T17:01:54.611065+00:00 [Dummy-20] thread="Dummy-20" event="cdp.result" method="Runtime.evaluate" seconds=0.0 keys=["result"]
2026-10-06T17:01:54.617099+00:00 [Dummy-20] thread="Dummy-20" event="cdp.send" method="Runtime.evaluate" timeout=3 params=["awaitPromise", "expression", "generatePreview", "returnByValue", "userGesture"]
2026-10-06T17:01:54.618065+00:00 [Dummy-20] thread="Dummy-20" event="cdp.result" method="Runtime.evaluate" seconds=0.0 keys=["result"]
2026-10-06T17:01:54.769066+00:00 [Dummy-20] thread="Dummy-20" event="cdp.send" method="Runtime.evaluate" timeout=2 params=["awaitPromise", "expression", "generatePreview", "returnByValue", "userGesture"]
2026-10-06T17:01:54.770068+00:00 [Dummy-20] thread="Dummy-20" event="cdp.result" method="Runtime.evaluate" seconds=0.0 keys=["result"]
2026-10-06T17:01:54.776066+00:00 [Dummy-20] thread="Dummy-20" event="cdp.send" method="Runtime.evaluate" timeout=3 params=["awaitPromise", "expression", "generatePreview", "returnByValue", "userGesture"]
2026-10-06T17:01:54.777065+00:00 [Dummy-20] thread="Dummy-20" event="cdp.result" method="Runtime.evaluate" seconds=0.0 keys=["result"]
2026-10-06T17:01:54.929065+00:00 [Dummy-20] thread="Dummy-20" event="cdp.send" method="Runtime.evaluate" timeout=2 params=["awaitPromise", "expression", "generatePreview", "returnByValue", "userGesture"]
2026-10-06T17:01:54.931069+00:00 [Dummy-20] thread="Dummy-20" event="cdp.result" method="Runtime.evaluate" seconds=0.0 keys=["result"]
2026-10-06T17:01:54.937064+00:00 [Dummy-20] thread="Dummy-20" event="cdp.send" method="Runtime.evaluate" timeout=3 params=["awaitPromise", "expression", "generatePreview", "returnByValue", "userGesture"]
2026-10-06T17:01:54.939068+00:00 [Dummy-20] thread="Dummy-20" event="cdp.result" method="Runtime.evaluate" seconds=0.0 keys=["result"]
2026-10-06T17:01:55.090068+00:00 [Dummy-20] thread="Dummy-20" event="cdp.send" method="Runtime.evaluate" timeout=2 params=["awaitPromise", "expression", "generatePreview", "returnByValue", "userGesture"]
2026-10-06T17:01:55.091072+00:00 [Dummy-20] thread="Dummy-20" event="cdp.result" method="Runtime.evaluate" seconds=0.0 keys=["result"]
2026-10-06T17:01:55.097068+00:00 [Dummy-20] thread="Dummy-20" event="cdp.send" method="Runtime.evaluate" timeout=3 params=["awaitPromise", "expression", "generatePreview", "returnByValue", "userGesture"]
2026-10-06T17:01:55.099066+00:00 [Dummy-20] thread="Dummy-20" event="cdp.result" method="Runtime.evaluate" seconds=0.0 keys=["result"]
2026-10-06T17:01:55.162065+00:00 [ResponsePoll] thread="ResponsePoll" event="cdp.send" method="Runtime.evaluate" timeout=1 params=["awaitPromise", "expression", "generatePreview", "returnByValue", "userGesture"]
2026-10-06T17:01:55.163066+00:00 [ResponsePoll] thread="ResponsePoll" event="cdp.result" method="Runtime.evaluate" seconds=0.016 keys=["result"]
2026-10-06T17:01:55.250067+00:00 [Dummy-20] thread="Dummy-20" event="cdp.send" method="Runtime.evaluate" timeout=2 params=["awaitPromise", "expression", "generatePreview", "returnByValue", "userGesture"]
2026-10-06T17:01:55.251066+00:00 [Dummy-20] thread="Dummy-20" event="cdp.result" method="Runtime.evaluate" seconds=0.0 keys=["result"]
2026-10-06T17:01:55.257067+00:00 [Dummy-20] thread="Dummy-20" event="cdp.send" method="Runtime.evaluate" timeout=3 params=["awaitPromise", "expression", "generatePreview", "returnByValue", "userGesture"]
2026-10-06T17:01:55.258066+00:00 [Dummy-20] thread="Dummy-20" event="cdp.result" method="Runtime.evaluate" seconds=0.0 keys=["result"]
2026-10-06T17:01:55.409067+00:00 [Dummy-20] thread="Dummy-20" event="cdp.send" method="Runtime.evaluate" timeout=2 params=["awaitPromise", "expression", "generatePreview", "returnByValue", "userGesture"]
2026-10-06T17:01:55.410066+00:00 [Dummy-20] thread="Dummy-20" event="cdp.result" method="Runtime.evaluate" seconds=0.0 keys=["result"]
2026-10-06T17:01:55.416067+00:00 [Dummy-20] thread="Dummy-20" event="cdp.send" method="Runtime.evaluate" timeout=3 params=["awaitPromise", "expression", "generatePreview", "returnByValue", "userGesture"]
2026-10-06T17:01:55.418065+00:00 [Dummy-20] thread="Dummy-20" event="cdp.result" method="Runtime.evaluate" seconds=0.0 keys=["result"]
2026-10-06T17:01:55.569066+00:00 [Dummy-20] thread="Dummy-20" event="cdp.send" method="Runtime.evaluate" timeout=2 params=["awaitPromise", "expression", "generatePreview", "returnByValue", "userGesture"]
2026-10-06T17:01:55.570065+00:00 [Dummy-20] thread="Dummy-20" event="cdp.result" method="Runtime.evaluate" seconds=0.015 keys=["result"]
2026-10-06T17:01:55.576067+00:00 [Dummy-20] thread="Dummy-20" event="cdp.send" method="Runtime.evaluate" timeout=3 params=["awaitPromise", "expression", "generatePreview", "returnByValue", "userGesture"]
2026-10-06T17:01:55.577065+00:00 [Dummy-20] thread="Dummy-20" event="cdp.result" method="Runtime.evaluate" seconds=0.0 keys=["result"]
2026-10-06T17:01:55.728066+00:00 [Dummy-20] thread="Dummy-20" event="cdp.send" method="Runtime.evaluate" timeout=2 params=["awaitPromise", "expression", "generatePreview", "returnByValue", "userGesture"]
2026-10-06T17:01:55.729066+00:00 [Dummy-20] thread="Dummy-20" event="cdp.result" method="Runtime.evaluate" seconds=0.0 keys=["result"]
2026-10-06T17:01:55.735069+00:00 [Dummy-20] thread="Dummy-20" event="cdp.send" method="Runtime.evaluate" timeout=3 params=["awaitPromise", "expression", "generatePreview", "returnByValue", "userGesture"]
2026-10-06T17:01:55.737066+00:00 [Dummy-20] thread="Dummy-20" event="cdp.result" method="Runtime.evaluate" seconds=0.0 keys=["result"]
2026-10-06T17:01:55.888065+00:00 [Dummy-20] thread="Dummy-20" event="cdp.send" method="Runtime.evaluate" timeout=2 params=["awaitPromise", "expression", "generatePreview", "returnByValue", "userGesture"]
2026-10-06T17:01:55.889066+00:00 [Dummy-20] thread="Dummy-20" event="cdp.result" method="Runtime.evaluate" seconds=0.0 keys=["result"]
2026-10-06T17:01:55.895065+00:00 [Dummy-20] thread="Dummy-20" event="cdp.send" method="Runtime.evaluate" timeout=3 params=["awaitPromise", "expression", "generatePreview", "returnByValue", "userGesture"]
2026-10-06T17:01:55.896065+00:00 [Dummy-20] thread="Dummy-20" event="cdp.result" method="Runtime.evaluate" seconds=0.0 keys=["result"]
2026-10-06T17:01:56.047065+00:00 [Dummy-20] thread="Dummy-20" event="cdp.send" method="Runtime.evaluate" timeout=2 params=["awaitPromise", "expression", "generatePreview", "returnByValue", "userGesture"]
2026-10-06T17:01:56.048065+00:00 [Dummy-20] thread="Dummy-20" event="cdp.result" method="Runtime.evaluate" seconds=0.0 keys=["result"]
2026-10-06T17:01:56.054067+00:00 [Dummy-20] thread="Dummy-20" event="cdp.send" method="Runtime.evaluate" timeout=3 params=["awaitPromise", "expression", "generatePreview", "returnByValue", "userGesture"]
2026-10-06T17:01:56.055065+00:00 [Dummy-20] thread="Dummy-20" event="cdp.result" method="Runtime.evaluate" seconds=0.0 keys=["result"]
2026-10-06T17:01:56.153069+00:00 [ResponsePoll] thread="ResponsePoll" event="cdp.send" method="Runtime.evaluate" timeout=1 params=["awaitPromise", "expression", "generatePreview", "returnByValue", "userGesture"]
2026-10-06T17:01:56.154067+00:00 [ResponsePoll] thread="ResponsePoll" event="cdp.result" method="Runtime.evaluate" seconds=0.0 keys=["result"]
2026-10-06T17:01:56.206065+00:00 [Dummy-20] thread="Dummy-20" event="cdp.send" method="Runtime.evaluate" timeout=2 params=["awaitPromise", "expression", "generatePreview", "returnByValue", "userGesture"]
2026-10-06T17:01:56.207066+00:00 [Dummy-20] thread="Dummy-20" event="cdp.result" method="Runtime.evaluate" seconds=0.0 keys=["result"]
2026-10-06T17:01:56.213069+00:00 [Dummy-20] thread="Dummy-20" event="cdp.send" method="Runtime.evaluate" timeout=3 params=["awaitPromise", "expression", "generatePreview", "returnByValue", "userGesture"]
2026-10-06T17:01:56.214067+00:00 [Dummy-20] thread="Dummy-20" event="cdp.result" method="Runtime.evaluate" seconds=0.0 keys=["result"]
2026-10-06T17:01:56.365065+00:00 [Dummy-20] thread="Dummy-20" event="cdp.send" method="Runtime.evaluate" timeout=2 params=["awaitPromise", "expression", "generatePreview", "returnByValue", "userGesture"]
2026-10-06T17:01:56.366067+00:00 [Dummy-20] thread="Dummy-20" event="cdp.result" method="Runtime.evaluate" seconds=0.015 keys=["result"]
2026-10-06T17:01:56.373067+00:00 [Dummy-20] thread="Dummy-20" event="cdp.send" method="Runtime.evaluate" timeout=3 params=["awaitPromise", "expression", "generatePreview", "returnByValue", "userGesture"]
2026-10-06T17:01:56.374067+00:00 [Dummy-20] thread="Dummy-20" event="cdp.result" method="Runtime.evaluate" seconds=0.0 keys=["result"]
2026-10-06T17:01:56.525067+00:00 [Dummy-20] thread="Dummy-20" event="cdp.send" method="Runtime.evaluate" timeout=2 params=["awaitPromise", "expression", "generatePreview", "returnByValue", "userGesture"]
2026-10-06T17:01:56.526065+00:00 [Dummy-20] thread="Dummy-20" event="cdp.result" method="Runtime.evaluate" seconds=0.0 keys=["result"]
2026-10-06T17:01:56.526065+00:00 [Dummy-20] thread="Dummy-20" event="upload.state" present=2 uploading=false probe_ok=true pdf_exists=true template_exists=true attempts_failed=0
2026-10-06T17:01:56.526065+00:00 [Dummy-20] thread="Dummy-20" event="cdp.send" method="Runtime.evaluate" timeout=2 params=["awaitPromise", "expression", "generatePreview", "returnByValue", "userGesture"]
2026-10-06T17:01:56.527066+00:00 [MainThread] thread="MainThread" event="main.snapshot" visible=true minimized=false geometry=[1985, 365, 453, 735] dpr=1.0 chrome_hwnd=132878 worker_running=false chromium_exit=null overlay_visible=false page_verdict="ai_mode" native_mode=true chat_ready=true cover_visible=false settling=false
2026-10-06T17:01:56.527066+00:00 [Dummy-20] thread="Dummy-20" event="cdp.result" method="Runtime.evaluate" seconds=0.0 keys=["result"]
2026-10-06T17:01:56.527066+00:00 [Dummy-20] thread="Dummy-20" event="page.probe" category="google" ready="complete" bodyChildren=75 fileInputs=0 editors=2 frames=0 documentFocused=true activeEditable=false activeReadOnly=false activeDisabled=false
2026-10-06T17:01:56.533066+00:00 [Dummy-20] thread="Dummy-20" event="cdp.send" method="Runtime.evaluate" timeout=3 params=["awaitPromise", "expression", "generatePreview", "returnByValue", "userGesture"]
2026-10-06T17:01:56.535065+00:00 [Dummy-20] thread="Dummy-20" event="cdp.result" method="Runtime.evaluate" seconds=0.0 keys=["result"]
2026-10-06T17:01:56.686067+00:00 [Dummy-20] thread="Dummy-20" event="cdp.send" method="Runtime.evaluate" timeout=2 params=["awaitPromise", "expression", "generatePreview", "returnByValue", "userGesture"]
2026-10-06T17:01:56.687067+00:00 [Dummy-20] thread="Dummy-20" event="cdp.result" method="Runtime.evaluate" seconds=0.0 keys=["result"]
2026-10-06T17:01:56.694066+00:00 [Dummy-20] thread="Dummy-20" event="cdp.send" method="Runtime.evaluate" timeout=3 params=["awaitPromise", "expression", "generatePreview", "returnByValue", "userGesture"]
2026-10-06T17:01:56.695068+00:00 [Dummy-20] thread="Dummy-20" event="cdp.result" method="Runtime.evaluate" seconds=0.015 keys=["result"]
2026-10-06T17:01:56.846068+00:00 [Dummy-20] thread="Dummy-20" event="cdp.send" method="Runtime.evaluate" timeout=2 params=["awaitPromise", "expression", "generatePreview", "returnByValue", "userGesture"]
2026-10-06T17:01:56.847068+00:00 [Dummy-20] thread="Dummy-20" event="cdp.result" method="Runtime.evaluate" seconds=0.0 keys=["result"]
2026-10-06T17:01:56.853066+00:00 [Dummy-20] thread="Dummy-20" event="cdp.send" method="Runtime.evaluate" timeout=3 params=["awaitPromise", "expression", "generatePreview", "returnByValue", "userGesture"]
2026-10-06T17:01:56.854065+00:00 [Dummy-20] thread="Dummy-20" event="cdp.result" method="Runtime.evaluate" seconds=0.0 keys=["result"]
2026-10-06T17:01:57.006066+00:00 [Dummy-20] thread="Dummy-20" event="cdp.send" method="Runtime.evaluate" timeout=2 params=["awaitPromise", "expression", "generatePreview", "returnByValue", "userGesture"]
2026-10-06T17:01:57.007068+00:00 [Dummy-20] thread="Dummy-20" event="cdp.result" method="Runtime.evaluate" seconds=0.016 keys=["result"]
2026-10-06T17:01:57.014066+00:00 [Dummy-20] thread="Dummy-20" event="cdp.send" method="Runtime.evaluate" timeout=3 params=["awaitPromise", "expression", "generatePreview", "returnByValue", "userGesture"]
2026-10-06T17:01:57.015070+00:00 [Dummy-20] thread="Dummy-20" event="cdp.result" method="Runtime.evaluate" seconds=0.0 keys=["result"]
2026-10-06T17:01:57.150066+00:00 [ResponsePoll] thread="ResponsePoll" event="cdp.send" method="Runtime.evaluate" timeout=1 params=["awaitPromise", "expression", "generatePreview", "returnByValue", "userGesture"]
2026-10-06T17:01:57.151068+00:00 [ResponsePoll] thread="ResponsePoll" event="cdp.result" method="Runtime.evaluate" seconds=0.0 keys=["result"]
2026-10-06T17:01:57.166065+00:00 [Dummy-20] thread="Dummy-20" event="cdp.send" method="Runtime.evaluate" timeout=2 params=["awaitPromise", "expression", "generatePreview", "returnByValue", "userGesture"]
2026-10-06T17:01:57.166065+00:00 [Dummy-20] thread="Dummy-20" event="cdp.result" method="Runtime.evaluate" seconds=0.0 keys=["result"]
2026-10-06T17:01:57.172066+00:00 [Dummy-20] thread="Dummy-20" event="cdp.send" method="Runtime.evaluate" timeout=3 params=["awaitPromise", "expression", "generatePreview", "returnByValue", "userGesture"]
2026-10-06T17:01:57.173065+00:00 [Dummy-20] thread="Dummy-20" event="cdp.result" method="Runtime.evaluate" seconds=0.0 keys=["result"]
2026-10-06T17:01:57.324068+00:00 [Dummy-20] thread="Dummy-20" event="cdp.send" method="Runtime.evaluate" timeout=2 params=["awaitPromise", "expression", "generatePreview", "returnByValue", "userGesture"]
2026-10-06T17:01:57.325066+00:00 [Dummy-20] thread="Dummy-20" event="cdp.result" method="Runtime.evaluate" seconds=0.0 keys=["result"]
2026-10-06T17:01:57.330064+00:00 [Dummy-20] thread="Dummy-20" event="cdp.send" method="Runtime.evaluate" timeout=3 params=["awaitPromise", "expression", "generatePreview", "returnByValue", "userGesture"]
2026-10-06T17:01:57.331067+00:00 [Dummy-20] thread="Dummy-20" event="cdp.result" method="Runtime.evaluate" seconds=0.0 keys=["result"]
2026-10-06T17:01:57.482065+00:00 [Dummy-20] thread="Dummy-20" event="cdp.send" method="Runtime.evaluate" timeout=2 params=["awaitPromise", "expression", "generatePreview", "returnByValue", "userGesture"]
2026-10-06T17:01:57.483067+00:00 [Dummy-20] thread="Dummy-20" event="cdp.result" method="Runtime.evaluate" seconds=0.0 keys=["result"]
2026-10-06T17:01:57.489065+00:00 [Dummy-20] thread="Dummy-20" event="cdp.send" method="Runtime.evaluate" timeout=3 params=["awaitPromise", "expression", "generatePreview", "returnByValue", "userGesture"]
2026-10-06T17:01:57.490068+00:00 [Dummy-20] thread="Dummy-20" event="cdp.result" method="Runtime.evaluate" seconds=0.0 keys=["result"]
2026-10-06T17:01:57.535065+00:00 [DiagnosticWatchdog] thread="DiagnosticWatchdog" event="gui.heartbeat" age_seconds=1.0
2026-10-06T17:01:57.641064+00:00 [Dummy-20] thread="Dummy-20" event="cdp.send" method="Runtime.evaluate" timeout=2 params=["awaitPromise", "expression", "generatePreview", "returnByValue", "userGesture"]
2026-10-06T17:01:57.642065+00:00 [Dummy-20] thread="Dummy-20" event="cdp.result" method="Runtime.evaluate" seconds=0.0 keys=["result"]
2026-10-06T17:01:57.648065+00:00 [Dummy-20] thread="Dummy-20" event="cdp.send" method="Runtime.evaluate" timeout=3 params=["awaitPromise", "expression", "generatePreview", "returnByValue", "userGesture"]
2026-10-06T17:01:57.649066+00:00 [Dummy-20] thread="Dummy-20" event="cdp.result" method="Runtime.evaluate" seconds=0.0 keys=["result"]
2026-10-06T17:01:57.800064+00:00 [Dummy-20] thread="Dummy-20" event="cdp.send" method="Runtime.evaluate" timeout=2 params=["awaitPromise", "expression", "generatePreview", "returnByValue", "userGesture"]
2026-10-06T17:01:57.801065+00:00 [Dummy-20] thread="Dummy-20" event="cdp.result" method="Runtime.evaluate" seconds=0.0 keys=["result"]
2026-10-06T17:01:57.806065+00:00 [Dummy-20] thread="Dummy-20" event="cdp.send" method="Runtime.evaluate" timeout=3 params=["awaitPromise", "expression", "generatePreview", "returnByValue", "userGesture"]
2026-10-06T17:01:57.807064+00:00 [Dummy-20] thread="Dummy-20" event="cdp.result" method="Runtime.evaluate" seconds=0.0 keys=["result"]
2026-10-06T17:01:57.958064+00:00 [Dummy-20] thread="Dummy-20" event="cdp.send" method="Runtime.evaluate" timeout=2 params=["awaitPromise", "expression", "generatePreview", "returnByValue", "userGesture"]
2026-10-06T17:01:57.959065+00:00 [Dummy-20] thread="Dummy-20" event="cdp.result" method="Runtime.evaluate" seconds=0.0 keys=["result"]
2026-10-06T17:01:57.964066+00:00 [Dummy-20] thread="Dummy-20" event="cdp.send" method="Runtime.evaluate" timeout=3 params=["awaitPromise", "expression", "generatePreview", "returnByValue", "userGesture"]
2026-10-06T17:01:57.965065+00:00 [Dummy-20] thread="Dummy-20" event="cdp.result" method="Runtime.evaluate" seconds=0.0 keys=["result"]
2026-10-06T17:01:58.116178+00:00 [Dummy-20] thread="Dummy-20" event="cdp.send" method="Runtime.evaluate" timeout=2 params=["awaitPromise", "expression", "generatePreview", "returnByValue", "userGesture"]
2026-10-06T17:01:58.117184+00:00 [Dummy-20] thread="Dummy-20" event="cdp.result" method="Runtime.evaluate" seconds=0.0 keys=["result"]
2026-10-06T17:01:58.122188+00:00 [Dummy-20] thread="Dummy-20" event="cdp.send" method="Runtime.evaluate" timeout=3 params=["awaitPromise", "expression", "generatePreview", "returnByValue", "userGesture"]
2026-10-06T17:01:58.123186+00:00 [Dummy-20] thread="Dummy-20" event="cdp.result" method="Runtime.evaluate" seconds=0.0 keys=["result"]
2026-10-06T17:01:58.151188+00:00 [ResponsePoll] thread="ResponsePoll" event="cdp.send" method="Runtime.evaluate" timeout=1 params=["awaitPromise", "expression", "generatePreview", "returnByValue", "userGesture"]
2026-10-06T17:01:58.152188+00:00 [ResponsePoll] thread="ResponsePoll" event="cdp.result" method="Runtime.evaluate" seconds=0.0 keys=["result"]
2026-10-06T17:01:58.274185+00:00 [Dummy-20] thread="Dummy-20" event="cdp.send" method="Runtime.evaluate" timeout=2 params=["awaitPromise", "expression", "generatePreview", "returnByValue", "userGesture"]
2026-10-06T17:01:58.275187+00:00 [Dummy-20] thread="Dummy-20" event="cdp.result" method="Runtime.evaluate" seconds=0.0 keys=["result"]
2026-10-06T17:01:58.281185+00:00 [Dummy-20] thread="Dummy-20" event="cdp.send" method="Runtime.evaluate" timeout=3 params=["awaitPromise", "expression", "generatePreview", "returnByValue", "userGesture"]
2026-10-06T17:01:58.282188+00:00 [Dummy-20] thread="Dummy-20" event="cdp.result" method="Runtime.evaluate" seconds=0.0 keys=["result"]
2026-10-06T17:01:58.353186+00:00 [Thread-35 (_zoom_guard_once)] thread="Thread-35 (_zoom_guard_once)" event="cdp.send" method="Emulation.setLocaleOverride" timeout=4 params=["locale"]
2026-10-06T17:01:58.354185+00:00 [Thread-35 (_zoom_guard_once)] thread="Thread-35 (_zoom_guard_once)" event="cdp.result" method="Emulation.setLocaleOverride" seconds=0.0 keys=[]
2026-10-06T17:01:58.354185+00:00 [Thread-35 (_zoom_guard_once)] thread="Thread-35 (_zoom_guard_once)" event="cdp.send" method="Emulation.setAutoDarkModeOverride" timeout=4 params=["enabled"]
2026-10-06T17:01:58.354185+00:00 [Thread-35 (_zoom_guard_once)] thread="Thread-35 (_zoom_guard_once)" event="cdp.result" method="Emulation.setAutoDarkModeOverride" seconds=0.0 keys=[]
2026-10-06T17:01:58.354185+00:00 [Thread-35 (_zoom_guard_once)] thread="Thread-35 (_zoom_guard_once)" event="cdp.send" method="Emulation.setEmulatedMedia" timeout=4 params=["features"]
2026-10-06T17:01:58.355186+00:00 [Thread-35 (_zoom_guard_once)] thread="Thread-35 (_zoom_guard_once)" event="cdp.result" method="Emulation.setEmulatedMedia" seconds=0.0 keys=[]
2026-10-06T17:01:58.355186+00:00 [Thread-35 (_zoom_guard_once)] thread="Thread-35 (_zoom_guard_once)" event="cdp.send" method="Runtime.evaluate" timeout=3 params=["awaitPromise", "expression", "generatePreview", "returnByValue", "userGesture"]
2026-10-06T17:01:58.355186+00:00 [Thread-35 (_zoom_guard_once)] thread="Thread-35 (_zoom_guard_once)" event="cdp.result" method="Runtime.evaluate" seconds=0.0 keys=["result"]
2026-10-06T17:01:58.368184+00:00 [MainThread] thread="MainThread" event="trace.begin" name="NativeHost.hide_taskbar" args=1 kwargs=0
2026-10-06T17:01:58.433186+00:00 [Dummy-20] thread="Dummy-20" event="cdp.send" method="Runtime.evaluate" timeout=2 params=["awaitPromise", "expression", "generatePreview", "returnByValue", "userGesture"]
2026-10-06T17:01:58.434187+00:00 [Dummy-20] thread="Dummy-20" event="cdp.result" method="Runtime.evaluate" seconds=0.0 keys=["result"]
2026-10-06T17:01:58.440185+00:00 [Dummy-20] thread="Dummy-20" event="cdp.send" method="Runtime.evaluate" timeout=3 params=["awaitPromise", "expression", "generatePreview", "returnByValue", "userGesture"]
2026-10-06T17:01:58.442187+00:00 [Dummy-20] thread="Dummy-20" event="cdp.result" method="Runtime.evaluate" seconds=0.0 keys=["result"]
2026-10-06T17:01:58.463185+00:00 [MainThread] thread="MainThread" event="win32.taskbar_hidden" hwnd=132878 style=true delete_tab=false
2026-10-06T17:01:58.465184+00:00 [MainThread] thread="MainThread" event="trace.end" name="NativeHost.hide_taskbar" seconds=0.094
2026-10-06T17:01:58.593185+00:00 [Dummy-20] thread="Dummy-20" event="cdp.send" method="Runtime.evaluate" timeout=2 params=["awaitPromise", "expression", "generatePreview", "returnByValue", "userGesture"]
2026-10-06T17:01:58.594185+00:00 [Dummy-20] thread="Dummy-20" event="cdp.result" method="Runtime.evaluate" seconds=0.0 keys=["result"]
2026-10-06T17:01:58.599184+00:00 [Dummy-20] thread="Dummy-20" event="cdp.send" method="Runtime.evaluate" timeout=3 params=["awaitPromise", "expression", "generatePreview", "returnByValue", "userGesture"]
2026-10-06T17:01:58.600184+00:00 [Dummy-20] thread="Dummy-20" event="cdp.result" method="Runtime.evaluate" seconds=0.0 keys=["result"]
2026-10-06T17:01:58.751185+00:00 [Dummy-20] thread="Dummy-20" event="cdp.send" method="Runtime.evaluate" timeout=2 params=["awaitPromise", "expression", "generatePreview", "returnByValue", "userGesture"]
2026-10-06T17:01:58.752185+00:00 [Dummy-20] thread="Dummy-20" event="cdp.result" method="Runtime.evaluate" seconds=0.0 keys=["result"]
2026-10-06T17:01:58.760186+00:00 [Dummy-20] thread="Dummy-20" event="cdp.send" method="Runtime.evaluate" timeout=3 params=["awaitPromise", "expression", "generatePreview", "returnByValue", "userGesture"]
2026-10-06T17:01:58.763185+00:00 [Dummy-20] thread="Dummy-20" event="cdp.result" method="Runtime.evaluate" seconds=0.0 keys=["result"]
2026-10-06T17:01:58.914186+00:00 [Dummy-20] thread="Dummy-20" event="cdp.send" method="Runtime.evaluate" timeout=2 params=["awaitPromise", "expression", "generatePreview", "returnByValue", "userGesture"]
2026-10-06T17:01:58.915190+00:00 [Dummy-20] thread="Dummy-20" event="cdp.result" method="Runtime.evaluate" seconds=0.0 keys=["result"]
2026-10-06T17:01:58.923185+00:00 [Dummy-20] thread="Dummy-20" event="cdp.send" method="Runtime.evaluate" timeout=3 params=["awaitPromise", "expression", "generatePreview", "returnByValue", "userGesture"]
2026-10-06T17:01:58.924186+00:00 [Dummy-20] thread="Dummy-20" event="cdp.result" method="Runtime.evaluate" seconds=0.0 keys=["result"]
2026-10-06T17:01:59.076186+00:00 [Dummy-20] thread="Dummy-20" event="cdp.send" method="Runtime.evaluate" timeout=2 params=["awaitPromise", "expression", "generatePreview", "returnByValue", "userGesture"]
2026-10-06T17:01:59.077185+00:00 [Dummy-20] thread="Dummy-20" event="cdp.result" method="Runtime.evaluate" seconds=0.0 keys=["result"]
2026-10-06T17:01:59.083187+00:00 [Dummy-20] thread="Dummy-20" event="cdp.send" method="Runtime.evaluate" timeout=3 params=["awaitPromise", "expression", "generatePreview", "returnByValue", "userGesture"]
2026-10-06T17:01:59.084187+00:00 [Dummy-20] thread="Dummy-20" event="cdp.result" method="Runtime.evaluate" seconds=0.0 keys=["result"]
2026-10-06T17:01:59.152185+00:00 [ResponsePoll] thread="ResponsePoll" event="cdp.send" method="Runtime.evaluate" timeout=1 params=["awaitPromise", "expression", "generatePreview", "returnByValue", "userGesture"]
2026-10-06T17:01:59.153185+00:00 [ResponsePoll] thread="ResponsePoll" event="cdp.result" method="Runtime.evaluate" seconds=0.0 keys=["result"]
2026-10-06T17:01:59.235185+00:00 [Dummy-20] thread="Dummy-20" event="cdp.send" method="Runtime.evaluate" timeout=2 params=["awaitPromise", "expression", "generatePreview", "returnByValue", "userGesture"]
2026-10-06T17:01:59.236185+00:00 [Dummy-20] thread="Dummy-20" event="cdp.result" method="Runtime.evaluate" seconds=0.0 keys=["result"]
2026-10-06T17:01:59.242189+00:00 [Dummy-20] thread="Dummy-20" event="cdp.send" method="Runtime.evaluate" timeout=3 params=["awaitPromise", "expression", "generatePreview", "returnByValue", "userGesture"]
2026-10-06T17:01:59.243185+00:00 [Dummy-20] thread="Dummy-20" event="cdp.result" method="Runtime.evaluate" seconds=0.0 keys=["result"]
2026-10-06T17:01:59.394185+00:00 [Dummy-20] thread="Dummy-20" event="cdp.send" method="Runtime.evaluate" timeout=2 params=["awaitPromise", "expression", "generatePreview", "returnByValue", "userGesture"]
2026-10-06T17:01:59.397185+00:00 [Dummy-20] thread="Dummy-20" event="cdp.result" method="Runtime.evaluate" seconds=0.0 keys=["result"]
2026-10-06T17:01:59.404185+00:00 [Dummy-20] thread="Dummy-20" event="cdp.send" method="Runtime.evaluate" timeout=3 params=["awaitPromise", "expression", "generatePreview", "returnByValue", "userGesture"]
2026-10-06T17:01:59.406187+00:00 [Dummy-20] thread="Dummy-20" event="cdp.result" method="Runtime.evaluate" seconds=0.0 keys=["result"]
2026-10-06T17:01:59.558186+00:00 [Dummy-20] thread="Dummy-20" event="cdp.send" method="Runtime.evaluate" timeout=2 params=["awaitPromise", "expression", "generatePreview", "returnByValue", "userGesture"]
2026-10-06T17:01:59.559186+00:00 [Dummy-20] thread="Dummy-20" event="cdp.result" method="Runtime.evaluate" seconds=0.0 keys=["result"]
2026-10-06T17:01:59.564184+00:00 [Dummy-20] thread="Dummy-20" event="cdp.send" method="Runtime.evaluate" timeout=3 params=["awaitPromise", "expression", "generatePreview", "returnByValue", "userGesture"]
2026-10-06T17:01:59.565185+00:00 [Dummy-20] thread="Dummy-20" event="cdp.result" method="Runtime.evaluate" seconds=0.0 keys=["result"]
2026-10-06T17:01:59.716186+00:00 [Dummy-20] thread="Dummy-20" event="cdp.send" method="Runtime.evaluate" timeout=2 params=["awaitPromise", "expression", "generatePreview", "returnByValue", "userGesture"]
2026-10-06T17:01:59.717184+00:00 [Dummy-20] thread="Dummy-20" event="cdp.result" method="Runtime.evaluate" seconds=0.0 keys=["result"]
2026-10-06T17:01:59.723187+00:00 [Dummy-20] thread="Dummy-20" event="cdp.send" method="Runtime.evaluate" timeout=3 params=["awaitPromise", "expression", "generatePreview", "returnByValue", "userGesture"]
2026-10-06T17:01:59.724189+00:00 [Dummy-20] thread="Dummy-20" event="cdp.result" method="Runtime.evaluate" seconds=0.0 keys=["result"]
2026-10-06T17:01:59.875188+00:00 [Dummy-20] thread="Dummy-20" event="cdp.send" method="Runtime.evaluate" timeout=2 params=["awaitPromise", "expression", "generatePreview", "returnByValue", "userGesture"]
2026-10-06T17:01:59.876186+00:00 [Dummy-20] thread="Dummy-20" event="cdp.result" method="Runtime.evaluate" seconds=0.0 keys=["result"]
2026-10-06T17:01:59.882185+00:00 [Dummy-20] thread="Dummy-20" event="cdp.send" method="Runtime.evaluate" timeout=3 params=["awaitPromise", "expression", "generatePreview", "returnByValue", "userGesture"]
2026-10-06T17:01:59.883187+00:00 [Dummy-20] thread="Dummy-20" event="cdp.result" method="Runtime.evaluate" seconds=0.0 keys=["result"]
2026-10-06T17:02:00.034187+00:00 [Dummy-20] thread="Dummy-20" event="cdp.send" method="Runtime.evaluate" timeout=2 params=["awaitPromise", "expression", "generatePreview", "returnByValue", "userGesture"]
2026-10-06T17:02:00.035186+00:00 [Dummy-20] thread="Dummy-20" event="cdp.result" method="Runtime.evaluate" seconds=0.0 keys=["result"]
2026-10-06T17:02:00.040186+00:00 [Dummy-20] thread="Dummy-20" event="cdp.send" method="Runtime.evaluate" timeout=3 params=["awaitPromise", "expression", "generatePreview", "returnByValue", "userGesture"]
2026-10-06T17:02:00.041187+00:00 [Dummy-20] thread="Dummy-20" event="cdp.result" method="Runtime.evaluate" seconds=0.0 keys=["result"]
2026-10-06T17:02:00.157187+00:00 [ResponsePoll] thread="ResponsePoll" event="cdp.send" method="Runtime.evaluate" timeout=1 params=["awaitPromise", "expression", "generatePreview", "returnByValue", "userGesture"]
2026-10-06T17:02:00.158186+00:00 [ResponsePoll] thread="ResponsePoll" event="cdp.result" method="Runtime.evaluate" seconds=0.0 keys=["result"]
2026-10-06T17:02:00.192184+00:00 [Dummy-20] thread="Dummy-20" event="cdp.send" method="Runtime.evaluate" timeout=2 params=["awaitPromise", "expression", "generatePreview", "returnByValue", "userGesture"]
2026-10-06T17:02:00.193185+00:00 [Dummy-20] thread="Dummy-20" event="cdp.result" method="Runtime.evaluate" seconds=0.0 keys=["result"]
2026-10-06T17:02:00.198184+00:00 [Dummy-20] thread="Dummy-20" event="cdp.send" method="Runtime.evaluate" timeout=3 params=["awaitPromise", "expression", "generatePreview", "returnByValue", "userGesture"]
2026-10-06T17:02:00.199187+00:00 [Dummy-20] thread="Dummy-20" event="cdp.result" method="Runtime.evaluate" seconds=0.0 keys=["result"]
2026-10-06T17:02:00.350187+00:00 [Dummy-20] thread="Dummy-20" event="cdp.send" method="Runtime.evaluate" timeout=2 params=["awaitPromise", "expression", "generatePreview", "returnByValue", "userGesture"]
2026-10-06T17:02:00.351187+00:00 [Dummy-20] thread="Dummy-20" event="cdp.result" method="Runtime.evaluate" seconds=0.016 keys=["result"]
2026-10-06T17:02:00.356185+00:00 [Dummy-20] thread="Dummy-20" event="cdp.send" method="Runtime.evaluate" timeout=3 params=["awaitPromise", "expression", "generatePreview", "returnByValue", "userGesture"]
2026-10-06T17:02:00.358187+00:00 [Dummy-20] thread="Dummy-20" event="cdp.result" method="Runtime.evaluate" seconds=0.0 keys=["result"]
2026-10-06T17:02:00.509189+00:00 [Dummy-20] thread="Dummy-20" event="cdp.send" method="Runtime.evaluate" timeout=2 params=["awaitPromise", "expression", "generatePreview", "returnByValue", "userGesture"]
2026-10-06T17:02:00.510185+00:00 [Dummy-20] thread="Dummy-20" event="cdp.result" method="Runtime.evaluate" seconds=0.0 keys=["result"]
2026-10-06T17:02:00.518190+00:00 [Dummy-20] thread="Dummy-20" event="cdp.send" method="Runtime.evaluate" timeout=3 params=["awaitPromise", "expression", "generatePreview", "returnByValue", "userGesture"]
2026-10-06T17:02:00.520187+00:00 [Dummy-20] thread="Dummy-20" event="cdp.result" method="Runtime.evaluate" seconds=0.0 keys=["result"]
2026-10-06T17:02:00.671190+00:00 [Dummy-20] thread="Dummy-20" event="cdp.send" method="Runtime.evaluate" timeout=2 params=["awaitPromise", "expression", "generatePreview", "returnByValue", "userGesture"]
2026-10-06T17:02:00.672187+00:00 [Dummy-20] thread="Dummy-20" event="cdp.result" method="Runtime.evaluate" seconds=0.0 keys=["result"]
2026-10-06T17:02:00.678187+00:00 [Dummy-20] thread="Dummy-20" event="cdp.send" method="Runtime.evaluate" timeout=3 params=["awaitPromise", "expression", "generatePreview", "returnByValue", "userGesture"]
2026-10-06T17:02:00.680190+00:00 [Dummy-20] thread="Dummy-20" event="cdp.result" method="Runtime.evaluate" seconds=0.016 keys=["result"]
2026-10-06T17:02:00.831188+00:00 [Dummy-20] thread="Dummy-20" event="cdp.send" method="Runtime.evaluate" timeout=2 params=["awaitPromise", "expression", "generatePreview", "returnByValue", "userGesture"]
2026-10-06T17:02:00.832187+00:00 [Dummy-20] thread="Dummy-20" event="cdp.result" method="Runtime.evaluate" seconds=0.0 keys=["result"]
2026-10-06T17:02:00.838187+00:00 [Dummy-20] thread="Dummy-20" event="cdp.send" method="Runtime.evaluate" timeout=3 params=["awaitPromise", "expression", "generatePreview", "returnByValue", "userGesture"]
2026-10-06T17:02:00.839191+00:00 [Dummy-20] thread="Dummy-20" event="cdp.result" method="Runtime.evaluate" seconds=0.0 keys=["result"]
2026-10-06T17:02:00.990187+00:00 [Dummy-20] thread="Dummy-20" event="cdp.send" method="Runtime.evaluate" timeout=2 params=["awaitPromise", "expression", "generatePreview", "returnByValue", "userGesture"]
2026-10-06T17:02:00.991187+00:00 [Dummy-20] thread="Dummy-20" event="cdp.result" method="Runtime.evaluate" seconds=0.015 keys=["result"]
2026-10-06T17:02:00.998191+00:00 [Dummy-20] thread="Dummy-20" event="cdp.send" method="Runtime.evaluate" timeout=3 params=["awaitPromise", "expression", "generatePreview", "returnByValue", "userGesture"]
2026-10-06T17:02:00.999188+00:00 [Dummy-20] thread="Dummy-20" event="cdp.result" method="Runtime.evaluate" seconds=0.0 keys=["result"]
2026-10-06T17:02:01.148187+00:00 [ResponsePoll] thread="ResponsePoll" event="cdp.send" method="Runtime.evaluate" timeout=1 params=["awaitPromise", "expression", "generatePreview", "returnByValue", "userGesture"]
2026-10-06T17:02:01.149191+00:00 [ResponsePoll] thread="ResponsePoll" event="cdp.result" method="Runtime.evaluate" seconds=0.0 keys=["result"]
2026-10-06T17:02:01.150188+00:00 [Dummy-20] thread="Dummy-20" event="cdp.send" method="Runtime.evaluate" timeout=2 params=["awaitPromise", "expression", "generatePreview", "returnByValue", "userGesture"]
2026-10-06T17:02:01.151185+00:00 [Dummy-20] thread="Dummy-20" event="cdp.result" method="Runtime.evaluate" seconds=0.0 keys=["result"]
2026-10-06T17:02:01.157188+00:00 [Dummy-20] thread="Dummy-20" event="cdp.send" method="Runtime.evaluate" timeout=3 params=["awaitPromise", "expression", "generatePreview", "returnByValue", "userGesture"]
2026-10-06T17:02:01.158188+00:00 [Dummy-20] thread="Dummy-20" event="cdp.result" method="Runtime.evaluate" seconds=0.0 keys=["result"]
2026-10-06T17:02:01.309184+00:00 [Dummy-20] thread="Dummy-20" event="cdp.send" method="Runtime.evaluate" timeout=2 params=["awaitPromise", "expression", "generatePreview", "returnByValue", "userGesture"]
2026-10-06T17:02:01.310186+00:00 [Dummy-20] thread="Dummy-20" event="cdp.result" method="Runtime.evaluate" seconds=0.0 keys=["result"]
2026-10-06T17:02:01.316185+00:00 [Dummy-20] thread="Dummy-20" event="cdp.send" method="Runtime.evaluate" timeout=3 params=["awaitPromise", "expression", "generatePreview", "returnByValue", "userGesture"]
2026-10-06T17:02:01.317192+00:00 [Dummy-20] thread="Dummy-20" event="cdp.result" method="Runtime.evaluate" seconds=0.0 keys=["result"]
2026-10-06T17:02:01.468188+00:00 [Dummy-20] thread="Dummy-20" event="cdp.send" method="Runtime.evaluate" timeout=2 params=["awaitPromise", "expression", "generatePreview", "returnByValue", "userGesture"]
2026-10-06T17:02:01.469187+00:00 [Dummy-20] thread="Dummy-20" event="cdp.result" method="Runtime.evaluate" seconds=0.0 keys=["result"]
2026-10-06T17:02:01.475184+00:00 [Dummy-20] thread="Dummy-20" event="cdp.send" method="Runtime.evaluate" timeout=3 params=["awaitPromise", "expression", "generatePreview", "returnByValue", "userGesture"]
2026-10-06T17:02:01.477185+00:00 [Dummy-20] thread="Dummy-20" event="cdp.result" method="Runtime.evaluate" seconds=0.016 keys=["result"]
2026-10-06T17:02:01.523187+00:00 [MainThread] thread="MainThread" event="main.snapshot" visible=true minimized=false geometry=[1985, 365, 453, 735] dpr=1.0 chrome_hwnd=132878 worker_running=false chromium_exit=null overlay_visible=false page_verdict="ai_mode" native_mode=true chat_ready=true cover_visible=false settling=false
2026-10-06T17:02:01.628187+00:00 [Dummy-20] thread="Dummy-20" event="cdp.send" method="Runtime.evaluate" timeout=2 params=["awaitPromise", "expression", "generatePreview", "returnByValue", "userGesture"]
2026-10-06T17:02:01.629185+00:00 [Dummy-20] thread="Dummy-20" event="cdp.result" method="Runtime.evaluate" seconds=0.0 keys=["result"]
2026-10-06T17:02:01.629185+00:00 [Dummy-20] thread="Dummy-20" event="upload.state" present=2 uploading=false probe_ok=true pdf_exists=true template_exists=true attempts_failed=0
2026-10-06T17:02:01.629185+00:00 [Dummy-20] thread="Dummy-20" event="cdp.send" method="Runtime.evaluate" timeout=2 params=["awaitPromise", "expression", "generatePreview", "returnByValue", "userGesture"]
2026-10-06T17:02:01.630188+00:00 [Dummy-20] thread="Dummy-20" event="cdp.result" method="Runtime.evaluate" seconds=0.0 keys=["result"]
2026-10-06T17:02:01.630188+00:00 [Dummy-20] thread="Dummy-20" event="page.probe" category="google" ready="complete" bodyChildren=75 fileInputs=0 editors=2 frames=0 documentFocused=true activeEditable=false activeReadOnly=false activeDisabled=false
2026-10-06T17:02:01.636186+00:00 [Dummy-20] thread="Dummy-20" event="cdp.send" method="Runtime.evaluate" timeout=3 params=["awaitPromise", "expression", "generatePreview", "returnByValue", "userGesture"]
2026-10-06T17:02:01.638189+00:00 [Dummy-20] thread="Dummy-20" event="cdp.result" method="Runtime.evaluate" seconds=0.0 keys=["result"]
2026-10-06T17:02:01.789186+00:00 [Dummy-20] thread="Dummy-20" event="cdp.send" method="Runtime.evaluate" timeout=2 params=["awaitPromise", "expression", "generatePreview", "returnByValue", "userGesture"]
2026-10-06T17:02:01.790187+00:00 [Dummy-20] thread="Dummy-20" event="cdp.result" method="Runtime.evaluate" seconds=0.0 keys=["result"]
2026-10-06T17:02:01.796186+00:00 [Dummy-20] thread="Dummy-20" event="cdp.send" method="Runtime.evaluate" timeout=3 params=["awaitPromise", "expression", "generatePreview", "returnByValue", "userGesture"]
2026-10-06T17:02:01.797185+00:00 [Dummy-20] thread="Dummy-20" event="cdp.result" method="Runtime.evaluate" seconds=0.0 keys=["result"]
2026-10-06T17:02:01.948188+00:00 [Dummy-20] thread="Dummy-20" event="cdp.send" method="Runtime.evaluate" timeout=2 params=["awaitPromise", "expression", "generatePreview", "returnByValue", "userGesture"]
2026-10-06T17:02:01.949190+00:00 [Dummy-20] thread="Dummy-20" event="cdp.result" method="Runtime.evaluate" seconds=0.0 keys=["result"]
2026-10-06T17:02:01.955185+00:00 [Dummy-20] thread="Dummy-20" event="cdp.send" method="Runtime.evaluate" timeout=3 params=["awaitPromise", "expression", "generatePreview", "returnByValue", "userGesture"]
2026-10-06T17:02:01.956187+00:00 [Dummy-20] thread="Dummy-20" event="cdp.result" method="Runtime.evaluate" seconds=0.0 keys=["result"]
2026-10-06T17:02:02.107184+00:00 [Dummy-20] thread="Dummy-20" event="cdp.send" method="Runtime.evaluate" timeout=2 params=["awaitPromise", "expression", "generatePreview", "returnByValue", "userGesture"]
2026-10-06T17:02:02.108187+00:00 [Dummy-20] thread="Dummy-20" event="cdp.result" method="Runtime.evaluate" seconds=0.0 keys=["result"]
2026-10-06T17:02:02.113184+00:00 [Dummy-20] thread="Dummy-20" event="cdp.send" method="Runtime.evaluate" timeout=3 params=["awaitPromise", "expression", "generatePreview", "returnByValue", "userGesture"]
2026-10-06T17:02:02.115189+00:00 [Dummy-20] thread="Dummy-20" event="cdp.result" method="Runtime.evaluate" seconds=0.0 keys=["result"]
2026-10-06T17:02:02.148186+00:00 [ResponsePoll] thread="ResponsePoll" event="cdp.send" method="Runtime.evaluate" timeout=1 params=["awaitPromise", "expression", "generatePreview", "returnByValue", "userGesture"]
2026-10-06T17:02:02.149188+00:00 [ResponsePoll] thread="ResponsePoll" event="cdp.result" method="Runtime.evaluate" seconds=0.0 keys=["result"]
2026-10-06T17:02:02.266187+00:00 [Dummy-20] thread="Dummy-20" event="cdp.send" method="Runtime.evaluate" timeout=2 params=["awaitPromise", "expression", "generatePreview", "returnByValue", "userGesture"]
2026-10-06T17:02:02.267188+00:00 [Dummy-20] thread="Dummy-20" event="cdp.result" method="Runtime.evaluate" seconds=0.0 keys=["result"]
2026-10-06T17:02:02.272186+00:00 [Dummy-20] thread="Dummy-20" event="cdp.send" method="Runtime.evaluate" timeout=3 params=["awaitPromise", "expression", "generatePreview", "returnByValue", "userGesture"]
2026-10-06T17:02:02.274185+00:00 [Dummy-20] thread="Dummy-20" event="cdp.result" method="Runtime.evaluate" seconds=0.015 keys=["result"]
2026-10-06T17:02:02.425186+00:00 [Dummy-20] thread="Dummy-20" event="cdp.send" method="Runtime.evaluate" timeout=2 params=["awaitPromise", "expression", "generatePreview", "returnByValue", "userGesture"]
2026-10-06T17:02:02.426187+00:00 [Dummy-20] thread="Dummy-20" event="cdp.result" method="Runtime.evaluate" seconds=0.0 keys=["result"]
2026-10-06T17:02:02.431186+00:00 [Dummy-20] thread="Dummy-20" event="cdp.send" method="Runtime.evaluate" timeout=3 params=["awaitPromise", "expression", "generatePreview", "returnByValue", "userGesture"]
2026-10-06T17:02:02.433185+00:00 [Dummy-20] thread="Dummy-20" event="cdp.result" method="Runtime.evaluate" seconds=0.0 keys=["result"]
2026-10-06T17:02:02.584184+00:00 [Dummy-20] thread="Dummy-20" event="cdp.send" method="Runtime.evaluate" timeout=2 params=["awaitPromise", "expression", "generatePreview", "returnByValue", "userGesture"]
2026-10-06T17:02:02.585184+00:00 [Dummy-20] thread="Dummy-20" event="cdp.result" method="Runtime.evaluate" seconds=0.016 keys=["result"]
2026-10-06T17:02:02.590187+00:00 [Dummy-20] thread="Dummy-20" event="cdp.send" method="Runtime.evaluate" timeout=3 params=["awaitPromise", "expression", "generatePreview", "returnByValue", "userGesture"]
2026-10-06T17:02:02.591187+00:00 [Dummy-20] thread="Dummy-20" event="cdp.result" method="Runtime.evaluate" seconds=0.0 keys=["result"]
2026-10-06T17:02:02.742185+00:00 [Dummy-20] thread="Dummy-20" event="cdp.send" method="Runtime.evaluate" timeout=2 params=["awaitPromise", "expression", "generatePreview", "returnByValue", "userGesture"]
2026-10-06T17:02:02.743185+00:00 [Dummy-20] thread="Dummy-20" event="cdp.result" method="Runtime.evaluate" seconds=0.0 keys=["result"]
2026-10-06T17:02:02.749187+00:00 [Dummy-20] thread="Dummy-20" event="cdp.send" method="Runtime.evaluate" timeout=3 params=["awaitPromise", "expression", "generatePreview", "returnByValue", "userGesture"]
2026-10-06T17:02:02.751186+00:00 [Dummy-20] thread="Dummy-20" event="cdp.result" method="Runtime.evaluate" seconds=0.0 keys=["result"]
2026-10-06T17:02:02.902185+00:00 [Dummy-20] thread="Dummy-20" event="cdp.send" method="Runtime.evaluate" timeout=2 params=["awaitPromise", "expression", "generatePreview", "returnByValue", "userGesture"]
2026-10-06T17:02:02.903188+00:00 [Dummy-20] thread="Dummy-20" event="cdp.result" method="Runtime.evaluate" seconds=0.0 keys=["result"]
2026-10-06T17:02:02.909185+00:00 [Dummy-20] thread="Dummy-20" event="cdp.send" method="Runtime.evaluate" timeout=3 params=["awaitPromise", "expression", "generatePreview", "returnByValue", "userGesture"]
2026-10-06T17:02:02.910186+00:00 [Dummy-20] thread="Dummy-20" event="cdp.result" method="Runtime.evaluate" seconds=0.0 keys=["result"]
2026-10-06T17:02:03.061185+00:00 [Dummy-20] thread="Dummy-20" event="cdp.send" method="Runtime.evaluate" timeout=2 params=["awaitPromise", "expression", "generatePreview", "returnByValue", "userGesture"]
2026-10-06T17:02:03.062185+00:00 [Dummy-20] thread="Dummy-20" event="cdp.result" method="Runtime.evaluate" seconds=0.0 keys=["result"]
2026-10-06T17:02:03.067184+00:00 [Dummy-20] thread="Dummy-20" event="cdp.send" method="Runtime.evaluate" timeout=3 params=["awaitPromise", "expression", "generatePreview", "returnByValue", "userGesture"]
2026-10-06T17:02:03.068185+00:00 [Dummy-20] thread="Dummy-20" event="cdp.result" method="Runtime.evaluate" seconds=0.0 keys=["result"]
2026-10-06T17:02:03.152217+00:00 [ResponsePoll] thread="ResponsePoll" event="cdp.send" method="Runtime.evaluate" timeout=1 params=["awaitPromise", "expression", "generatePreview", "returnByValue", "userGesture"]
2026-10-06T17:02:03.153185+00:00 [ResponsePoll] thread="ResponsePoll" event="cdp.result" method="Runtime.evaluate" seconds=0.0 keys=["result"]
2026-10-06T17:02:03.219187+00:00 [Dummy-20] thread="Dummy-20" event="cdp.send" method="Runtime.evaluate" timeout=2 params=["awaitPromise", "expression", "generatePreview", "returnByValue", "userGesture"]
2026-10-06T17:02:03.220187+00:00 [Dummy-20] thread="Dummy-20" event="cdp.result" method="Runtime.evaluate" seconds=0.0 keys=["result"]
2026-10-06T17:02:03.225187+00:00 [Dummy-20] thread="Dummy-20" event="cdp.send" method="Runtime.evaluate" timeout=3 params=["awaitPromise", "expression", "generatePreview", "returnByValue", "userGesture"]
2026-10-06T17:02:03.227189+00:00 [Dummy-20] thread="Dummy-20" event="cdp.result" method="Runtime.evaluate" seconds=0.016 keys=["result"]
2026-10-06T17:02:03.358218+00:00 [Thread-36 (_zoom_guard_once)] thread="Thread-36 (_zoom_guard_once)" event="cdp.send" method="Emulation.setLocaleOverride" timeout=4 params=["locale"]
2026-10-06T17:02:03.359223+00:00 [Thread-36 (_zoom_guard_once)] thread="Thread-36 (_zoom_guard_once)" event="cdp.result" method="Emulation.setLocaleOverride" seconds=0.0 keys=[]
2026-10-06T17:02:03.359223+00:00 [Thread-36 (_zoom_guard_once)] thread="Thread-36 (_zoom_guard_once)" event="cdp.send" method="Emulation.setAutoDarkModeOverride" timeout=4 params=["enabled"]
2026-10-06T17:02:03.359223+00:00 [Thread-36 (_zoom_guard_once)] thread="Thread-36 (_zoom_guard_once)" event="cdp.result" method="Emulation.setAutoDarkModeOverride" seconds=0.0 keys=[]
2026-10-06T17:02:03.359223+00:00 [Thread-36 (_zoom_guard_once)] thread="Thread-36 (_zoom_guard_once)" event="cdp.send" method="Emulation.setEmulatedMedia" timeout=4 params=["features"]
2026-10-06T17:02:03.360185+00:00 [Thread-36 (_zoom_guard_once)] thread="Thread-36 (_zoom_guard_once)" event="cdp.result" method="Emulation.setEmulatedMedia" seconds=0.0 keys=[]
2026-10-06T17:02:03.360185+00:00 [Thread-36 (_zoom_guard_once)] thread="Thread-36 (_zoom_guard_once)" event="cdp.send" method="Runtime.evaluate" timeout=3 params=["awaitPromise", "expression", "generatePreview", "returnByValue", "userGesture"]
2026-10-06T17:02:03.361184+00:00 [Thread-36 (_zoom_guard_once)] thread="Thread-36 (_zoom_guard_once)" event="cdp.result" method="Runtime.evaluate" seconds=0.0 keys=["result"]
2026-10-06T17:02:03.374183+00:00 [MainThread] thread="MainThread" event="trace.begin" name="NativeHost.hide_taskbar" args=1 kwargs=0
2026-10-06T17:02:03.378184+00:00 [Dummy-20] thread="Dummy-20" event="cdp.send" method="Runtime.evaluate" timeout=2 params=["awaitPromise", "expression", "generatePreview", "returnByValue", "userGesture"]
2026-10-06T17:02:03.379184+00:00 [Dummy-20] thread="Dummy-20" event="cdp.result" method="Runtime.evaluate" seconds=0.0 keys=["result"]
2026-10-06T17:02:03.385185+00:00 [Dummy-20] thread="Dummy-20" event="cdp.send" method="Runtime.evaluate" timeout=3 params=["awaitPromise", "expression", "generatePreview", "returnByValue", "userGesture"]
2026-10-06T17:02:03.386186+00:00 [Dummy-20] thread="Dummy-20" event="cdp.result" method="Runtime.evaluate" seconds=0.0 keys=["result"]
2026-10-06T17:02:03.454186+00:00 [MainThread] thread="MainThread" event="win32.taskbar_hidden" hwnd=132878 style=true delete_tab=false
2026-10-06T17:02:03.456185+00:00 [MainThread] thread="MainThread" event="trace.end" name="NativeHost.hide_taskbar" seconds=0.078
2026-10-06T17:02:03.537217+00:00 [Dummy-20] thread="Dummy-20" event="cdp.send" method="Runtime.evaluate" timeout=2 params=["awaitPromise", "expression", "generatePreview", "returnByValue", "userGesture"]
2026-10-06T17:02:03.538222+00:00 [Dummy-20] thread="Dummy-20" event="cdp.result" method="Runtime.evaluate" seconds=0.016 keys=["result"]
2026-10-06T17:02:03.543185+00:00 [Dummy-20] thread="Dummy-20" event="cdp.send" method="Runtime.evaluate" timeout=3 params=["awaitPromise", "expression", "generatePreview", "returnByValue", "userGesture"]
2026-10-06T17:02:03.544185+00:00 [Dummy-20] thread="Dummy-20" event="cdp.result" method="Runtime.evaluate" seconds=0.0 keys=["result"]
2026-10-06T17:02:03.695186+00:00 [Dummy-20] thread="Dummy-20" event="cdp.send" method="Runtime.evaluate" timeout=2 params=["awaitPromise", "expression", "generatePreview", "returnByValue", "userGesture"]
2026-10-06T17:02:03.696185+00:00 [Dummy-20] thread="Dummy-20" event="cdp.result" method="Runtime.evaluate" seconds=0.0 keys=["result"]
2026-10-06T17:02:03.701185+00:00 [Dummy-20] thread="Dummy-20" event="cdp.send" method="Runtime.evaluate" timeout=3 params=["awaitPromise", "expression", "generatePreview", "returnByValue", "userGesture"]
2026-10-06T17:02:03.702185+00:00 [Dummy-20] thread="Dummy-20" event="cdp.result" method="Runtime.evaluate" seconds=0.0 keys=["result"]
2026-10-06T17:02:03.853185+00:00 [Dummy-20] thread="Dummy-20" event="cdp.send" method="Runtime.evaluate" timeout=2 params=["awaitPromise", "expression", "generatePreview", "returnByValue", "userGesture"]
2026-10-06T17:02:03.854185+00:00 [Dummy-20] thread="Dummy-20" event="cdp.result" method="Runtime.evaluate" seconds=0.0 keys=["result"]
2026-10-06T17:02:03.859184+00:00 [Dummy-20] thread="Dummy-20" event="cdp.send" method="Runtime.evaluate" timeout=3 params=["awaitPromise", "expression", "generatePreview", "returnByValue", "userGesture"]
2026-10-06T17:02:03.860185+00:00 [Dummy-20] thread="Dummy-20" event="cdp.result" method="Runtime.evaluate" seconds=0.0 keys=["result"]
2026-10-06T17:02:04.011184+00:00 [Dummy-20] thread="Dummy-20" event="cdp.send" method="Runtime.evaluate" timeout=2 params=["awaitPromise", "expression", "generatePreview", "returnByValue", "userGesture"]
2026-10-06T17:02:04.012185+00:00 [Dummy-20] thread="Dummy-20" event="cdp.result" method="Runtime.evaluate" seconds=0.0 keys=["result"]
2026-10-06T17:02:04.017184+00:00 [Dummy-20] thread="Dummy-20" event="cdp.send" method="Runtime.evaluate" timeout=3 params=["awaitPromise", "expression", "generatePreview", "returnByValue", "userGesture"]
2026-10-06T17:02:04.019185+00:00 [Dummy-20] thread="Dummy-20" event="cdp.result" method="Runtime.evaluate" seconds=0.0 keys=["result"]
2026-10-06T17:02:04.149184+00:00 [ResponsePoll] thread="ResponsePoll" event="cdp.send" method="Runtime.evaluate" timeout=1 params=["awaitPromise", "expression", "generatePreview", "returnByValue", "userGesture"]
2026-10-06T17:02:04.159187+00:00 [ResponsePoll] thread="ResponsePoll" event="cdp.result" method="Runtime.evaluate" seconds=0.0 keys=["result"]
2026-10-06T17:02:04.170187+00:00 [Dummy-20] thread="Dummy-20" event="cdp.send" method="Runtime.evaluate" timeout=2 params=["awaitPromise", "expression", "generatePreview", "returnByValue", "userGesture"]
2026-10-06T17:02:04.180188+00:00 [Dummy-20] thread="Dummy-20" event="cdp.result" method="Runtime.evaluate" seconds=0.016 keys=["result"]
2026-10-06T17:02:04.186187+00:00 [Dummy-20] thread="Dummy-20" event="cdp.send" method="Runtime.evaluate" timeout=3 params=["awaitPromise", "expression", "generatePreview", "returnByValue", "userGesture"]
2026-10-06T17:02:04.189185+00:00 [Dummy-20] thread="Dummy-20" event="cdp.result" method="Runtime.evaluate" seconds=0.0 keys=["result"]
2026-10-06T17:02:04.340214+00:00 [Dummy-20] thread="Dummy-20" event="cdp.send" method="Runtime.evaluate" timeout=2 params=["awaitPromise", "expression", "generatePreview", "returnByValue", "userGesture"]
2026-10-06T17:02:04.341232+00:00 [Dummy-20] thread="Dummy-20" event="cdp.result" method="Runtime.evaluate" seconds=0.0 keys=["result"]
2026-10-06T17:02:04.346187+00:00 [Dummy-20] thread="Dummy-20" event="cdp.send" method="Runtime.evaluate" timeout=3 params=["awaitPromise", "expression", "generatePreview", "returnByValue", "userGesture"]
2026-10-06T17:02:04.347185+00:00 [Dummy-20] thread="Dummy-20" event="cdp.result" method="Runtime.evaluate" seconds=0.0 keys=["result"]
2026-10-06T17:02:04.498214+00:00 [Dummy-20] thread="Dummy-20" event="cdp.send" method="Runtime.evaluate" timeout=2 params=["awaitPromise", "expression", "generatePreview", "returnByValue", "userGesture"]
2026-10-06T17:02:04.499235+00:00 [Dummy-20] thread="Dummy-20" event="cdp.result" method="Runtime.evaluate" seconds=0.0 keys=["result"]
2026-10-06T17:02:04.504185+00:00 [Dummy-20] thread="Dummy-20" event="cdp.send" method="Runtime.evaluate" timeout=3 params=["awaitPromise", "expression", "generatePreview", "returnByValue", "userGesture"]
2026-10-06T17:02:04.506184+00:00 [Dummy-20] thread="Dummy-20" event="cdp.result" method="Runtime.evaluate" seconds=0.0 keys=["result"]
2026-10-06T17:02:04.657186+00:00 [Dummy-20] thread="Dummy-20" event="cdp.send" method="Runtime.evaluate" timeout=2 params=["awaitPromise", "expression", "generatePreview", "returnByValue", "userGesture"]
2026-10-06T17:02:04.658186+00:00 [Dummy-20] thread="Dummy-20" event="cdp.result" method="Runtime.evaluate" seconds=0.0 keys=["result"]
2026-10-06T17:02:04.665187+00:00 [Dummy-20] thread="Dummy-20" event="cdp.send" method="Runtime.evaluate" timeout=3 params=["awaitPromise", "expression", "generatePreview", "returnByValue", "userGesture"]
2026-10-06T17:02:04.668185+00:00 [Dummy-20] thread="Dummy-20" event="cdp.result" method="Runtime.evaluate" seconds=0.0 keys=["result"]
2026-10-06T17:02:04.819185+00:00 [Dummy-20] thread="Dummy-20" event="cdp.send" method="Runtime.evaluate" timeout=2 params=["awaitPromise", "expression", "generatePreview", "returnByValue", "userGesture"]
2026-10-06T17:02:04.820186+00:00 [Dummy-20] thread="Dummy-20" event="cdp.result" method="Runtime.evaluate" seconds=0.0 keys=["result"]
2026-10-06T17:02:04.826184+00:00 [Dummy-20] thread="Dummy-20" event="cdp.send" method="Runtime.evaluate" timeout=3 params=["awaitPromise", "expression", "generatePreview", "returnByValue", "userGesture"]
2026-10-06T17:02:04.827185+00:00 [Dummy-20] thread="Dummy-20" event="cdp.result" method="Runtime.evaluate" seconds=0.0 keys=["result"]
2026-10-06T17:02:04.957185+00:00 [MainThread] thread="MainThread" event="focus.handoff" host=329442 browser=132878 target=133106 target_tid=24700 previous=329442 error=0 before={"active": 329442, "focus": 329442, "caret": 0} after={"active": 329442, "focus": 133106, "caret": 0} success=true
2026-10-06T17:02:04.957185+00:00 [MainThread] thread="MainThread" event="focus.detach" success=true error=0 after={"active": 329442, "focus": 133106, "caret": 0}
2026-10-06T17:02:04.978187+00:00 [Dummy-20] thread="Dummy-20" event="cdp.send" method="Runtime.evaluate" timeout=2 params=["awaitPromise", "expression", "generatePreview", "returnByValue", "userGesture"]
2026-10-06T17:02:04.978187+00:00 [Dummy-20] thread="Dummy-20" event="cdp.result" method="Runtime.evaluate" seconds=0.0 keys=["result"]
2026-10-06T17:02:04.984185+00:00 [Dummy-20] thread="Dummy-20" event="cdp.send" method="Runtime.evaluate" timeout=3 params=["awaitPromise", "expression", "generatePreview", "returnByValue", "userGesture"]
2026-10-06T17:02:04.985185+00:00 [Dummy-20] thread="Dummy-20" event="cdp.result" method="Runtime.evaluate" seconds=0.0 keys=["result"]
2026-10-06T17:02:05.136185+00:00 [Dummy-20] thread="Dummy-20" event="cdp.send" method="Runtime.evaluate" timeout=2 params=["awaitPromise", "expression", "generatePreview", "returnByValue", "userGesture"]
2026-10-06T17:02:05.137186+00:00 [Dummy-20] thread="Dummy-20" event="cdp.result" method="Runtime.evaluate" seconds=0.0 keys=["result"]
2026-10-06T17:02:05.142184+00:00 [Dummy-20] thread="Dummy-20" event="cdp.send" method="Runtime.evaluate" timeout=3 params=["awaitPromise", "expression", "generatePreview", "returnByValue", "userGesture"]
2026-10-06T17:02:05.143185+00:00 [Dummy-20] thread="Dummy-20" event="cdp.result" method="Runtime.evaluate" seconds=0.0 keys=["result"]
2026-10-06T17:02:05.160185+00:00 [ResponsePoll] thread="ResponsePoll" event="cdp.send" method="Runtime.evaluate" timeout=1 params=["awaitPromise", "expression", "generatePreview", "returnByValue", "userGesture"]
2026-10-06T17:02:05.161187+00:00 [ResponsePoll] thread="ResponsePoll" event="cdp.result" method="Runtime.evaluate" seconds=0.0 keys=["result"]
2026-10-06T17:02:05.294184+00:00 [Dummy-20] thread="Dummy-20" event="cdp.send" method="Runtime.evaluate" timeout=2 params=["awaitPromise", "expression", "generatePreview", "returnByValue", "userGesture"]
2026-10-06T17:02:05.295184+00:00 [Dummy-20] thread="Dummy-20" event="cdp.result" method="Runtime.evaluate" seconds=0.0 keys=["result"]
2026-10-06T17:02:05.300185+00:00 [Dummy-20] thread="Dummy-20" event="cdp.send" method="Runtime.evaluate" timeout=3 params=["awaitPromise", "expression", "generatePreview", "returnByValue", "userGesture"]
2026-10-06T17:02:05.301186+00:00 [Dummy-20] thread="Dummy-20" event="cdp.result" method="Runtime.evaluate" seconds=0.0 keys=["result"]
2026-10-06T17:02:05.453185+00:00 [Dummy-20] thread="Dummy-20" event="cdp.send" method="Runtime.evaluate" timeout=2 params=["awaitPromise", "expression", "generatePreview", "returnByValue", "userGesture"]
2026-10-06T17:02:05.454185+00:00 [Dummy-20] thread="Dummy-20" event="cdp.result" method="Runtime.evaluate" seconds=0.0 keys=["result"]
2026-10-06T17:02:05.459184+00:00 [Dummy-20] thread="Dummy-20" event="cdp.send" method="Runtime.evaluate" timeout=3 params=["awaitPromise", "expression", "generatePreview", "returnByValue", "userGesture"]
2026-10-06T17:02:05.460185+00:00 [Dummy-20] thread="Dummy-20" event="cdp.result" method="Runtime.evaluate" seconds=0.016 keys=["result"]
2026-10-06T17:02:05.612185+00:00 [Dummy-20] thread="Dummy-20" event="cdp.send" method="Runtime.evaluate" timeout=2 params=["awaitPromise", "expression", "generatePreview", "returnByValue", "userGesture"]
2026-10-06T17:02:05.612185+00:00 [Dummy-20] thread="Dummy-20" event="cdp.result" method="Runtime.evaluate" seconds=0.0 keys=["result"]
2026-10-06T17:02:05.618186+00:00 [Dummy-20] thread="Dummy-20" event="cdp.send" method="Runtime.evaluate" timeout=3 params=["awaitPromise", "expression", "generatePreview", "returnByValue", "userGesture"]
2026-10-06T17:02:05.619185+00:00 [Dummy-20] thread="Dummy-20" event="cdp.result" method="Runtime.evaluate" seconds=0.0 keys=["result"]
2026-10-06T17:02:05.696188+00:00 [MainThread] thread="MainThread" event="focus.already_owned" browser=132878
2026-10-06T17:02:05.770187+00:00 [Dummy-20] thread="Dummy-20" event="cdp.send" method="Runtime.evaluate" timeout=2 params=["awaitPromise", "expression", "generatePreview", "returnByValue", "userGesture"]
2026-10-06T17:02:05.771186+00:00 [Dummy-20] thread="Dummy-20" event="cdp.result" method="Runtime.evaluate" seconds=0.0 keys=["result"]
2026-10-06T17:02:05.778188+00:00 [Dummy-20] thread="Dummy-20" event="cdp.send" method="Runtime.evaluate" timeout=3 params=["awaitPromise", "expression", "generatePreview", "returnByValue", "userGesture"]
2026-10-06T17:02:05.779186+00:00 [Dummy-20] thread="Dummy-20" event="cdp.result" method="Runtime.evaluate" seconds=0.0 keys=["result"]
2026-10-06T17:02:05.931185+00:00 [Dummy-20] thread="Dummy-20" event="cdp.send" method="Runtime.evaluate" timeout=2 params=["awaitPromise", "expression", "generatePreview", "returnByValue", "userGesture"]
2026-10-06T17:02:05.933187+00:00 [Dummy-20] thread="Dummy-20" event="cdp.result" method="Runtime.evaluate" seconds=0.0 keys=["result"]
2026-10-06T17:02:05.939187+00:00 [Dummy-20] thread="Dummy-20" event="cdp.send" method="Runtime.evaluate" timeout=3 params=["awaitPromise", "expression", "generatePreview", "returnByValue", "userGesture"]
2026-10-06T17:02:05.940221+00:00 [Dummy-20] thread="Dummy-20" event="cdp.result" method="Runtime.evaluate" seconds=0.0 keys=["result"]
2026-10-06T17:02:06.091185+00:00 [Dummy-20] thread="Dummy-20" event="cdp.send" method="Runtime.evaluate" timeout=2 params=["awaitPromise", "expression", "generatePreview", "returnByValue", "userGesture"]
2026-10-06T17:02:06.092185+00:00 [Dummy-20] thread="Dummy-20" event="cdp.result" method="Runtime.evaluate" seconds=0.0 keys=["result"]
2026-10-06T17:02:06.097185+00:00 [Dummy-20] thread="Dummy-20" event="cdp.send" method="Runtime.evaluate" timeout=3 params=["awaitPromise", "expression", "generatePreview", "returnByValue", "userGesture"]
2026-10-06T17:02:06.098185+00:00 [Dummy-20] thread="Dummy-20" event="cdp.result" method="Runtime.evaluate" seconds=0.0 keys=["result"]
2026-10-06T17:02:06.148218+00:00 [ResponsePoll] thread="ResponsePoll" event="cdp.send" method="Runtime.evaluate" timeout=1 params=["awaitPromise", "expression", "generatePreview", "returnByValue", "userGesture"]
2026-10-06T17:02:06.149185+00:00 [ResponsePoll] thread="ResponsePoll" event="cdp.result" method="Runtime.evaluate" seconds=0.0 keys=["result"]
2026-10-06T17:02:06.164185+00:00 [MainThread] thread="MainThread" event="trace.begin" name="MainWindow._on_hotkey" args=2 kwargs=0
2026-10-06T17:02:06.164185+00:00 [MainThread] thread="MainThread" event="bt.hotkey.pressed" id=2 visible=true args="{'win_visible': True, 'win_min': False, 'win_geo': [1985, 365, 453, 735], 'dpr': 1.0, 'cover': False, 'settling': False…
2026-10-06T17:02:06.165184+00:00 [Thread-37 (task)] thread="Thread-37 (task)" event="cdp.send" method="Runtime.evaluate" timeout=3 params=["awaitPromise", "expression", "generatePreview", "returnByValue", "userGesture"]
2026-10-06T17:02:06.165184+00:00 [MainThread] thread="MainThread" event="trace.end" name="MainWindow._on_hotkey" seconds=0.0
2026-10-06T17:02:06.174184+00:00 [Thread-37 (task)] thread="Thread-37 (task)" event="cdp.result" method="Runtime.evaluate" seconds=0.0 keys=["result"]
2026-10-06T17:02:06.174184+00:00 [Thread-37 (task)] thread="Thread-37 (task)" event="mic.native_started"
2026-10-06T17:02:06.249186+00:00 [Dummy-20] thread="Dummy-20" event="cdp.send" method="Runtime.evaluate" timeout=2 params=["awaitPromise", "expression", "generatePreview", "returnByValue", "userGesture"]
2026-10-06T17:02:06.250186+00:00 [Dummy-20] thread="Dummy-20" event="cdp.result" method="Runtime.evaluate" seconds=0.0 keys=["result"]
2026-10-06T17:02:06.255186+00:00 [Dummy-20] thread="Dummy-20" event="cdp.send" method="Runtime.evaluate" timeout=3 params=["awaitPromise", "expression", "generatePreview", "returnByValue", "userGesture"]
2026-10-06T17:02:06.257187+00:00 [Dummy-20] thread="Dummy-20" event="cdp.result" method="Runtime.evaluate" seconds=0.016 keys=["result"]
2026-10-06T17:02:06.408186+00:00 [Dummy-20] thread="Dummy-20" event="cdp.send" method="Runtime.evaluate" timeout=2 params=["awaitPromise", "expression", "generatePreview", "returnByValue", "userGesture"]
2026-10-06T17:02:06.409186+00:00 [Dummy-20] thread="Dummy-20" event="cdp.result" method="Runtime.evaluate" seconds=0.0 keys=["result"]
2026-10-06T17:02:06.415192+00:00 [Dummy-20] thread="Dummy-20" event="cdp.send" method="Runtime.evaluate" timeout=3 params=["awaitPromise", "expression", "generatePreview", "returnByValue", "userGesture"]
2026-10-06T17:02:06.416189+00:00 [Dummy-20] thread="Dummy-20" event="cdp.result" method="Runtime.evaluate" seconds=0.0 keys=["result"]
2026-10-06T17:02:06.525187+00:00 [MainThread] thread="MainThread" event="main.snapshot" visible=true minimized=false geometry=[1985, 365, 453, 735] dpr=1.0 chrome_hwnd=132878 worker_running=false chromium_exit=null overlay_visible=false page_verdict="ai_mode" native_mode=true chat_ready=true cover_visible=false settling=false
2026-10-06T17:02:06.567185+00:00 [Dummy-20] thread="Dummy-20" event="cdp.send" method="Runtime.evaluate" timeout=2 params=["awaitPromise", "expression", "generatePreview", "returnByValue", "userGesture"]
2026-10-06T17:02:06.568185+00:00 [Dummy-20] thread="Dummy-20" event="cdp.result" method="Runtime.evaluate" seconds=0.0 keys=["result"]
2026-10-06T17:02:06.576185+00:00 [Dummy-20] thread="Dummy-20" event="cdp.send" method="Runtime.evaluate" timeout=3 params=["awaitPromise", "expression", "generatePreview", "returnByValue", "userGesture"]
2026-10-06T17:02:06.577184+00:00 [Dummy-20] thread="Dummy-20" event="cdp.result" method="Runtime.evaluate" seconds=0.0 keys=["result"]
2026-10-06T17:02:06.729186+00:00 [Dummy-20] thread="Dummy-20" event="cdp.send" method="Runtime.evaluate" timeout=2 params=["awaitPromise", "expression", "generatePreview", "returnByValue", "userGesture"]
2026-10-06T17:02:06.731188+00:00 [Dummy-20] thread="Dummy-20" event="cdp.result" method="Runtime.evaluate" seconds=0.0 keys=["result"]
2026-10-06T17:02:06.731188+00:00 [Dummy-20] thread="Dummy-20" event="upload.state" present=2 uploading=false probe_ok=true pdf_exists=true template_exists=true attempts_failed=0
2026-10-06T17:02:06.731188+00:00 [Dummy-20] thread="Dummy-20" event="cdp.send" method="Runtime.evaluate" timeout=2 params=["awaitPromise", "expression", "generatePreview", "returnByValue", "userGesture"]
2026-10-06T17:02:06.732187+00:00 [Dummy-20] thread="Dummy-20" event="cdp.result" method="Runtime.evaluate" seconds=0.0 keys=["result"]
2026-10-06T17:02:06.732187+00:00 [Dummy-20] thread="Dummy-20" event="page.probe" category="google" ready="complete" bodyChildren=76 fileInputs=0 editors=2 frames=0 documentFocused=true activeEditable=false activeReadOnly=false activeDisabled=false
2026-10-06T17:02:06.739186+00:00 [Dummy-20] thread="Dummy-20" event="cdp.send" method="Runtime.evaluate" timeout=3 params=["awaitPromise", "expression", "generatePreview", "returnByValue", "userGesture"]
2026-10-06T17:02:06.741186+00:00 [Dummy-20] thread="Dummy-20" event="cdp.result" method="Runtime.evaluate" seconds=0.015 keys=["result"]
2026-10-06T17:02:06.874186+00:00 [Thread-38 (task)] thread="Thread-38 (task)" event="cdp.send" method="Runtime.evaluate" timeout=3 params=["awaitPromise", "expression", "generatePreview", "returnByValue", "userGesture"]
2026-10-06T17:02:06.878184+00:00 [Thread-38 (task)] thread="Thread-38 (task)" event="cdp.result" method="Runtime.evaluate" seconds=0.0 keys=["result"]
2026-10-06T17:02:06.878184+00:00 [Thread-38 (task)] thread="Thread-38 (task)" event="mic.native_verify" recording=true
2026-10-06T17:02:06.892217+00:00 [Dummy-20] thread="Dummy-20" event="cdp.send" method="Runtime.evaluate" timeout=2 params=["awaitPromise", "expression", "generatePreview", "returnByValue", "userGesture"]
2026-10-06T17:02:06.915185+00:00 [Dummy-20] thread="Dummy-20" event="cdp.result" method="Runtime.evaluate" seconds=0.031 keys=["result"]
2026-10-06T17:02:06.921185+00:00 [Dummy-20] thread="Dummy-20" event="cdp.send" method="Runtime.evaluate" timeout=3 params=["awaitPromise", "expression", "generatePreview", "returnByValue", "userGesture"]
2026-10-06T17:02:06.922186+00:00 [Dummy-20] thread="Dummy-20" event="cdp.result" method="Runtime.evaluate" seconds=0.0 keys=["result"]
2026-10-06T17:02:07.073185+00:00 [Dummy-20] thread="Dummy-20" event="cdp.send" method="Runtime.evaluate" timeout=2 params=["awaitPromise", "expression", "generatePreview", "returnByValue", "userGesture"]
2026-10-06T17:02:07.074189+00:00 [Dummy-20] thread="Dummy-20" event="cdp.result" method="Runtime.evaluate" seconds=0.0 keys=["result"]
2026-10-06T17:02:07.081187+00:00 [Dummy-20] thread="Dummy-20" event="cdp.send" method="Runtime.evaluate" timeout=3 params=["awaitPromise", "expression", "generatePreview", "returnByValue", "userGesture"]
2026-10-06T17:02:07.085215+00:00 [Dummy-20] thread="Dummy-20" event="cdp.result" method="Runtime.evaluate" seconds=0.016 keys=["result"]
2026-10-06T17:02:07.161185+00:00 [ResponsePoll] thread="ResponsePoll" event="cdp.send" method="Runtime.evaluate" timeout=1 params=["awaitPromise", "expression", "generatePreview", "returnByValue", "userGesture"]
2026-10-06T17:02:07.162186+00:00 [ResponsePoll] thread="ResponsePoll" event="cdp.result" method="Runtime.evaluate" seconds=0.0 keys=["result"]
2026-10-06T17:02:07.236185+00:00 [Dummy-20] thread="Dummy-20" event="cdp.send" method="Runtime.evaluate" timeout=2 params=["awaitPromise", "expression", "generatePreview", "returnByValue", "userGesture"]
2026-10-06T17:02:07.236185+00:00 [Dummy-20] thread="Dummy-20" event="cdp.result" method="Runtime.evaluate" seconds=0.0 keys=["result"]
2026-10-06T17:02:07.243185+00:00 [Dummy-20] thread="Dummy-20" event="cdp.send" method="Runtime.evaluate" timeout=3 params=["awaitPromise", "expression", "generatePreview", "returnByValue", "userGesture"]
2026-10-06T17:02:07.244185+00:00 [Dummy-20] thread="Dummy-20" event="cdp.result" method="Runtime.evaluate" seconds=0.0 keys=["result"]
2026-10-06T17:02:07.396186+00:00 [Dummy-20] thread="Dummy-20" event="cdp.send" method="Runtime.evaluate" timeout=2 params=["awaitPromise", "expression", "generatePreview", "returnByValue", "userGesture"]
2026-10-06T17:02:07.397184+00:00 [Dummy-20] thread="Dummy-20" event="cdp.result" method="Runtime.evaluate" seconds=0.0 keys=["result"]
2026-10-06T17:02:07.402185+00:00 [Dummy-20] thread="Dummy-20" event="cdp.send" method="Runtime.evaluate" timeout=3 params=["awaitPromise", "expression", "generatePreview", "returnByValue", "userGesture"]
2026-10-06T17:02:07.404186+00:00 [Dummy-20] thread="Dummy-20" event="cdp.result" method="Runtime.evaluate" seconds=0.0 keys=["result"]
2026-10-06T17:02:07.535188+00:00 [DiagnosticWatchdog] thread="DiagnosticWatchdog" event="gui.heartbeat" age_seconds=1.0
2026-10-06T17:02:07.555184+00:00 [Dummy-20] thread="Dummy-20" event="cdp.send" method="Runtime.evaluate" timeout=2 params=["awaitPromise", "expression", "generatePreview", "returnByValue", "userGesture"]
2026-10-06T17:02:07.556186+00:00 [Dummy-20] thread="Dummy-20" event="cdp.result" method="Runtime.evaluate" seconds=0.0 keys=["result"]
2026-10-06T17:02:07.562186+00:00 [Dummy-20] thread="Dummy-20" event="cdp.send" method="Runtime.evaluate" timeout=3 params=["awaitPromise", "expression", "generatePreview", "returnByValue", "userGesture"]
2026-10-06T17:02:07.563185+00:00 [Dummy-20] thread="Dummy-20" event="cdp.result" method="Runtime.evaluate" seconds=0.0 keys=["result"]
2026-10-06T17:02:07.714187+00:00 [Dummy-20] thread="Dummy-20" event="cdp.send" method="Runtime.evaluate" timeout=2 params=["awaitPromise", "expression", "generatePreview", "returnByValue", "userGesture"]
2026-10-06T17:02:07.715187+00:00 [Dummy-20] thread="Dummy-20" event="cdp.result" method="Runtime.evaluate" seconds=0.0 keys=["result"]
2026-10-06T17:02:07.722187+00:00 [Dummy-20] thread="Dummy-20" event="cdp.send" method="Runtime.evaluate" timeout=3 params=["awaitPromise", "expression", "generatePreview", "returnByValue", "userGesture"]
2026-10-06T17:02:07.723185+00:00 [Dummy-20] thread="Dummy-20" event="cdp.result" method="Runtime.evaluate" seconds=0.0 keys=["result"]
2026-10-06T17:02:07.874186+00:00 [Dummy-20] thread="Dummy-20" event="cdp.send" method="Runtime.evaluate" timeout=2 params=["awaitPromise", "expression", "generatePreview", "returnByValue", "userGesture"]
2026-10-06T17:02:07.875186+00:00 [Dummy-20] thread="Dummy-20" event="cdp.result" method="Runtime.evaluate" seconds=0.0 keys=["result"]
2026-10-06T17:02:07.882186+00:00 [Dummy-20] thread="Dummy-20" event="cdp.send" method="Runtime.evaluate" timeout=3 params=["awaitPromise", "expression", "generatePreview", "returnByValue", "userGesture"]
2026-10-06T17:02:07.883185+00:00 [Dummy-20] thread="Dummy-20" event="cdp.result" method="Runtime.evaluate" seconds=0.0 keys=["result"]
2026-10-06T17:02:08.034184+00:00 [Dummy-20] thread="Dummy-20" event="cdp.send" method="Runtime.evaluate" timeout=2 params=["awaitPromise", "expression", "generatePreview", "returnByValue", "userGesture"]
2026-10-06T17:02:08.035185+00:00 [Dummy-20] thread="Dummy-20" event="cdp.result" method="Runtime.evaluate" seconds=0.0 keys=["result"]
2026-10-06T17:02:08.040186+00:00 [Dummy-20] thread="Dummy-20" event="cdp.send" method="Runtime.evaluate" timeout=3 params=["awaitPromise", "expression", "generatePreview", "returnByValue", "userGesture"]
2026-10-06T17:02:08.041185+00:00 [Dummy-20] thread="Dummy-20" event="cdp.result" method="Runtime.evaluate" seconds=0.0 keys=["result"]
2026-10-06T17:02:08.155185+00:00 [ResponsePoll] thread="ResponsePoll" event="cdp.send" method="Runtime.evaluate" timeout=1 params=["awaitPromise", "expression", "generatePreview", "returnByValue", "userGesture"]
2026-10-06T17:02:08.156185+00:00 [ResponsePoll] thread="ResponsePoll" event="cdp.result" method="Runtime.evaluate" seconds=0.0 keys=["result"]
2026-10-06T17:02:08.192185+00:00 [Dummy-20] thread="Dummy-20" event="cdp.send" method="Runtime.evaluate" timeout=2 params=["awaitPromise", "expression", "generatePreview", "returnByValue", "userGesture"]
2026-10-06T17:02:08.194186+00:00 [Dummy-20] thread="Dummy-20" event="cdp.result" method="Runtime.evaluate" seconds=0.015 keys=["result"]
2026-10-06T17:02:08.200186+00:00 [Dummy-20] thread="Dummy-20" event="cdp.send" method="Runtime.evaluate" timeout=3 params=["awaitPromise", "expression", "generatePreview", "returnByValue", "userGesture"]
2026-10-06T17:02:08.201185+00:00 [Dummy-20] thread="Dummy-20" event="cdp.result" method="Runtime.evaluate" seconds=0.0 keys=["result"]
2026-10-06T17:02:08.352185+00:00 [Dummy-20] thread="Dummy-20" event="cdp.send" method="Runtime.evaluate" timeout=2 params=["awaitPromise", "expression", "generatePreview", "returnByValue", "userGesture"]
2026-10-06T17:02:08.354185+00:00 [Dummy-20] thread="Dummy-20" event="cdp.result" method="Runtime.evaluate" seconds=0.0 keys=["result"]
2026-10-06T17:02:08.360187+00:00 [Dummy-20] thread="Dummy-20" event="cdp.send" method="Runtime.evaluate" timeout=3 params=["awaitPromise", "expression", "generatePreview", "returnByValue", "userGesture"]
2026-10-06T17:02:08.361187+00:00 [Dummy-20] thread="Dummy-20" event="cdp.result" method="Runtime.evaluate" seconds=0.0 keys=["result"]
2026-10-06T17:02:08.361187+00:00 [Thread-39 (_zoom_guard_once)] thread="Thread-39 (_zoom_guard_once)" event="cdp.send" method="Emulation.setLocaleOverride" timeout=4 params=["locale"]
2026-10-06T17:02:08.362185+00:00 [Thread-39 (_zoom_guard_once)] thread="Thread-39 (_zoom_guard_once)" event="cdp.result" method="Emulation.setLocaleOverride" seconds=0.0 keys=[]
2026-10-06T17:02:08.362185+00:00 [Thread-39 (_zoom_guard_once)] thread="Thread-39 (_zoom_guard_once)" event="cdp.send" method="Emulation.setAutoDarkModeOverride" timeout=4 params=["enabled"]
2026-10-06T17:02:08.362185+00:00 [Thread-39 (_zoom_guard_once)] thread="Thread-39 (_zoom_guard_once)" event="cdp.result" method="Emulation.setAutoDarkModeOverride" seconds=0.0 keys=[]
2026-10-06T17:02:08.362185+00:00 [Thread-39 (_zoom_guard_once)] thread="Thread-39 (_zoom_guard_once)" event="cdp.send" method="Emulation.setEmulatedMedia" timeout=4 params=["features"]
2026-10-06T17:02:08.363185+00:00 [Thread-39 (_zoom_guard_once)] thread="Thread-39 (_zoom_guard_once)" event="cdp.result" method="Emulation.setEmulatedMedia" seconds=0.0 keys=[]
2026-10-06T17:02:08.363185+00:00 [Thread-39 (_zoom_guard_once)] thread="Thread-39 (_zoom_guard_once)" event="cdp.send" method="Runtime.evaluate" timeout=3 params=["awaitPromise", "expression", "generatePreview", "returnByValue", "userGesture"]
2026-10-06T17:02:08.363185+00:00 [Thread-39 (_zoom_guard_once)] thread="Thread-39 (_zoom_guard_once)" event="cdp.result" method="Runtime.evaluate" seconds=0.0 keys=["result"]
2026-10-06T17:02:08.377184+00:00 [MainThread] thread="MainThread" event="trace.begin" name="NativeHost.hide_taskbar" args=1 kwargs=0
2026-10-06T17:02:08.476185+00:00 [MainThread] thread="MainThread" event="win32.taskbar_hidden" hwnd=132878 style=true delete_tab=false
2026-10-06T17:02:08.477185+00:00 [MainThread] thread="MainThread" event="trace.end" name="NativeHost.hide_taskbar" seconds=0.11
2026-10-06T17:02:08.512212+00:00 [Dummy-20] thread="Dummy-20" event="cdp.send" method="Runtime.evaluate" timeout=2 params=["awaitPromise", "expression", "generatePreview", "returnByValue", "userGesture"]
2026-10-06T17:02:08.514217+00:00 [Dummy-20] thread="Dummy-20" event="cdp.result" method="Runtime.evaluate" seconds=0.0 keys=["result"]
2026-10-06T17:02:08.520186+00:00 [Dummy-20] thread="Dummy-20" event="cdp.send" method="Runtime.evaluate" timeout=3 params=["awaitPromise", "expression", "generatePreview", "returnByValue", "userGesture"]
2026-10-06T17:02:08.521184+00:00 [Dummy-20] thread="Dummy-20" event="cdp.result" method="Runtime.evaluate" seconds=0.0 keys=["result"]
2026-10-06T17:02:08.672187+00:00 [Dummy-20] thread="Dummy-20" event="cdp.send" method="Runtime.evaluate" timeout=2 params=["awaitPromise", "expression", "generatePreview", "returnByValue", "userGesture"]
2026-10-06T17:02:08.673187+00:00 [Dummy-20] thread="Dummy-20" event="cdp.result" method="Runtime.evaluate" seconds=0.0 keys=["result"]
2026-10-06T17:02:08.679184+00:00 [Dummy-20] thread="Dummy-20" event="cdp.send" method="Runtime.evaluate" timeout=3 params=["awaitPromise", "expression", "generatePreview", "returnByValue", "userGesture"]
2026-10-06T17:02:08.681217+00:00 [Dummy-20] thread="Dummy-20" event="cdp.result" method="Runtime.evaluate" seconds=0.0 keys=["result"]
2026-10-06T17:02:08.832188+00:00 [Dummy-20] thread="Dummy-20" event="cdp.send" method="Runtime.evaluate" timeout=2 params=["awaitPromise", "expression", "generatePreview", "returnByValue", "userGesture"]
2026-10-06T17:02:08.834186+00:00 [Dummy-20] thread="Dummy-20" event="cdp.result" method="Runtime.evaluate" seconds=0.0 keys=["result"]
2026-10-06T17:02:08.842188+00:00 [Dummy-20] thread="Dummy-20" event="cdp.send" method="Runtime.evaluate" timeout=3 params=["awaitPromise", "expression", "generatePreview", "returnByValue", "userGesture"]
2026-10-06T17:02:08.843189+00:00 [Dummy-20] thread="Dummy-20" event="cdp.result" method="Runtime.evaluate" seconds=0.0 keys=["result"]
2026-10-06T17:02:08.994185+00:00 [Dummy-20] thread="Dummy-20" event="cdp.send" method="Runtime.evaluate" timeout=2 params=["awaitPromise", "expression", "generatePreview", "returnByValue", "userGesture"]
2026-10-06T17:02:08.994185+00:00 [Dummy-20] thread="Dummy-20" event="cdp.result" method="Runtime.evaluate" seconds=0.0 keys=["result"]
2026-10-06T17:02:09.000187+00:00 [Dummy-20] thread="Dummy-20" event="cdp.send" method="Runtime.evaluate" timeout=3 params=["awaitPromise", "expression", "generatePreview", "returnByValue", "userGesture"]
2026-10-06T17:02:09.001185+00:00 [Dummy-20] thread="Dummy-20" event="cdp.result" method="Runtime.evaluate" seconds=0.0 keys=["result"]
2026-10-06T17:02:09.151186+00:00 [ResponsePoll] thread="ResponsePoll" event="cdp.send" method="Runtime.evaluate" timeout=1 params=["awaitPromise", "expression", "generatePreview", "returnByValue", "userGesture"]
2026-10-06T17:02:09.152186+00:00 [ResponsePoll] thread="ResponsePoll" event="cdp.result" method="Runtime.evaluate" seconds=0.0 keys=["result"]
2026-10-06T17:02:09.153187+00:00 [Dummy-20] thread="Dummy-20" event="cdp.send" method="Runtime.evaluate" timeout=2 params=["awaitPromise", "expression", "generatePreview", "returnByValue", "userGesture"]
2026-10-06T17:02:09.153187+00:00 [Dummy-20] thread="Dummy-20" event="cdp.result" method="Runtime.evaluate" seconds=0.0 keys=["result"]
2026-10-06T17:02:09.160186+00:00 [Dummy-20] thread="Dummy-20" event="cdp.send" method="Runtime.evaluate" timeout=3 params=["awaitPromise", "expression", "generatePreview", "returnByValue", "userGesture"]
2026-10-06T17:02:09.161219+00:00 [Dummy-20] thread="Dummy-20" event="cdp.result" method="Runtime.evaluate" seconds=0.0 keys=["result"]
2026-10-06T17:02:09.312187+00:00 [Dummy-20] thread="Dummy-20" event="cdp.send" method="Runtime.evaluate" timeout=2 params=["awaitPromise", "expression", "generatePreview", "returnByValue", "userGesture"]
2026-10-06T17:02:09.312187+00:00 [Dummy-20] thread="Dummy-20" event="cdp.result" method="Runtime.evaluate" seconds=0.0 keys=["result"]
2026-10-06T17:02:09.318511+00:00 [Dummy-20] thread="Dummy-20" event="cdp.send" method="Runtime.evaluate" timeout=3 params=["awaitPromise", "expression", "generatePreview", "returnByValue", "userGesture"]
2026-10-06T17:02:09.322511+00:00 [Dummy-20] thread="Dummy-20" event="cdp.result" method="Runtime.evaluate" seconds=0.015 keys=["result"]
2026-10-06T17:02:09.355511+00:00 [MainThread] thread="MainThread" event="trace.begin" name="MainWindow._on_hotkey" args=2 kwargs=0
2026-10-06T17:02:09.355511+00:00 [MainThread] thread="MainThread" event="bt.hotkey.pressed" id=2 visible=true args="{'win_visible': True, 'win_min': False, 'win_geo': [1985, 365, 453, 735], 'dpr': 1.0, 'cover': False, 'settling': False…
2026-10-06T17:02:09.356510+00:00 [Thread-40 (task)] thread="Thread-40 (task)" event="cdp.send" method="Runtime.evaluate" timeout=3 params=["awaitPromise", "expression", "generatePreview", "returnByValue", "userGesture"]
2026-10-06T17:02:09.356510+00:00 [MainThread] thread="MainThread" event="trace.end" name="MainWindow._on_hotkey" seconds=0.0
2026-10-06T17:02:09.356510+00:00 [Thread-40 (task)] thread="Thread-40 (task)" event="cdp.result" method="Runtime.evaluate" seconds=0.0 keys=["result"]
2026-10-06T17:02:09.356510+00:00 [Thread-41 (task)] thread="Thread-41 (task)" event="cdp.send" method="Runtime.evaluate" timeout=3 params=["awaitPromise", "expression", "generatePreview", "returnByValue", "userGesture"]
2026-10-06T17:02:09.365510+00:00 [Thread-41 (task)] thread="Thread-41 (task)" event="cdp.result" method="Runtime.evaluate" seconds=0.0 keys=["result"]
2026-10-06T17:02:09.365510+00:00 [Thread-41 (task)] thread="Thread-41 (task)" event="cdp.send" method="Input.dispatchMouseEvent" timeout=2 params=["type", "x", "y"]
2026-10-06T17:02:09.367509+00:00 [Thread-41 (task)] thread="Thread-41 (task)" event="cdp.result" method="Input.dispatchMouseEvent" seconds=0.015 keys=[]
2026-10-06T17:02:09.367509+00:00 [Thread-41 (task)] thread="Thread-41 (task)" event="cdp.send" method="Input.dispatchMouseEvent" timeout=2 params=["button", "clickCount", "type", "x", "y"]
2026-10-06T17:02:09.370511+00:00 [Thread-41 (task)] thread="Thread-41 (task)" event="cdp.result" method="Input.dispatchMouseEvent" seconds=0.0 keys=[]
2026-10-06T17:02:09.370511+00:00 [Thread-41 (task)] thread="Thread-41 (task)" event="cdp.send" method="Input.dispatchMouseEvent" timeout=2 params=["button", "clickCount", "type", "x", "y"]
2026-10-06T17:02:09.375510+00:00 [Thread-41 (task)] thread="Thread-41 (task)" event="cdp.result" method="Input.dispatchMouseEvent" seconds=0.0 keys=[]
2026-10-06T17:02:09.473511+00:00 [Dummy-20] thread="Dummy-20" event="cdp.send" method="Runtime.evaluate" timeout=2 params=["awaitPromise", "expression", "generatePreview", "returnByValue", "userGesture"]
2026-10-06T17:02:09.474509+00:00 [Dummy-20] thread="Dummy-20" event="cdp.result" method="Runtime.evaluate" seconds=0.0 keys=["result"]
2026-10-06T17:02:09.479509+00:00 [Dummy-20] thread="Dummy-20" event="cdp.send" method="Runtime.evaluate" timeout=3 params=["awaitPromise", "expression", "generatePreview", "returnByValue", "userGesture"]
2026-10-06T17:02:09.480509+00:00 [Dummy-20] thread="Dummy-20" event="cdp.result" method="Runtime.evaluate" seconds=0.0 keys=["result"]
2026-10-06T17:02:09.631508+00:00 [Dummy-20] thread="Dummy-20" event="cdp.send" method="Runtime.evaluate" timeout=2 params=["awaitPromise", "expression", "generatePreview", "returnByValue", "userGesture"]
2026-10-06T17:02:09.632509+00:00 [Dummy-20] thread="Dummy-20" event="cdp.result" method="Runtime.evaluate" seconds=0.016 keys=["result"]
2026-10-06T17:02:09.637544+00:00 [Dummy-20] thread="Dummy-20" event="cdp.send" method="Runtime.evaluate" timeout=3 params=["awaitPromise", "expression", "generatePreview", "returnByValue", "userGesture"]
2026-10-06T17:02:09.638509+00:00 [Dummy-20] thread="Dummy-20" event="cdp.result" method="Runtime.evaluate" seconds=0.0 keys=["result"]
2026-10-06T17:02:09.789510+00:00 [Dummy-20] thread="Dummy-20" event="cdp.send" method="Runtime.evaluate" timeout=2 params=["awaitPromise", "expression", "generatePreview", "returnByValue", "userGesture"]
2026-10-06T17:02:09.789510+00:00 [Dummy-20] thread="Dummy-20" event="cdp.result" method="Runtime.evaluate" seconds=0.0 keys=["result"]
2026-10-06T17:02:09.795508+00:00 [Dummy-20] thread="Dummy-20" event="cdp.send" method="Runtime.evaluate" timeout=3 params=["awaitPromise", "expression", "generatePreview", "returnByValue", "userGesture"]
2026-10-06T17:02:09.796510+00:00 [Dummy-20] thread="Dummy-20" event="cdp.result" method="Runtime.evaluate" seconds=0.0 keys=["result"]
2026-10-06T17:02:09.947100+00:00 [Dummy-20] thread="Dummy-20" event="cdp.send" method="Runtime.evaluate" timeout=2 params=["awaitPromise", "expression", "generatePreview", "returnByValue", "userGesture"]
2026-10-06T17:02:09.948098+00:00 [Dummy-20] thread="Dummy-20" event="cdp.result" method="Runtime.evaluate" seconds=0.0 keys=["result"]
2026-10-06T17:02:09.953097+00:00 [Dummy-20] thread="Dummy-20" event="cdp.send" method="Runtime.evaluate" timeout=3 params=["awaitPromise", "expression", "generatePreview", "returnByValue", "userGesture"]
2026-10-06T17:02:09.954100+00:00 [Dummy-20] thread="Dummy-20" event="cdp.result" method="Runtime.evaluate" seconds=0.0 keys=["result"]
2026-10-06T17:02:10.105100+00:00 [Dummy-20] thread="Dummy-20" event="cdp.send" method="Runtime.evaluate" timeout=2 params=["awaitPromise", "expression", "generatePreview", "returnByValue", "userGesture"]
2026-10-06T17:02:10.106099+00:00 [Dummy-20] thread="Dummy-20" event="cdp.result" method="Runtime.evaluate" seconds=0.0 keys=["result"]
2026-10-06T17:02:10.106099+00:00 [MainThread] thread="MainThread" event="upload.attachments_confirmed" complete=false
2026-10-06T17:02:10.226098+00:00 [Dummy-20] thread="Dummy-20" event="cdp.send" method="Runtime.evaluate" timeout=2 params=["awaitPromise", "expression", "generatePreview", "returnByValue", "userGesture"]
2026-10-06T17:02:10.229100+00:00 [Dummy-20] thread="Dummy-20" event="cdp.result" method="Runtime.evaluate" seconds=0.0 keys=["result"]
2026-10-06T17:02:10.239099+00:00 [Dummy-20] thread="Dummy-20" event="cdp.send" method="Runtime.evaluate" timeout=10 params=["awaitPromise", "expression", "generatePreview", "returnByValue", "userGesture"]
2026-10-06T17:02:10.369100+00:00 [Dummy-20] thread="Dummy-20" event="cdp.result" method="Runtime.evaluate" seconds=0.14 keys=["result"]
2026-10-06T17:02:10.369100+00:00 [Dummy-20] thread="Dummy-20" event="upload.attempt" kind="pdf" injected=true bytes=1900700 ms=140 empty_rounds=1 fails=0 name="Memphis.pdf"
2026-10-06T17:02:10.374099+00:00 [Dummy-20] thread="Dummy-20" event="cdp.send" method="Runtime.evaluate" timeout=3 params=["awaitPromise", "expression", "generatePreview", "returnByValue", "userGesture"]
2026-10-06T17:02:10.450101+00:00 [Dummy-20] thread="Dummy-20" event="cdp.result" method="Runtime.evaluate" seconds=0.078 keys=["result"]
2026-10-06T17:02:10.752099+00:00 [Dummy-20] thread="Dummy-20" event="cdp.send" method="Runtime.evaluate" timeout=2 params=["awaitPromise", "expression", "generatePreview", "returnByValue", "userGesture"]
2026-10-06T17:02:10.753098+00:00 [Dummy-20] thread="Dummy-20" event="cdp.result" method="Runtime.evaluate" seconds=0.0 keys=["result"]
2026-10-06T17:02:10.753098+00:00 [Dummy-20] thread="Dummy-20" event="cdp.send" method="Runtime.evaluate" timeout=10 params=["awaitPromise", "expression", "generatePreview", "returnByValue", "userGesture"]
2026-10-06T17:02:10.771100+00:00 [Dummy-20] thread="Dummy-20" event="cdp.result" method="Runtime.evaluate" seconds=0.016 keys=["result"]
2026-10-06T17:02:10.771100+00:00 [Dummy-20] thread="Dummy-20" event="upload.attempt" kind="template" injected=true bytes=155 ms=16 empty_rounds=1 fails=0 name="Шаблон.txt"
2026-10-06T17:02:10.772099+00:00 [Dummy-20] thread="Dummy-20" event="cdp.send" method="Runtime.evaluate" timeout=3 params=["awaitPromise", "expression", "generatePreview", "returnByValue", "userGesture"]
2026-10-06T17:02:10.776101+00:00 [Dummy-20] thread="Dummy-20" event="cdp.result" method="Runtime.evaluate" seconds=0.015 keys=["result"]
2026-10-06T17:02:11.378096+00:00 [Dummy-20] thread="Dummy-20" event="cdp.send" method="Runtime.evaluate" timeout=2 params=["awaitPromise", "expression", "generatePreview", "returnByValue", "userGesture"]
2026-10-06T17:02:11.379097+00:00 [Dummy-20] thread="Dummy-20" event="cdp.result" method="Runtime.evaluate" seconds=0.0 keys=["result"]
2026-10-06T17:02:11.379097+00:00 [MainThread] thread="MainThread" event="upload.attachments_confirmed" complete=true
2026-10-06T17:02:11.385097+00:00 [Dummy-20] thread="Dummy-20" event="cdp.send" method="Runtime.evaluate" timeout=3 params=["awaitPromise", "expression", "generatePreview", "returnByValue", "userGesture"]
2026-10-06T17:02:11.386097+00:00 [Dummy-20] thread="Dummy-20" event="cdp.result" method="Runtime.evaluate" seconds=0.0 keys=["result"]
2026-10-06T17:02:11.528097+00:00 [MainThread] thread="MainThread" event="main.snapshot" visible=true minimized=false geometry=[1985, 365, 453, 735] dpr=1.0 chrome_hwnd=132878 worker_running=false chromium_exit=null overlay_visible=false page_verdict="ai_mode" native_mode=true chat_ready=true cover_visible=false settling=false
2026-10-06T17:02:11.537097+00:00 [Dummy-20] thread="Dummy-20" event="cdp.send" method="Runtime.evaluate" timeout=2 params=["awaitPromise", "expression", "generatePreview", "returnByValue", "userGesture"]
2026-10-06T17:02:11.538098+00:00 [Dummy-20] thread="Dummy-20" event="cdp.result" method="Runtime.evaluate" seconds=0.016 keys=["result"]
2026-10-06T17:02:11.543098+00:00 [Dummy-20] thread="Dummy-20" event="cdp.send" method="Runtime.evaluate" timeout=3 params=["awaitPromise", "expression", "generatePreview", "returnByValue", "userGesture"]
2026-10-06T17:02:11.545098+00:00 [Dummy-20] thread="Dummy-20" event="cdp.result" method="Runtime.evaluate" seconds=0.0 keys=["result"]
2026-10-06T17:02:11.696099+00:00 [Dummy-20] thread="Dummy-20" event="cdp.send" method="Runtime.evaluate" timeout=2 params=["awaitPromise", "expression", "generatePreview", "returnByValue", "userGesture"]
2026-10-06T17:02:11.696099+00:00 [Dummy-20] thread="Dummy-20" event="cdp.result" method="Runtime.evaluate" seconds=0.0 keys=["result"]
2026-10-06T17:02:11.702129+00:00 [Dummy-20] thread="Dummy-20" event="cdp.send" method="Runtime.evaluate" timeout=3 params=["awaitPromise", "expression", "generatePreview", "returnByValue", "userGesture"]
2026-10-06T17:02:11.703112+00:00 [Dummy-20] thread="Dummy-20" event="cdp.result" method="Runtime.evaluate" seconds=0.0 keys=["result"]
2026-10-06T17:02:11.857110+00:00 [Dummy-20] thread="Dummy-20" event="cdp.send" method="Runtime.evaluate" timeout=2 params=["awaitPromise", "expression", "generatePreview", "returnByValue", "userGesture"]
2026-10-06T17:02:11.858109+00:00 [Dummy-20] thread="Dummy-20" event="cdp.result" method="Runtime.evaluate" seconds=0.0 keys=["result"]
2026-10-06T17:02:11.858109+00:00 [Dummy-20] thread="Dummy-20" event="upload.state" present=2 uploading=false probe_ok=true pdf_exists=true template_exists=true attempts_failed=0
2026-10-06T17:02:11.859109+00:00 [Dummy-20] thread="Dummy-20" event="cdp.send" method="Runtime.evaluate" timeout=2 params=["awaitPromise", "expression", "generatePreview", "returnByValue", "userGesture"]
2026-10-06T17:02:11.862113+00:00 [Dummy-20] thread="Dummy-20" event="cdp.result" method="Runtime.evaluate" seconds=0.0 keys=["result"]
2026-10-06T17:02:11.862113+00:00 [Dummy-20] thread="Dummy-20" event="page.probe" category="google" ready="complete" bodyChildren=76 fileInputs=0 editors=2 frames=0 documentFocused=true activeEditable=true activeReadOnly=false activeDisabled=false
2026-10-06T17:02:11.868110+00:00 [Dummy-20] thread="Dummy-20" event="cdp.send" method="Runtime.evaluate" timeout=3 params=["awaitPromise", "expression", "generatePreview", "returnByValue", "userGesture"]
2026-10-06T17:02:11.869111+00:00 [Dummy-20] thread="Dummy-20" event="cdp.result" method="Runtime.evaluate" seconds=0.0 keys=["result"]
2026-10-06T17:02:12.020110+00:00 [Dummy-20] thread="Dummy-20" event="cdp.send" method="Runtime.evaluate" timeout=2 params=["awaitPromise", "expression", "generatePreview", "returnByValue", "userGesture"]
2026-10-06T17:02:12.021111+00:00 [Dummy-20] thread="Dummy-20" event="cdp.result" method="Runtime.evaluate" seconds=0.0 keys=["result"]
2026-10-06T17:02:12.027110+00:00 [Dummy-20] thread="Dummy-20" event="cdp.send" method="Runtime.evaluate" timeout=3 params=["awaitPromise", "expression", "generatePreview", "returnByValue", "userGesture"]
2026-10-06T17:02:12.029109+00:00 [Dummy-20] thread="Dummy-20" event="cdp.result" method="Runtime.evaluate" seconds=0.0 keys=["result"]
2026-10-06T17:02:12.151114+00:00 [ResponsePoll] thread="ResponsePoll" event="cdp.send" method="Runtime.evaluate" timeout=1 params=["awaitPromise", "expression", "generatePreview", "returnByValue", "userGesture"]
2026-10-06T17:02:12.152111+00:00 [ResponsePoll] thread="ResponsePoll" event="cdp.result" method="Runtime.evaluate" seconds=0.0 keys=["result"]
2026-10-06T17:02:12.180126+00:00 [Dummy-20] thread="Dummy-20" event="cdp.send" method="Runtime.evaluate" timeout=2 params=["awaitPromise", "expression", "generatePreview", "returnByValue", "userGesture"]
2026-10-06T17:02:12.181121+00:00 [Dummy-20] thread="Dummy-20" event="cdp.result" method="Runtime.evaluate" seconds=0.0 keys=["result"]
2026-10-06T17:02:12.186123+00:00 [Dummy-20] thread="Dummy-20" event="cdp.send" method="Runtime.evaluate" timeout=3 params=["awaitPromise", "expression", "generatePreview", "returnByValue", "userGesture"]
2026-10-06T17:02:12.188121+00:00 [Dummy-20] thread="Dummy-20" event="cdp.result" method="Runtime.evaluate" seconds=0.0 keys=["result"]
2026-10-06T17:02:12.339125+00:00 [Dummy-20] thread="Dummy-20" event="cdp.send" method="Runtime.evaluate" timeout=2 params=["awaitPromise", "expression", "generatePreview", "returnByValue", "userGesture"]
2026-10-06T17:02:12.340122+00:00 [Dummy-20] thread="Dummy-20" event="cdp.result" method="Runtime.evaluate" seconds=0.0 keys=["result"]
2026-10-06T17:02:12.346124+00:00 [Dummy-20] thread="Dummy-20" event="cdp.send" method="Runtime.evaluate" timeout=3 params=["awaitPromise", "expression", "generatePreview", "returnByValue", "userGesture"]
2026-10-06T17:02:12.347156+00:00 [Dummy-20] thread="Dummy-20" event="cdp.result" method="Runtime.evaluate" seconds=0.0 keys=["result"]
2026-10-06T17:02:12.497723+00:00 [Dummy-20] thread="Dummy-20" event="cdp.send" method="Runtime.evaluate" timeout=2 params=["awaitPromise", "expression", "generatePreview", "returnByValue", "userGesture"]
2026-10-06T17:02:12.498719+00:00 [Dummy-20] thread="Dummy-20" event="cdp.result" method="Runtime.evaluate" seconds=0.0 keys=["result"]
2026-10-06T17:02:12.504718+00:00 [Dummy-20] thread="Dummy-20" event="cdp.send" method="Runtime.evaluate" timeout=3 params=["awaitPromise", "expression", "generatePreview", "returnByValue", "userGesture"]
2026-10-06T17:02:12.506719+00:00 [Dummy-20] thread="Dummy-20" event="cdp.result" method="Runtime.evaluate" seconds=0.016 keys=["result"]
2026-10-06T17:02:12.657719+00:00 [Dummy-20] thread="Dummy-20" event="cdp.send" method="Runtime.evaluate" timeout=2 params=["awaitPromise", "expression", "generatePreview", "returnByValue", "userGesture"]
2026-10-06T17:02:12.658720+00:00 [Dummy-20] thread="Dummy-20" event="cdp.result" method="Runtime.evaluate" seconds=0.0 keys=["result"]
2026-10-06T17:02:12.664743+00:00 [Dummy-20] thread="Dummy-20" event="cdp.send" method="Runtime.evaluate" timeout=3 params=["awaitPromise", "expression", "generatePreview", "returnByValue", "userGesture"]
2026-10-06T17:02:12.665719+00:00 [Dummy-20] thread="Dummy-20" event="cdp.result" method="Runtime.evaluate" seconds=0.0 keys=["result"]
2026-10-06T17:02:12.816717+00:00 [Dummy-20] thread="Dummy-20" event="cdp.send" method="Runtime.evaluate" timeout=2 params=["awaitPromise", "expression", "generatePreview", "returnByValue", "userGesture"]
2026-10-06T17:02:12.817719+00:00 [Dummy-20] thread="Dummy-20" event="cdp.result" method="Runtime.evaluate" seconds=0.0 keys=["result"]
2026-10-06T17:02:12.823719+00:00 [Dummy-20] thread="Dummy-20" event="cdp.send" method="Runtime.evaluate" timeout=3 params=["awaitPromise", "expression", "generatePreview", "returnByValue", "userGesture"]
2026-10-06T17:02:12.825721+00:00 [Dummy-20] thread="Dummy-20" event="cdp.result" method="Runtime.evaluate" seconds=0.0 keys=["result"]
2026-10-06T17:02:12.976719+00:00 [Dummy-20] thread="Dummy-20" event="cdp.send" method="Runtime.evaluate" timeout=2 params=["awaitPromise", "expression", "generatePreview", "returnByValue", "userGesture"]
2026-10-06T17:02:12.978090+00:00 [Dummy-20] thread="Dummy-20" event="cdp.result" method="Runtime.evaluate" seconds=0.0 keys=["result"]
2026-10-06T17:02:12.987103+00:00 [Dummy-20] thread="Dummy-20" event="cdp.send" method="Runtime.evaluate" timeout=3 params=["awaitPromise", "expression", "generatePreview", "returnByValue", "userGesture"]
2026-10-06T17:02:12.989071+00:00 [Dummy-20] thread="Dummy-20" event="cdp.result" method="Runtime.evaluate" seconds=0.0 keys=["result"]
2026-10-06T17:02:13.140102+00:00 [Dummy-20] thread="Dummy-20" event="cdp.send" method="Runtime.evaluate" timeout=2 params=["awaitPromise", "expression", "generatePreview", "returnByValue", "userGesture"]
2026-10-06T17:02:13.141071+00:00 [Dummy-20] thread="Dummy-20" event="cdp.result" method="Runtime.evaluate" seconds=0.0 keys=["result"]
2026-10-06T17:02:13.147090+00:00 [Dummy-20] thread="Dummy-20" event="cdp.send" method="Runtime.evaluate" timeout=3 params=["awaitPromise", "expression", "generatePreview", "returnByValue", "userGesture"]
2026-10-06T17:02:13.148071+00:00 [Dummy-20] thread="Dummy-20" event="cdp.result" method="Runtime.evaluate" seconds=0.015 keys=["result"]
2026-10-06T17:02:13.149070+00:00 [ResponsePoll] thread="ResponsePoll" event="cdp.send" method="Runtime.evaluate" timeout=1 params=["awaitPromise", "expression", "generatePreview", "returnByValue", "userGesture"]
2026-10-06T17:02:13.150070+00:00 [ResponsePoll] thread="ResponsePoll" event="cdp.result" method="Runtime.evaluate" seconds=0.0 keys=["result"]
2026-10-06T17:02:13.299071+00:00 [Dummy-20] thread="Dummy-20" event="cdp.send" method="Runtime.evaluate" timeout=2 params=["awaitPromise", "expression", "generatePreview", "returnByValue", "userGesture"]
2026-10-06T17:02:13.300176+00:00 [Dummy-20] thread="Dummy-20" event="cdp.result" method="Runtime.evaluate" seconds=0.0 keys=["result"]
2026-10-06T17:02:13.306184+00:00 [Dummy-20] thread="Dummy-20" event="cdp.send" method="Runtime.evaluate" timeout=3 params=["awaitPromise", "expression", "generatePreview", "returnByValue", "userGesture"]
2026-10-06T17:02:13.307155+00:00 [Dummy-20] thread="Dummy-20" event="cdp.result" method="Runtime.evaluate" seconds=0.0 keys=["result"]
2026-10-06T17:02:13.365155+00:00 [Thread-42 (_zoom_guard_once)] thread="Thread-42 (_zoom_guard_once)" event="cdp.send" method="Emulation.setLocaleOverride" timeout=4 params=["locale"]
2026-10-06T17:02:13.367188+00:00 [Thread-42 (_zoom_guard_once)] thread="Thread-42 (_zoom_guard_once)" event="cdp.result" method="Emulation.setLocaleOverride" seconds=0.015 keys=[]
2026-10-06T17:02:13.367188+00:00 [Thread-42 (_zoom_guard_once)] thread="Thread-42 (_zoom_guard_once)" event="cdp.send" method="Emulation.setAutoDarkModeOverride" timeout=4 params=["enabled"]
2026-10-06T17:02:13.367188+00:00 [Thread-42 (_zoom_guard_once)] thread="Thread-42 (_zoom_guard_once)" event="cdp.result" method="Emulation.setAutoDarkModeOverride" seconds=0.0 keys=[]
2026-10-06T17:02:13.367188+00:00 [Thread-42 (_zoom_guard_once)] thread="Thread-42 (_zoom_guard_once)" event="cdp.send" method="Emulation.setEmulatedMedia" timeout=4 params=["features"]
2026-10-06T17:02:13.368154+00:00 [Thread-42 (_zoom_guard_once)] thread="Thread-42 (_zoom_guard_once)" event="cdp.result" method="Emulation.setEmulatedMedia" seconds=0.0 keys=[]
2026-10-06T17:02:13.368154+00:00 [Thread-42 (_zoom_guard_once)] thread="Thread-42 (_zoom_guard_once)" event="cdp.send" method="Runtime.evaluate" timeout=3 params=["awaitPromise", "expression", "generatePreview", "returnByValue", "userGesture"]
2026-10-06T17:02:13.368154+00:00 [Thread-42 (_zoom_guard_once)] thread="Thread-42 (_zoom_guard_once)" event="cdp.result" method="Runtime.evaluate" seconds=0.0 keys=["result"]
2026-10-06T17:02:13.380154+00:00 [MainThread] thread="MainThread" event="trace.begin" name="NativeHost.hide_taskbar" args=1 kwargs=0
2026-10-06T17:02:13.458188+00:00 [Dummy-20] thread="Dummy-20" event="cdp.send" method="Runtime.evaluate" timeout=2 params=["awaitPromise", "expression", "generatePreview", "returnByValue", "userGesture"]
2026-10-06T17:02:13.459155+00:00 [Dummy-20] thread="Dummy-20" event="cdp.result" method="Runtime.evaluate" seconds=0.0 keys=["result"]
2026-10-06T17:02:13.466153+00:00 [Dummy-20] thread="Dummy-20" event="cdp.send" method="Runtime.evaluate" timeout=3 params=["awaitPromise", "expression", "generatePreview", "returnByValue", "userGesture"]
2026-10-06T17:02:13.467154+00:00 [Dummy-20] thread="Dummy-20" event="cdp.result" method="Runtime.evaluate" seconds=0.0 keys=["result"]
2026-10-06T17:02:13.478154+00:00 [MainThread] thread="MainThread" event="win32.taskbar_hidden" hwnd=132878 style=true delete_tab=false
2026-10-06T17:02:13.480188+00:00 [MainThread] thread="MainThread" event="trace.end" name="NativeHost.hide_taskbar" seconds=0.11
2026-10-06T17:02:13.618155+00:00 [Dummy-20] thread="Dummy-20" event="cdp.send" method="Runtime.evaluate" timeout=2 params=["awaitPromise", "expression", "generatePreview", "returnByValue", "userGesture"]
2026-10-06T17:02:13.619154+00:00 [Dummy-20] thread="Dummy-20" event="cdp.result" method="Runtime.evaluate" seconds=0.0 keys=["result"]
2026-10-06T17:02:13.624155+00:00 [Dummy-20] thread="Dummy-20" event="cdp.send" method="Runtime.evaluate" timeout=3 params=["awaitPromise", "expression", "generatePreview", "returnByValue", "userGesture"]
2026-10-06T17:02:13.625155+00:00 [Dummy-20] thread="Dummy-20" event="cdp.result" method="Runtime.evaluate" seconds=0.0 keys=["result"]
2026-10-06T17:02:13.776157+00:00 [Dummy-20] thread="Dummy-20" event="cdp.send" method="Runtime.evaluate" timeout=2 params=["awaitPromise", "expression", "generatePreview", "returnByValue", "userGesture"]
2026-10-06T17:02:13.777157+00:00 [Dummy-20] thread="Dummy-20" event="cdp.result" method="Runtime.evaluate" seconds=0.0 keys=["result"]
2026-10-06T17:02:13.782155+00:00 [Dummy-20] thread="Dummy-20" event="cdp.send" method="Runtime.evaluate" timeout=3 params=["awaitPromise", "expression", "generatePreview", "returnByValue", "userGesture"]
2026-10-06T17:02:13.783154+00:00 [Dummy-20] thread="Dummy-20" event="cdp.result" method="Runtime.evaluate" seconds=0.0 keys=["result"]
2026-10-06T17:02:13.934155+00:00 [Dummy-20] thread="Dummy-20" event="cdp.send" method="Runtime.evaluate" timeout=2 params=["awaitPromise", "expression", "generatePreview", "returnByValue", "userGesture"]
2026-10-06T17:02:13.938157+00:00 [Dummy-20] thread="Dummy-20" event="cdp.result" method="Runtime.evaluate" seconds=0.0 keys=["result"]
2026-10-06T17:02:13.944188+00:00 [Dummy-20] thread="Dummy-20" event="cdp.send" method="Runtime.evaluate" timeout=3 params=["awaitPromise", "expression", "generatePreview", "returnByValue", "userGesture"]
2026-10-06T17:02:13.946155+00:00 [Dummy-20] thread="Dummy-20" event="cdp.result" method="Runtime.evaluate" seconds=0.0 keys=["result"]
2026-10-06T17:02:14.097191+00:00 [Dummy-20] thread="Dummy-20" event="cdp.send" method="Runtime.evaluate" timeout=2 params=["awaitPromise", "expression", "generatePreview", "returnByValue", "userGesture"]
2026-10-06T17:02:14.098135+00:00 [Dummy-20] thread="Dummy-20" event="cdp.result" method="Runtime.evaluate" seconds=0.0 keys=["result"]
2026-10-06T17:02:14.104119+00:00 [Dummy-20] thread="Dummy-20" event="cdp.send" method="Runtime.evaluate" timeout=3 params=["awaitPromise", "expression", "generatePreview", "returnByValue", "userGesture"]
2026-10-06T17:02:14.105118+00:00 [Dummy-20] thread="Dummy-20" event="cdp.result" method="Runtime.evaluate" seconds=0.0 keys=["result"]
2026-10-06T17:02:14.148152+00:00 [ResponsePoll] thread="ResponsePoll" event="cdp.send" method="Runtime.evaluate" timeout=1 params=["awaitPromise", "expression", "generatePreview", "returnByValue", "userGesture"]
2026-10-06T17:02:14.149117+00:00 [ResponsePoll] thread="ResponsePoll" event="cdp.result" method="Runtime.evaluate" seconds=0.0 keys=["result"]
2026-10-06T17:02:14.256150+00:00 [Dummy-20] thread="Dummy-20" event="cdp.send" method="Runtime.evaluate" timeout=2 params=["awaitPromise", "expression", "generatePreview", "returnByValue", "userGesture"]
2026-10-06T17:02:14.257118+00:00 [Dummy-20] thread="Dummy-20" event="cdp.result" method="Runtime.evaluate" seconds=0.0 keys=["result"]
2026-10-06T17:02:14.262119+00:00 [Dummy-20] thread="Dummy-20" event="cdp.send" method="Runtime.evaluate" timeout=3 params=["awaitPromise", "expression", "generatePreview", "returnByValue", "userGesture"]
2026-10-06T17:02:14.264118+00:00 [Dummy-20] thread="Dummy-20" event="cdp.result" method="Runtime.evaluate" seconds=0.0 keys=["result"]
2026-10-06T17:02:14.415118+00:00 [Dummy-20] thread="Dummy-20" event="cdp.send" method="Runtime.evaluate" timeout=2 params=["awaitPromise", "expression", "generatePreview", "returnByValue", "userGesture"]
2026-10-06T17:02:14.416118+00:00 [Dummy-20] thread="Dummy-20" event="cdp.result" method="Runtime.evaluate" seconds=0.0 keys=["result"]
2026-10-06T17:02:14.421120+00:00 [Dummy-20] thread="Dummy-20" event="cdp.send" method="Runtime.evaluate" timeout=3 params=["awaitPromise", "expression", "generatePreview", "returnByValue", "userGesture"]
2026-10-06T17:02:14.422120+00:00 [Dummy-20] thread="Dummy-20" event="cdp.result" method="Runtime.evaluate" seconds=0.0 keys=["result"]
2026-10-06T17:02:14.573119+00:00 [Dummy-20] thread="Dummy-20" event="cdp.send" method="Runtime.evaluate" timeout=2 params=["awaitPromise", "expression", "generatePreview", "returnByValue", "userGesture"]
2026-10-06T17:02:14.574120+00:00 [Dummy-20] thread="Dummy-20" event="cdp.result" method="Runtime.evaluate" seconds=0.0 keys=["result"]
2026-10-06T17:02:14.579117+00:00 [Dummy-20] thread="Dummy-20" event="cdp.send" method="Runtime.evaluate" timeout=3 params=["awaitPromise", "expression", "generatePreview", "returnByValue", "userGesture"]
2026-10-06T17:02:14.581119+00:00 [Dummy-20] thread="Dummy-20" event="cdp.result" method="Runtime.evaluate" seconds=0.0 keys=["result"]
2026-10-06T17:02:14.732117+00:00 [Dummy-20] thread="Dummy-20" event="cdp.send" method="Runtime.evaluate" timeout=2 params=["awaitPromise", "expression", "generatePreview", "returnByValue", "userGesture"]
2026-10-06T17:02:14.733118+00:00 [Dummy-20] thread="Dummy-20" event="cdp.result" method="Runtime.evaluate" seconds=0.0 keys=["result"]
2026-10-06T17:02:14.739119+00:00 [Dummy-20] thread="Dummy-20" event="cdp.send" method="Runtime.evaluate" timeout=3 params=["awaitPromise", "expression", "generatePreview", "returnByValue", "userGesture"]
2026-10-06T17:02:14.740120+00:00 [Dummy-20] thread="Dummy-20" event="cdp.result" method="Runtime.evaluate" seconds=0.0 keys=["result"]
2026-10-06T17:02:14.891249+00:00 [Dummy-20] thread="Dummy-20" event="cdp.send" method="Runtime.evaluate" timeout=2 params=["awaitPromise", "expression", "generatePreview", "returnByValue", "userGesture"]
2026-10-06T17:02:14.892245+00:00 [Dummy-20] thread="Dummy-20" event="cdp.result" method="Runtime.evaluate" seconds=0.0 keys=["result"]
2026-10-06T17:02:14.897277+00:00 [Dummy-20] thread="Dummy-20" event="cdp.send" method="Runtime.evaluate" timeout=3 params=["awaitPromise", "expression", "generatePreview", "returnByValue", "userGesture"]
2026-10-06T17:02:14.899250+00:00 [Dummy-20] thread="Dummy-20" event="cdp.result" method="Runtime.evaluate" seconds=0.015 keys=["result"]
2026-10-06T17:02:15.049768+00:00 [Dummy-20] thread="Dummy-20" event="cdp.send" method="Runtime.evaluate" timeout=2 params=["awaitPromise", "expression", "generatePreview", "returnByValue", "userGesture"]
2026-10-06T17:02:15.050298+00:00 [Dummy-20] thread="Dummy-20" event="cdp.result" method="Runtime.evaluate" seconds=0.0 keys=["result"]
2026-10-06T17:02:15.056282+00:00 [Dummy-20] thread="Dummy-20" event="cdp.send" method="Runtime.evaluate" timeout=3 params=["awaitPromise", "expression", "generatePreview", "returnByValue", "userGesture"]
2026-10-06T17:02:15.057280+00:00 [Dummy-20] thread="Dummy-20" event="cdp.result" method="Runtime.evaluate" seconds=0.0 keys=["result"]
2026-10-06T17:02:15.155280+00:00 [ResponsePoll] thread="ResponsePoll" event="cdp.send" method="Runtime.evaluate" timeout=1 params=["awaitPromise", "expression", "generatePreview", "returnByValue", "userGesture"]
2026-10-06T17:02:15.156282+00:00 [ResponsePoll] thread="ResponsePoll" event="cdp.result" method="Runtime.evaluate" seconds=0.0 keys=["result"]
2026-10-06T17:02:15.208280+00:00 [Dummy-20] thread="Dummy-20" event="cdp.send" method="Runtime.evaluate" timeout=2 params=["awaitPromise", "expression", "generatePreview", "returnByValue", "userGesture"]
2026-10-06T17:02:15.208280+00:00 [Dummy-20] thread="Dummy-20" event="cdp.result" method="Runtime.evaluate" seconds=0.0 keys=["result"]
2026-10-06T17:02:15.214282+00:00 [Dummy-20] thread="Dummy-20" event="cdp.send" method="Runtime.evaluate" timeout=3 params=["awaitPromise", "expression", "generatePreview", "returnByValue", "userGesture"]
2026-10-06T17:02:15.215281+00:00 [Dummy-20] thread="Dummy-20" event="cdp.result" method="Runtime.evaluate" seconds=0.0 keys=["result"]
2026-10-06T17:02:15.366282+00:00 [Dummy-20] thread="Dummy-20" event="cdp.send" method="Runtime.evaluate" timeout=2 params=["awaitPromise", "expression", "generatePreview", "returnByValue", "userGesture"]
2026-10-06T17:02:15.367282+00:00 [Dummy-20] thread="Dummy-20" event="cdp.result" method="Runtime.evaluate" seconds=0.0 keys=["result"]
2026-10-06T17:02:15.373282+00:00 [Dummy-20] thread="Dummy-20" event="cdp.send" method="Runtime.evaluate" timeout=3 params=["awaitPromise", "expression", "generatePreview", "returnByValue", "userGesture"]
2026-10-06T17:02:15.374281+00:00 [Dummy-20] thread="Dummy-20" event="cdp.result" method="Runtime.evaluate" seconds=0.0 keys=["result"]
2026-10-06T17:02:15.525280+00:00 [Dummy-20] thread="Dummy-20" event="cdp.send" method="Runtime.evaluate" timeout=2 params=["awaitPromise", "expression", "generatePreview", "returnByValue", "userGesture"]
2026-10-06T17:02:15.634280+00:00 [Dummy-20] thread="Dummy-20" event="cdp.result" method="Runtime.evaluate" seconds=0.11 keys=["result"]
2026-10-06T17:02:15.643282+00:00 [Dummy-20] thread="Dummy-20" event="cdp.send" method="Runtime.evaluate" timeout=3 params=["awaitPromise", "expression", "generatePreview", "returnByValue", "userGesture"]
2026-10-06T17:02:15.648282+00:00 [Dummy-20] thread="Dummy-20" event="cdp.result" method="Runtime.evaluate" seconds=0.015 keys=["result"]
2026-10-06T17:02:15.799280+00:00 [Dummy-20] thread="Dummy-20" event="cdp.send" method="Runtime.evaluate" timeout=2 params=["awaitPromise", "expression", "generatePreview", "returnByValue", "userGesture"]
2026-10-06T17:02:15.799280+00:00 [Dummy-20] thread="Dummy-20" event="cdp.result" method="Runtime.evaluate" seconds=0.0 keys=["result"]
2026-10-06T17:02:15.806281+00:00 [Dummy-20] thread="Dummy-20" event="cdp.send" method="Runtime.evaluate" timeout=3 params=["awaitPromise", "expression", "generatePreview", "returnByValue", "userGesture"]
2026-10-06T17:02:15.808281+00:00 [Dummy-20] thread="Dummy-20" event="cdp.result" method="Runtime.evaluate" seconds=0.0 keys=["result"]
2026-10-06T17:02:15.959280+00:00 [Dummy-20] thread="Dummy-20" event="cdp.send" method="Runtime.evaluate" timeout=2 params=["awaitPromise", "expression", "generatePreview", "returnByValue", "userGesture"]
2026-10-06T17:02:15.960281+00:00 [Dummy-20] thread="Dummy-20" event="cdp.result" method="Runtime.evaluate" seconds=0.016 keys=["result"]
2026-10-06T17:02:15.965281+00:00 [Dummy-20] thread="Dummy-20" event="cdp.send" method="Runtime.evaluate" timeout=3 params=["awaitPromise", "expression", "generatePreview", "returnByValue", "userGesture"]
2026-10-06T17:02:15.966281+00:00 [Dummy-20] thread="Dummy-20" event="cdp.result" method="Runtime.evaluate" seconds=0.0 keys=["result"]
2026-10-06T17:02:16.118281+00:00 [Dummy-20] thread="Dummy-20" event="cdp.send" method="Runtime.evaluate" timeout=2 params=["awaitPromise", "expression", "generatePreview", "returnByValue", "userGesture"]
2026-10-06T17:02:16.119280+00:00 [Dummy-20] thread="Dummy-20" event="cdp.result" method="Runtime.evaluate" seconds=0.0 keys=["result"]
2026-10-06T17:02:16.126280+00:00 [Dummy-20] thread="Dummy-20" event="cdp.send" method="Runtime.evaluate" timeout=3 params=["awaitPromise", "expression", "generatePreview", "returnByValue", "userGesture"]
2026-10-06T17:02:16.127281+00:00 [Dummy-20] thread="Dummy-20" event="cdp.result" method="Runtime.evaluate" seconds=0.0 keys=["result"]
2026-10-06T17:02:16.149309+00:00 [ResponsePoll] thread="ResponsePoll" event="cdp.send" method="Runtime.evaluate" timeout=1 params=["awaitPromise", "expression", "generatePreview", "returnByValue", "userGesture"]
2026-10-06T17:02:16.150282+00:00 [ResponsePoll] thread="ResponsePoll" event="cdp.result" method="Runtime.evaluate" seconds=0.0 keys=["result"]
2026-10-06T17:02:16.150282+00:00 [MainThread] thread="MainThread" event="stage.begin" name="DecrementWorker.__init__"
2026-10-06T17:02:16.150282+00:00 [MainThread] thread="MainThread" event="stage.end" name="DecrementWorker.__init__" seconds=0.0
2026-10-06T17:02:16.151281+00:00 [Dummy-43] thread="Dummy-43" event="http.begin" method="post" host="legalyzeai.ru" path="/api/client/queries"
2026-10-06T17:02:16.278825+00:00 [Dummy-20] thread="Dummy-20" event="cdp.send" method="Runtime.evaluate" timeout=2 params=["awaitPromise", "expression", "generatePreview", "returnByValue", "userGesture"]
2026-10-06T17:02:16.279821+00:00 [Dummy-20] thread="Dummy-20" event="cdp.result" method="Runtime.evaluate" seconds=0.0 keys=["result"]
2026-10-06T17:02:16.287822+00:00 [Dummy-20] thread="Dummy-20" event="cdp.send" method="Runtime.evaluate" timeout=3 params=["awaitPromise", "expression", "generatePreview", "returnByValue", "userGesture"]
2026-10-06T17:02:16.288821+00:00 [Dummy-20] thread="Dummy-20" event="cdp.result" method="Runtime.evaluate" seconds=0.016 keys=["result"]
2026-10-06T17:02:16.439822+00:00 [Dummy-20] thread="Dummy-20" event="cdp.send" method="Runtime.evaluate" timeout=2 params=["awaitPromise", "expression", "generatePreview", "returnByValue", "userGesture"]
2026-10-06T17:02:16.439822+00:00 [Dummy-20] thread="Dummy-20" event="cdp.result" method="Runtime.evaluate" seconds=0.0 keys=["result"]
2026-10-06T17:02:16.445824+00:00 [Dummy-20] thread="Dummy-20" event="cdp.send" method="Runtime.evaluate" timeout=3 params=["awaitPromise", "expression", "generatePreview", "returnByValue", "userGesture"]
2026-10-06T17:02:16.446821+00:00 [Dummy-20] thread="Dummy-20" event="cdp.result" method="Runtime.evaluate" seconds=0.0 keys=["result"]
2026-10-06T17:02:16.524821+00:00 [MainThread] thread="MainThread" event="main.snapshot" visible=true minimized=false geometry=[1985, 365, 453, 735] dpr=1.0 chrome_hwnd=132878 worker_running=false chromium_exit=null overlay_visible=false page_verdict="ai_mode" native_mode=true chat_ready=true cover_visible=false settling=false
2026-10-06T17:02:16.587821+00:00 [Dummy-43] thread="Dummy-43" event="http.end" method="post" host="legalyzeai.ru" path="/api/client/queries" status=200 seconds=0.438
2026-10-06T17:02:16.597823+00:00 [Dummy-20] thread="Dummy-20" event="cdp.send" method="Runtime.evaluate" timeout=2 params=["awaitPromise", "expression", "generatePreview", "returnByValue", "userGesture"]
2026-10-06T17:02:16.598804+00:00 [Dummy-20] thread="Dummy-20" event="cdp.result" method="Runtime.evaluate" seconds=0.0 keys=["result"]
2026-10-06T17:02:16.603791+00:00 [Dummy-20] thread="Dummy-20" event="cdp.send" method="Runtime.evaluate" timeout=3 params=["awaitPromise", "expression", "generatePreview", "returnByValue", "userGesture"]
2026-10-06T17:02:16.605788+00:00 [Dummy-20] thread="Dummy-20" event="cdp.result" method="Runtime.evaluate" seconds=0.0 keys=["result"]
2026-10-06T17:02:16.756789+00:00 [Dummy-20] thread="Dummy-20" event="cdp.send" method="Runtime.evaluate" timeout=2 params=["awaitPromise", "expression", "generatePreview", "returnByValue", "userGesture"]
2026-10-06T17:02:16.756789+00:00 [Dummy-20] thread="Dummy-20" event="cdp.result" method="Runtime.evaluate" seconds=0.0 keys=["result"]
2026-10-06T17:02:16.762789+00:00 [Dummy-20] thread="Dummy-20" event="cdp.send" method="Runtime.evaluate" timeout=3 params=["awaitPromise", "expression", "generatePreview", "returnByValue", "userGesture"]
2026-10-06T17:02:16.763788+00:00 [Dummy-20] thread="Dummy-20" event="cdp.result" method="Runtime.evaluate" seconds=0.0 keys=["result"]
2026-10-06T17:02:16.842788+00:00 [MainThread] thread="MainThread" event="focus.handoff" host=329442 browser=132878 target=133106 target_tid=24700 previous=329442 error=0 before={"active": 329442, "focus": 329442, "caret": 0} after={"active": 329442, "focus": 133106, "caret": 0} success=true
2026-10-06T17:02:16.842788+00:00 [MainThread] thread="MainThread" event="focus.detach" success=true error=0 after={"active": 329442, "focus": 133106, "caret": 0}
2026-10-06T17:02:16.914821+00:00 [Dummy-20] thread="Dummy-20" event="cdp.send" method="Runtime.evaluate" timeout=2 params=["awaitPromise", "expression", "generatePreview", "returnByValue", "userGesture"]
2026-10-06T17:02:16.915794+00:00 [Dummy-20] thread="Dummy-20" event="cdp.result" method="Runtime.evaluate" seconds=0.0 keys=["result"]
2026-10-06T17:02:16.915794+00:00 [Dummy-20] thread="Dummy-20" event="upload.state" present=2 uploading=false probe_ok=true pdf_exists=true template_exists=true attempts_failed=0
2026-10-06T17:02:16.915794+00:00 [Dummy-20] thread="Dummy-20" event="cdp.send" method="Runtime.evaluate" timeout=2 params=["awaitPromise", "expression", "generatePreview", "returnByValue", "userGesture"]
2026-10-06T17:02:16.916790+00:00 [Dummy-20] thread="Dummy-20" event="cdp.result" method="Runtime.evaluate" seconds=0.0 keys=["result"]
2026-10-06T17:02:16.916790+00:00 [Dummy-20] thread="Dummy-20" event="page.probe" category="google" ready="complete" bodyChildren=77 fileInputs=0 editors=3 frames=0 documentFocused=true activeEditable=false activeReadOnly=false activeDisabled=false
2026-10-06T17:02:16.922791+00:00 [Dummy-20] thread="Dummy-20" event="cdp.send" method="Runtime.evaluate" timeout=3 params=["awaitPromise", "expression", "generatePreview", "returnByValue", "userGesture"]
2026-10-06T17:02:16.923789+00:00 [Dummy-20] thread="Dummy-20" event="cdp.result" method="Runtime.evaluate" seconds=0.0 keys=["result"]
2026-10-06T17:02:17.074821+00:00 [Dummy-20] thread="Dummy-20" event="cdp.send" method="Runtime.evaluate" timeout=2 params=["awaitPromise", "expression", "generatePreview", "returnByValue", "userGesture"]
2026-10-06T17:02:17.075788+00:00 [Dummy-20] thread="Dummy-20" event="cdp.result" method="Runtime.evaluate" seconds=0.0 keys=["result"]
2026-10-06T17:02:17.083791+00:00 [Dummy-20] thread="Dummy-20" event="cdp.send" method="Runtime.evaluate" timeout=3 params=["awaitPromise", "expression", "generatePreview", "returnByValue", "userGesture"]
2026-10-06T17:02:17.084790+00:00 [Dummy-20] thread="Dummy-20" event="cdp.result" method="Runtime.evaluate" seconds=0.0 keys=["result"]
2026-10-06T17:02:17.153820+00:00 [ResponsePoll] thread="ResponsePoll" event="cdp.send" method="Runtime.evaluate" timeout=1 params=["awaitPromise", "expression", "generatePreview", "returnByValue", "userGesture"]
2026-10-06T17:02:17.154789+00:00 [ResponsePoll] thread="ResponsePoll" event="cdp.result" method="Runtime.evaluate" seconds=0.0 keys=["result"]
2026-10-06T17:02:17.235823+00:00 [Dummy-20] thread="Dummy-20" event="cdp.send" method="Runtime.evaluate" timeout=2 params=["awaitPromise", "expression", "generatePreview", "returnByValue", "userGesture"]
2026-10-06T17:02:17.236790+00:00 [Dummy-20] thread="Dummy-20" event="cdp.result" method="Runtime.evaluate" seconds=0.0 keys=["result"]
2026-10-06T17:02:17.242789+00:00 [Dummy-20] thread="Dummy-20" event="cdp.send" method="Runtime.evaluate" timeout=3 params=["awaitPromise", "expression", "generatePreview", "returnByValue", "userGesture"]
2026-10-06T17:02:17.243788+00:00 [Dummy-20] thread="Dummy-20" event="cdp.result" method="Runtime.evaluate" seconds=0.0 keys=["result"]
2026-10-06T17:02:17.394789+00:00 [Dummy-20] thread="Dummy-20" event="cdp.send" method="Runtime.evaluate" timeout=2 params=["awaitPromise", "expression", "generatePreview", "returnByValue", "userGesture"]
2026-10-06T17:02:17.395793+00:00 [Dummy-20] thread="Dummy-20" event="cdp.result" method="Runtime.evaluate" seconds=0.0 keys=["result"]
2026-10-06T17:02:17.400790+00:00 [Dummy-20] thread="Dummy-20" event="cdp.send" method="Runtime.evaluate" timeout=3 params=["awaitPromise", "expression", "generatePreview", "returnByValue", "userGesture"]
2026-10-06T17:02:17.401790+00:00 [Dummy-20] thread="Dummy-20" event="cdp.result" method="Runtime.evaluate" seconds=0.0 keys=["result"]
2026-10-06T17:02:17.535825+00:00 [DiagnosticWatchdog] thread="DiagnosticWatchdog" event="gui.heartbeat" age_seconds=1.0
2026-10-06T17:02:17.552789+00:00 [Dummy-20] thread="Dummy-20" event="cdp.send" method="Runtime.evaluate" timeout=2 params=["awaitPromise", "expression", "generatePreview", "returnByValue", "userGesture"]
2026-10-06T17:02:17.553789+00:00 [Dummy-20] thread="Dummy-20" event="cdp.result" method="Runtime.evaluate" seconds=0.016 keys=["result"]
2026-10-06T17:02:17.559789+00:00 [Dummy-20] thread="Dummy-20" event="cdp.send" method="Runtime.evaluate" timeout=3 params=["awaitPromise", "expression", "generatePreview", "returnByValue", "userGesture"]
2026-10-06T17:02:17.560790+00:00 [Dummy-20] thread="Dummy-20" event="cdp.result" method="Runtime.evaluate" seconds=0.0 keys=["result"]
2026-10-06T17:02:17.711801+00:00 [Dummy-20] thread="Dummy-20" event="cdp.send" method="Runtime.evaluate" timeout=2 params=["awaitPromise", "expression", "generatePreview", "returnByValue", "userGesture"]
2026-10-06T17:02:17.712798+00:00 [Dummy-20] thread="Dummy-20" event="cdp.result" method="Runtime.evaluate" seconds=0.0 keys=["result"]
2026-10-06T17:02:17.717794+00:00 [Dummy-20] thread="Dummy-20" event="cdp.send" method="Runtime.evaluate" timeout=3 params=["awaitPromise", "expression", "generatePreview", "returnByValue", "userGesture"]
2026-10-06T17:02:17.718795+00:00 [Dummy-20] thread="Dummy-20" event="cdp.result" method="Runtime.evaluate" seconds=0.0 keys=["result"]
2026-10-06T17:02:17.870209+00:00 [Dummy-20] thread="Dummy-20" event="cdp.send" method="Runtime.evaluate" timeout=2 params=["awaitPromise", "expression", "generatePreview", "returnByValue", "userGesture"]
2026-10-06T17:02:17.870738+00:00 [Dummy-20] thread="Dummy-20" event="cdp.result" method="Runtime.evaluate" seconds=0.0 keys=["result"]
2026-10-06T17:02:17.878724+00:00 [Dummy-20] thread="Dummy-20" event="cdp.send" method="Runtime.evaluate" timeout=3 params=["awaitPromise", "expression", "generatePreview", "returnByValue", "userGesture"]
2026-10-06T17:02:17.880726+00:00 [Dummy-20] thread="Dummy-20" event="cdp.result" method="Runtime.evaluate" seconds=0.0 keys=["result"]
2026-10-06T17:02:18.031723+00:00 [Dummy-20] thread="Dummy-20" event="cdp.send" method="Runtime.evaluate" timeout=2 params=["awaitPromise", "expression", "generatePreview", "returnByValue", "userGesture"]
2026-10-06T17:02:18.032726+00:00 [Dummy-20] thread="Dummy-20" event="cdp.result" method="Runtime.evaluate" seconds=0.0 keys=["result"]
2026-10-06T17:02:18.037756+00:00 [Dummy-20] thread="Dummy-20" event="cdp.send" method="Runtime.evaluate" timeout=3 params=["awaitPromise", "expression", "generatePreview", "returnByValue", "userGesture"]
2026-10-06T17:02:18.039731+00:00 [Dummy-20] thread="Dummy-20" event="cdp.result" method="Runtime.evaluate" seconds=0.016 keys=["result"]
2026-10-06T17:02:18.159724+00:00 [ResponsePoll] thread="ResponsePoll" event="cdp.send" method="Runtime.evaluate" timeout=1 params=["awaitPromise", "expression", "generatePreview", "returnByValue", "userGesture"]
2026-10-06T17:02:18.160724+00:00 [ResponsePoll] thread="ResponsePoll" event="cdp.result" method="Runtime.evaluate" seconds=0.0 keys=["result"]
2026-10-06T17:02:18.190723+00:00 [Dummy-20] thread="Dummy-20" event="cdp.send" method="Runtime.evaluate" timeout=2 params=["awaitPromise", "expression", "generatePreview", "returnByValue", "userGesture"]
2026-10-06T17:02:18.191724+00:00 [Dummy-20] thread="Dummy-20" event="cdp.result" method="Runtime.evaluate" seconds=0.0 keys=["result"]
2026-10-06T17:02:18.197724+00:00 [Dummy-20] thread="Dummy-20" event="cdp.send" method="Runtime.evaluate" timeout=3 params=["awaitPromise", "expression", "generatePreview", "returnByValue", "userGesture"]
2026-10-06T17:02:18.198725+00:00 [Dummy-20] thread="Dummy-20" event="cdp.result" method="Runtime.evaluate" seconds=0.0 keys=["result"]
2026-10-06T17:02:18.349723+00:00 [Dummy-20] thread="Dummy-20" event="cdp.send" method="Runtime.evaluate" timeout=2 params=["awaitPromise", "expression", "generatePreview", "returnByValue", "userGesture"]
2026-10-06T17:02:18.350723+00:00 [Dummy-20] thread="Dummy-20" event="cdp.result" method="Runtime.evaluate" seconds=0.016 keys=["result"]
2026-10-06T17:02:18.355723+00:00 [Dummy-20] thread="Dummy-20" event="cdp.send" method="Runtime.evaluate" timeout=3 params=["awaitPromise", "expression", "generatePreview", "returnByValue", "userGesture"]
2026-10-06T17:02:18.357753+00:00 [Dummy-20] thread="Dummy-20" event="cdp.result" method="Runtime.evaluate" seconds=0.0 keys=["result"]
2026-10-06T17:02:18.364756+00:00 [Thread-44 (_zoom_guard_once)] thread="Thread-44 (_zoom_guard_once)" event="cdp.send" method="Emulation.setLocaleOverride" timeout=4 params=["locale"]
2026-10-06T17:02:18.365724+00:00 [Thread-44 (_zoom_guard_once)] thread="Thread-44 (_zoom_guard_once)" event="cdp.result" method="Emulation.setLocaleOverride" seconds=0.0 keys=[]
2026-10-06T17:02:18.365724+00:00 [Thread-44 (_zoom_guard_once)] thread="Thread-44 (_zoom_guard_once)" event="cdp.send" method="Emulation.setAutoDarkModeOverride" timeout=4 params=["enabled"]
2026-10-06T17:02:18.365724+00:00 [Thread-44 (_zoom_guard_once)] thread="Thread-44 (_zoom_guard_once)" event="cdp.result" method="Emulation.setAutoDarkModeOverride" seconds=0.0 keys=[]
2026-10-06T17:02:18.365724+00:00 [Thread-44 (_zoom_guard_once)] thread="Thread-44 (_zoom_guard_once)" event="cdp.send" method="Emulation.setEmulatedMedia" timeout=4 params=["features"]
2026-10-06T17:02:18.365724+00:00 [Thread-44 (_zoom_guard_once)] thread="Thread-44 (_zoom_guard_once)" event="cdp.result" method="Emulation.setEmulatedMedia" seconds=0.0 keys=[]
2026-10-06T17:02:18.365724+00:00 [Thread-44 (_zoom_guard_once)] thread="Thread-44 (_zoom_guard_once)" event="cdp.send" method="Runtime.evaluate" timeout=3 params=["awaitPromise", "expression", "generatePreview", "returnByValue", "userGesture"]
2026-10-06T17:02:18.366723+00:00 [Thread-44 (_zoom_guard_once)] thread="Thread-44 (_zoom_guard_once)" event="cdp.result" method="Runtime.evaluate" seconds=0.015 keys=["result"]
2026-10-06T17:02:18.370724+00:00 [MainThread] thread="MainThread" event="trace.begin" name="NativeHost.hide_taskbar" args=1 kwargs=0
2026-10-06T17:02:18.459727+00:00 [MainThread] thread="MainThread" event="win32.taskbar_hidden" hwnd=132878 style=true delete_tab=false
2026-10-06T17:02:18.461724+00:00 [MainThread] thread="MainThread" event="trace.end" name="NativeHost.hide_taskbar" seconds=0.094
2026-10-06T17:02:18.508724+00:00 [Dummy-20] thread="Dummy-20" event="cdp.send" method="Runtime.evaluate" timeout=2 params=["awaitPromise", "expression", "generatePreview", "returnByValue", "userGesture"]
2026-10-06T17:02:18.509723+00:00 [Dummy-20] thread="Dummy-20" event="cdp.result" method="Runtime.evaluate" seconds=0.0 keys=["result"]
2026-10-06T17:02:18.514723+00:00 [Dummy-20] thread="Dummy-20" event="cdp.send" method="Runtime.evaluate" timeout=3 params=["awaitPromise", "expression", "generatePreview", "returnByValue", "userGesture"]
2026-10-06T17:02:18.515723+00:00 [Dummy-20] thread="Dummy-20" event="cdp.result" method="Runtime.evaluate" seconds=0.0 keys=["result"]
2026-10-06T17:02:18.666722+00:00 [Dummy-20] thread="Dummy-20" event="cdp.send" method="Runtime.evaluate" timeout=2 params=["awaitPromise", "expression", "generatePreview", "returnByValue", "userGesture"]
2026-10-06T17:02:18.667724+00:00 [Dummy-20] thread="Dummy-20" event="cdp.result" method="Runtime.evaluate" seconds=0.0 keys=["result"]
2026-10-06T17:02:18.672723+00:00 [Dummy-20] thread="Dummy-20" event="cdp.send" method="Runtime.evaluate" timeout=3 params=["awaitPromise", "expression", "generatePreview", "returnByValue", "userGesture"]
2026-10-06T17:02:18.674759+00:00 [Dummy-20] thread="Dummy-20" event="cdp.result" method="Runtime.evaluate" seconds=0.0 keys=["result"]
2026-10-06T17:02:18.825722+00:00 [Dummy-20] thread="Dummy-20" event="cdp.send" method="Runtime.evaluate" timeout=2 params=["awaitPromise", "expression", "generatePreview", "returnByValue", "userGesture"]
2026-10-06T17:02:18.825722+00:00 [Dummy-20] thread="Dummy-20" event="cdp.result" method="Runtime.evaluate" seconds=0.0 keys=["result"]
2026-10-06T17:02:18.831723+00:00 [Dummy-20] thread="Dummy-20" event="cdp.send" method="Runtime.evaluate" timeout=3 params=["awaitPromise", "expression", "generatePreview", "returnByValue", "userGesture"]
2026-10-06T17:02:18.832724+00:00 [Dummy-20] thread="Dummy-20" event="cdp.result" method="Runtime.evaluate" seconds=0.0 keys=["result"]
2026-10-06T17:02:18.983723+00:00 [Dummy-20] thread="Dummy-20" event="cdp.send" method="Runtime.evaluate" timeout=2 params=["awaitPromise", "expression", "generatePreview", "returnByValue", "userGesture"]
2026-10-06T17:02:18.984723+00:00 [Dummy-20] thread="Dummy-20" event="cdp.result" method="Runtime.evaluate" seconds=0.0 keys=["result"]
2026-10-06T17:02:18.989723+00:00 [Dummy-20] thread="Dummy-20" event="cdp.send" method="Runtime.evaluate" timeout=3 params=["awaitPromise", "expression", "generatePreview", "returnByValue", "userGesture"]
2026-10-06T17:02:18.990724+00:00 [Dummy-20] thread="Dummy-20" event="cdp.result" method="Runtime.evaluate" seconds=0.0 keys=["result"]
2026-10-06T17:02:19.142738+00:00 [Dummy-20] thread="Dummy-20" event="cdp.send" method="Runtime.evaluate" timeout=2 params=["awaitPromise", "expression", "generatePreview", "returnByValue", "userGesture"]
2026-10-06T17:02:19.143724+00:00 [Dummy-20] thread="Dummy-20" event="cdp.result" method="Runtime.evaluate" seconds=0.0 keys=["result"]
2026-10-06T17:02:19.150724+00:00 [Dummy-20] thread="Dummy-20" event="cdp.send" method="Runtime.evaluate" timeout=3 params=["awaitPromise", "expression", "generatePreview", "returnByValue", "userGesture"]
2026-10-06T17:02:19.152758+00:00 [Dummy-20] thread="Dummy-20" event="cdp.result" method="Runtime.evaluate" seconds=0.0 keys=["result"]
2026-10-06T17:02:19.162756+00:00 [ResponsePoll] thread="ResponsePoll" event="cdp.send" method="Runtime.evaluate" timeout=1 params=["awaitPromise", "expression", "generatePreview", "returnByValue", "userGesture"]
2026-10-06T17:02:19.163723+00:00 [ResponsePoll] thread="ResponsePoll" event="cdp.result" method="Runtime.evaluate" seconds=0.016 keys=["result"]
2026-10-06T17:02:19.214724+00:00 [MainThread] thread="MainThread" event="stage.begin" name="MainWindow._close_app"
2026-10-06T17:02:19.214724+00:00 [MainThread] thread="MainThread" event="stage.begin" name="MainWindow._cleanup"
2026-10-06T17:02:19.303724+00:00 [Dummy-20] thread="Dummy-20" event="cdp.send" method="Runtime.evaluate" timeout=2 params=["awaitPromise", "expression", "generatePreview", "returnByValue", "userGesture"]
2026-10-06T17:02:19.304724+00:00 [Dummy-20] thread="Dummy-20" event="cdp.result" method="Runtime.evaluate" seconds=0.0 keys=["result"]
2026-10-06T17:02:19.310724+00:00 [Dummy-20] thread="Dummy-20" event="cdp.send" method="Runtime.evaluate" timeout=3 params=["awaitPromise", "expression", "generatePreview", "returnByValue", "userGesture"]
2026-10-06T17:02:19.311726+00:00 [Dummy-20] thread="Dummy-20" event="cdp.result" method="Runtime.evaluate" seconds=0.0 keys=["result"]
2026-10-06T17:02:19.316724+00:00 [MainThread] thread="MainThread" event="win32.tree_killed" pids=[1056, 1748, 6968, 8532, 9676, 10952, 10988, 13016, 14912, 15324, 18712, 21784, 23828]
2026-10-06T17:02:19.316724+00:00 [MainThread] thread="MainThread" event="browser.closed" port=32008
2026-10-06T17:02:19.472724+00:00 [MainThread] thread="MainThread" event="selfcheck.summary" checks=6 failed=["admin_free"]
2026-10-06T17:02:19.523724+00:00 [MainThread] thread="MainThread" event="bt.trace.finish" events=651 unknown="{'selfcheck.hotkeys.ok': 1, 'win32.call': 95, 'win32.call.interesting': 36, 'reason.off_target': 1, 'selfcheck.engine.o…
2026-10-06T17:02:20.083725+00:00 [MainThread] thread="MainThread" event="stage.end" name="MainWindow._cleanup" seconds=0.859
2026-10-06T17:02:20.083725+00:00 [MainThread] thread="MainThread" event="stage.begin" name="MainWindow._close_app"
2026-10-06T17:02:20.083725+00:00 [MainThread] thread="MainThread" event="stage.end" name="MainWindow._close_app" seconds=0.0
2026-10-06T17:02:20.087725+00:00 [MainThread] thread="MainThread" event="bt.window.hide" args="{'win_visible': False, 'win_min': False, 'win_geo': [1985, 365, 453, 735], 'dpr': 1.0, 'cover': False, 'settling': Fals…
2026-10-06T17:02:20.087725+00:00 [MainThread] thread="MainThread" event="bt.watch.skip" tag="hide" reason="no-native-window"
2026-10-06T17:02:20.097723+00:00 [MainThread] thread="MainThread" event="qt.lastWindowClosed"
2026-10-06T17:02:20.097723+00:00 [MainThread] thread="MainThread" event="qt.aboutToQuit"
2026-10-06T17:02:20.097723+00:00 [MainThread] thread="MainThread" event="session.qt_exit" reason="close or restart"
2026-10-06T17:02:20.097723+00:00 [MainThread] thread="MainThread" event="stage.end" name="MainWindow._close_app" seconds=0.875
2026-10-06T17:02:20.098723+00:00 [MainThread] thread="MainThread" event="stage.exit" name="main" code=0
2026-10-06T17:02:20.128723+00:00 [MainThread] thread="MainThread" event="session.atexit"
